/*
SQLyog Community v13.1.7 (64 bit)
MySQL - 8.0.21 : Database - flowable_6_62
*********************************************************************
*/

/*!40101 SET NAMES utf8 */;

/*!40101 SET SQL_MODE=''*/;

/*!40014 SET @OLD_UNIQUE_CHECKS=@@UNIQUE_CHECKS, UNIQUE_CHECKS=0 */;
/*!40014 SET @OLD_FOREIGN_KEY_CHECKS=@@FOREIGN_KEY_CHECKS, FOREIGN_KEY_CHECKS=0 */;
/*!40101 SET @OLD_SQL_MODE=@@SQL_MODE, SQL_MODE='NO_AUTO_VALUE_ON_ZERO' */;
/*!40111 SET @OLD_SQL_NOTES=@@SQL_NOTES, SQL_NOTES=0 */;
CREATE DATABASE /*!32312 IF NOT EXISTS*/`flowable_6_62` /*!40100 DEFAULT CHARACTER SET utf8mb4 COLLATE utf8mb4_0900_ai_ci */ /*!80016 DEFAULT ENCRYPTION='N' */;

USE `flowable_6_62`;

/*Table structure for table `ACT_ADM_DATABASECHANGELOG` */

DROP TABLE IF EXISTS `ACT_ADM_DATABASECHANGELOG`;

CREATE TABLE `ACT_ADM_DATABASECHANGELOG` (
  `ID` varchar(255) NOT NULL,
  `AUTHOR` varchar(255) NOT NULL,
  `FILENAME` varchar(255) NOT NULL,
  `DATEEXECUTED` datetime NOT NULL,
  `ORDEREXECUTED` int NOT NULL,
  `EXECTYPE` varchar(10) NOT NULL,
  `MD5SUM` varchar(35) DEFAULT NULL,
  `DESCRIPTION` varchar(255) DEFAULT NULL,
  `COMMENTS` varchar(255) DEFAULT NULL,
  `TAG` varchar(255) DEFAULT NULL,
  `LIQUIBASE` varchar(20) DEFAULT NULL,
  `CONTEXTS` varchar(255) DEFAULT NULL,
  `LABELS` varchar(255) DEFAULT NULL,
  `DEPLOYMENT_ID` varchar(10) DEFAULT NULL
) ENGINE=InnoDB DEFAULT CHARSET=utf8mb4 COLLATE=utf8mb4_0900_ai_ci;

/*Data for the table `ACT_ADM_DATABASECHANGELOG` */

insert  into `ACT_ADM_DATABASECHANGELOG`(`ID`,`AUTHOR`,`FILENAME`,`DATEEXECUTED`,`ORDEREXECUTED`,`EXECTYPE`,`MD5SUM`,`DESCRIPTION`,`COMMENTS`,`TAG`,`LIQUIBASE`,`CONTEXTS`,`LABELS`,`DEPLOYMENT_ID`) values 
('1','flowable','META-INF/liquibase/flowable-admin-app-db-changelog.xml','2020-11-20 09:29:38',1,'EXECUTED','8:655e3bb142f7d051dfc2d641ee0eeebd','createTable tableName=ACT_ADM_SERVER_CONFIG','',NULL,'3.10.3',NULL,NULL,'5835779685');

/*Table structure for table `ACT_ADM_DATABASECHANGELOGLOCK` */

DROP TABLE IF EXISTS `ACT_ADM_DATABASECHANGELOGLOCK`;

CREATE TABLE `ACT_ADM_DATABASECHANGELOGLOCK` (
  `ID` int NOT NULL,
  `LOCKED` bit(1) NOT NULL,
  `LOCKGRANTED` datetime DEFAULT NULL,
  `LOCKEDBY` varchar(255) DEFAULT NULL,
  PRIMARY KEY (`ID`)
) ENGINE=InnoDB DEFAULT CHARSET=utf8mb4 COLLATE=utf8mb4_0900_ai_ci;

/*Data for the table `ACT_ADM_DATABASECHANGELOGLOCK` */

insert  into `ACT_ADM_DATABASECHANGELOGLOCK`(`ID`,`LOCKED`,`LOCKGRANTED`,`LOCKEDBY`) values 
(1,'\0',NULL,NULL);

/*Table structure for table `ACT_ADM_SERVER_CONFIG` */

DROP TABLE IF EXISTS `ACT_ADM_SERVER_CONFIG`;

CREATE TABLE `ACT_ADM_SERVER_CONFIG` (
  `ID_` varchar(255) NOT NULL,
  `NAME_` varchar(50) DEFAULT NULL,
  `DESCRIPTION_` varchar(255) DEFAULT NULL,
  `SERVER_ADDRESS_` varchar(100) DEFAULT NULL,
  `PORT_` int DEFAULT NULL,
  `CONTEXT_ROOT_` varchar(100) DEFAULT NULL,
  `REST_ROOT_` varchar(100) DEFAULT NULL,
  `USER_NAME_` varchar(100) DEFAULT NULL,
  `PASSWORD_` varchar(100) DEFAULT NULL,
  `ENDPOINT_TYPE_` int DEFAULT NULL,
  `TENANT_ID_` varchar(50) DEFAULT NULL,
  PRIMARY KEY (`ID_`)
) ENGINE=InnoDB DEFAULT CHARSET=utf8mb4 COLLATE=utf8mb4_0900_ai_ci;

/*Data for the table `ACT_ADM_SERVER_CONFIG` */

insert  into `ACT_ADM_SERVER_CONFIG`(`ID_`,`NAME_`,`DESCRIPTION_`,`SERVER_ADDRESS_`,`PORT_`,`CONTEXT_ROOT_`,`REST_ROOT_`,`USER_NAME_`,`PASSWORD_`,`ENDPOINT_TYPE_`,`TENANT_ID_`) values 
('dcda8f99-2acf-11eb-80d9-227918fa15ea','Flowable Process app','Flowable Process REST config','http://localhost',8042,'/','process-api','admin','wf088DItMLLPiQIoM5rajQ==',1,NULL),
('dcdaddba-2acf-11eb-80d9-227918fa15ea','Flowable CMMN app','Flowable CMMN REST config','http://localhost',8042,'/','cmmn-api','admin','wf088DItMLLPiQIoM5rajQ==',5,NULL),
('dcdb2bdb-2acf-11eb-80d9-227918fa15ea','Flowable App app','Flowable App REST config','http://localhost',8042,'/','app-api','admin','wf088DItMLLPiQIoM5rajQ==',6,NULL),
('dcdb79fc-2acf-11eb-80d9-227918fa15ea','Flowable DMN app','Flowable DMN REST config','http://localhost',8042,'/','dmn-api','admin','wf088DItMLLPiQIoM5rajQ==',2,NULL),
('dcdba10d-2acf-11eb-80d9-227918fa15ea','Flowable Form app','Flowable Form REST config','http://localhost',8042,'/','form-api','admin','wf088DItMLLPiQIoM5rajQ==',3,NULL),
('dcdbef2e-2acf-11eb-80d9-227918fa15ea','Flowable Content app','Flowable Content REST config','http://localhost',8042,'/','content-api','admin','wf088DItMLLPiQIoM5rajQ==',4,NULL);

/*Table structure for table `ACT_APP_APPDEF` */

DROP TABLE IF EXISTS `ACT_APP_APPDEF`;

CREATE TABLE `ACT_APP_APPDEF` (
  `ID_` varchar(255) NOT NULL,
  `REV_` int NOT NULL,
  `NAME_` varchar(255) DEFAULT NULL,
  `KEY_` varchar(255) NOT NULL,
  `VERSION_` int NOT NULL,
  `CATEGORY_` varchar(255) DEFAULT NULL,
  `DEPLOYMENT_ID_` varchar(255) DEFAULT NULL,
  `RESOURCE_NAME_` varchar(4000) DEFAULT NULL,
  `DESCRIPTION_` varchar(4000) DEFAULT NULL,
  `TENANT_ID_` varchar(255) DEFAULT '',
  PRIMARY KEY (`ID_`),
  UNIQUE KEY `ACT_IDX_APP_DEF_UNIQ` (`KEY_`,`VERSION_`,`TENANT_ID_`),
  KEY `ACT_IDX_APP_DEF_DPLY` (`DEPLOYMENT_ID_`),
  CONSTRAINT `ACT_FK_APP_DEF_DPLY` FOREIGN KEY (`DEPLOYMENT_ID_`) REFERENCES `ACT_APP_DEPLOYMENT` (`ID_`)
) ENGINE=InnoDB DEFAULT CHARSET=utf8mb4 COLLATE=utf8mb4_0900_ai_ci;

/*Data for the table `ACT_APP_APPDEF` */

insert  into `ACT_APP_APPDEF`(`ID_`,`REV_`,`NAME_`,`KEY_`,`VERSION_`,`CATEGORY_`,`DEPLOYMENT_ID_`,`RESOURCE_NAME_`,`DESCRIPTION_`,`TENANT_ID_`) values 
('0021c0ee-2e08-11eb-bbd8-227918fa15ea',1,'外出单','out-factory',7,NULL,'0020fd9a-2e08-11eb-bbd8-227918fa15ea','out-factory.app','',''),
('06aa9df9-2fab-11eb-acf0-227918fa15ea',1,'外出单','out-factory',11,NULL,'06a8f045-2fab-11eb-acf0-227918fa15ea','out-factory.app','',''),
('07be04f6-2fbd-11eb-924a-227918fa15ea',1,'MES需求变更','mes-requirement',2,NULL,'07bd8fc2-2fbd-11eb-924a-227918fa15ea','mes-requirement.app','',''),
('59d4ef43-2bc9-11eb-9d15-227918fa15ea',1,'外出单','out-factory',2,NULL,'59d4c82f-2bc9-11eb-9d15-227918fa15ea','out-factory.app','',''),
('5c0b5344-2d58-11eb-b88c-227918fa15ea',1,'返廠申請單','rehire-form',1,NULL,'5c0ab700-2d58-11eb-b88c-227918fa15ea','rehire-form.app','',''),
('5f2eabb3-2f82-11eb-bdfc-227918fa15ea',1,'外出单','out-factory',9,NULL,'5f2e849f-2f82-11eb-bdfc-227918fa15ea','out-factory.app','',''),
('6019d9b6-2f83-11eb-bdfc-227918fa15ea',1,'外出单','out-factory',10,NULL,'60198b92-2f83-11eb-bdfc-227918fa15ea','out-factory.app','',''),
('674830f1-2bc8-11eb-9d15-227918fa15ea',1,'外出单','out-factory',1,NULL,'6747bbbd-2bc8-11eb-9d15-227918fa15ea','out-factory.app','',''),
('6d8ba52a-2e03-11eb-8edb-227918fa15ea',1,'外出单','out-factory',5,NULL,'6d8b08e6-2e03-11eb-8edb-227918fa15ea','out-factory.app','',''),
('7829aa40-2fb3-11eb-a9f3-227918fa15ea',1,'外出单','out-factory',12,NULL,'782898cc-2fb3-11eb-a9f3-227918fa15ea','out-factory.app','',''),
('78509358-2e06-11eb-84ba-227918fa15ea',1,'外出单','out-factory',6,NULL,'784ff714-2e06-11eb-84ba-227918fa15ea','out-factory.app','',''),
('9c68405c-2d55-11eb-b88c-227918fa15ea',1,'MES需求变更','mes-requirement',1,NULL,'9c6707d8-2d55-11eb-b88c-227918fa15ea','mes-requirement.app','',''),
('9f323e69-2e0b-11eb-b42b-227918fa15ea',1,'外出单','out-factory',8,NULL,'9f3105e5-2e0b-11eb-b42b-227918fa15ea','out-factory.app','',''),
('a636a9a3-2e00-11eb-8699-227918fa15ea',1,'外出单','out-factory',4,NULL,'a6360d5f-2e00-11eb-8699-227918fa15ea','out-factory.app','',''),
('a83f9a9e-2d56-11eb-b88c-227918fa15ea',1,'联络单','liaison',1,NULL,'a83efe5a-2d56-11eb-b88c-227918fa15ea','liaison.app','',''),
('b221780c-2fc6-11eb-8a65-227918fa15ea',1,'MES需求变更','mes-requirement',3,NULL,'b220dbc8-2fc6-11eb-8a65-227918fa15ea','mes-requirement.app','',''),
('be82bcf7-2d29-11eb-b92b-227918fa15ea',1,'发送邮件','send-email',3,NULL,'be8247c4-2d29-11eb-b92b-227918fa15ea','send-email.app','',''),
('ce8688e2-2d57-11eb-b88c-227918fa15ea',1,'FI厂商代码申请单','vendor-code-request-form',1,NULL,'ce8661ce-2d57-11eb-b88c-227918fa15ea','vendor-code-request-form.app','',''),
('d4fd16a1-2d28-11eb-9045-227918fa15ea',1,'发送邮件','send-email',2,NULL,'d4fc7a5e-2d28-11eb-9045-227918fa15ea','send-email.app','',''),
('f1be3863-2d24-11eb-84d4-227918fa15ea',1,'发送邮件','send-email',1,NULL,'f1be3860-2d24-11eb-84d4-227918fa15ea','send-email.app','',''),
('faa2e378-2d29-11eb-9782-227918fa15ea',1,'发送邮件','send-email',4,NULL,'faa1aaf5-2d29-11eb-9782-227918fa15ea','send-email.app','',''),
('fcbc8214-2bcb-11eb-9e90-227918fa15ea',1,'外出单','out-factory',3,NULL,'fcbc33f0-2bcb-11eb-9e90-227918fa15ea','out-factory.app','','');

/*Table structure for table `ACT_APP_DATABASECHANGELOG` */

DROP TABLE IF EXISTS `ACT_APP_DATABASECHANGELOG`;

CREATE TABLE `ACT_APP_DATABASECHANGELOG` (
  `ID` varchar(255) NOT NULL,
  `AUTHOR` varchar(255) NOT NULL,
  `FILENAME` varchar(255) NOT NULL,
  `DATEEXECUTED` datetime NOT NULL,
  `ORDEREXECUTED` int NOT NULL,
  `EXECTYPE` varchar(10) NOT NULL,
  `MD5SUM` varchar(35) DEFAULT NULL,
  `DESCRIPTION` varchar(255) DEFAULT NULL,
  `COMMENTS` varchar(255) DEFAULT NULL,
  `TAG` varchar(255) DEFAULT NULL,
  `LIQUIBASE` varchar(20) DEFAULT NULL,
  `CONTEXTS` varchar(255) DEFAULT NULL,
  `LABELS` varchar(255) DEFAULT NULL,
  `DEPLOYMENT_ID` varchar(10) DEFAULT NULL
) ENGINE=InnoDB DEFAULT CHARSET=utf8mb4 COLLATE=utf8mb4_0900_ai_ci;

/*Data for the table `ACT_APP_DATABASECHANGELOG` */

insert  into `ACT_APP_DATABASECHANGELOG`(`ID`,`AUTHOR`,`FILENAME`,`DATEEXECUTED`,`ORDEREXECUTED`,`EXECTYPE`,`MD5SUM`,`DESCRIPTION`,`COMMENTS`,`TAG`,`LIQUIBASE`,`CONTEXTS`,`LABELS`,`DEPLOYMENT_ID`) values 
('1','flowable','org/flowable/app/db/liquibase/flowable-app-db-changelog.xml','2020-11-20 09:29:36',1,'EXECUTED','8:496fc778bdf2ab13f2e1926d0e63e0a2','createTable tableName=ACT_APP_DEPLOYMENT; createTable tableName=ACT_APP_DEPLOYMENT_RESOURCE; addForeignKeyConstraint baseTableName=ACT_APP_DEPLOYMENT_RESOURCE, constraintName=ACT_FK_APP_RSRC_DPL, referencedTableName=ACT_APP_DEPLOYMENT; createIndex...','',NULL,'3.10.3',NULL,NULL,'5835777901'),
('2','flowable','org/flowable/app/db/liquibase/flowable-app-db-changelog.xml','2020-11-20 09:29:36',2,'EXECUTED','8:ccea9ebfb6c1f8367ca4dd473fcbb7db','modifyDataType columnName=DEPLOY_TIME_, tableName=ACT_APP_DEPLOYMENT','',NULL,'3.10.3',NULL,NULL,'5835777901'),
('3','flowable','org/flowable/app/db/liquibase/flowable-app-db-changelog.xml','2020-11-20 09:29:36',3,'EXECUTED','8:f1f8aff320aade831944ebad24355f3d','createIndex indexName=ACT_IDX_APP_DEF_UNIQ, tableName=ACT_APP_APPDEF','',NULL,'3.10.3',NULL,NULL,'5835777901');

/*Table structure for table `ACT_APP_DATABASECHANGELOGLOCK` */

DROP TABLE IF EXISTS `ACT_APP_DATABASECHANGELOGLOCK`;

CREATE TABLE `ACT_APP_DATABASECHANGELOGLOCK` (
  `ID` int NOT NULL,
  `LOCKED` bit(1) NOT NULL,
  `LOCKGRANTED` datetime DEFAULT NULL,
  `LOCKEDBY` varchar(255) DEFAULT NULL,
  PRIMARY KEY (`ID`)
) ENGINE=InnoDB DEFAULT CHARSET=utf8mb4 COLLATE=utf8mb4_0900_ai_ci;

/*Data for the table `ACT_APP_DATABASECHANGELOGLOCK` */

insert  into `ACT_APP_DATABASECHANGELOGLOCK`(`ID`,`LOCKED`,`LOCKGRANTED`,`LOCKEDBY`) values 
(1,'\0',NULL,NULL);

/*Table structure for table `ACT_APP_DEPLOYMENT` */

DROP TABLE IF EXISTS `ACT_APP_DEPLOYMENT`;

CREATE TABLE `ACT_APP_DEPLOYMENT` (
  `ID_` varchar(255) NOT NULL,
  `NAME_` varchar(255) DEFAULT NULL,
  `CATEGORY_` varchar(255) DEFAULT NULL,
  `KEY_` varchar(255) DEFAULT NULL,
  `DEPLOY_TIME_` datetime(3) DEFAULT NULL,
  `TENANT_ID_` varchar(255) DEFAULT '',
  PRIMARY KEY (`ID_`)
) ENGINE=InnoDB DEFAULT CHARSET=utf8mb4 COLLATE=utf8mb4_0900_ai_ci;

/*Data for the table `ACT_APP_DEPLOYMENT` */

insert  into `ACT_APP_DEPLOYMENT`(`ID_`,`NAME_`,`CATEGORY_`,`KEY_`,`DEPLOY_TIME_`,`TENANT_ID_`) values 
('0020fd9a-2e08-11eb-bbd8-227918fa15ea','外出单',NULL,'out-factory','2020-11-23 21:49:06.171',''),
('06a8f045-2fab-11eb-acf0-227918fa15ea','外出单',NULL,'out-factory','2020-11-25 23:48:36.258',''),
('07bd8fc2-2fbd-11eb-924a-227918fa15ea','MES需求变更',NULL,'mes-requirement','2020-11-26 01:57:29.012',''),
('59d4c82f-2bc9-11eb-9d15-227918fa15ea','外出单',NULL,'out-factory','2020-11-21 01:15:36.047',''),
('5c0ab700-2d58-11eb-b88c-227918fa15ea','返廠申請單',NULL,'rehire-form','2020-11-23 00:51:48.951',''),
('5f2e849f-2f82-11eb-bdfc-227918fa15ea','外出单',NULL,'out-factory','2020-11-25 18:57:35.407',''),
('60198b92-2f83-11eb-bdfc-227918fa15ea','外出单',NULL,'out-factory','2020-11-25 19:04:46.444',''),
('6747bbbd-2bc8-11eb-9d15-227918fa15ea','外出单',NULL,'out-factory','2020-11-21 01:08:49.114',''),
('6d8b08e6-2e03-11eb-8edb-227918fa15ea','外出单',NULL,'out-factory','2020-11-23 21:16:22.254',''),
('782898cc-2fb3-11eb-a9f3-227918fa15ea','外出单',NULL,'out-factory','2020-11-26 00:49:02.651',''),
('784ff714-2e06-11eb-84ba-227918fa15ea','外出单',NULL,'out-factory','2020-11-23 21:38:08.812',''),
('9c6707d8-2d55-11eb-b88c-227918fa15ea','MES需求变更',NULL,'mes-requirement','2020-11-23 00:32:08.440',''),
('9f3105e5-2e0b-11eb-b42b-227918fa15ea','外出单',NULL,'out-factory','2020-11-23 22:15:01.524',''),
('a6360d5f-2e00-11eb-8699-227918fa15ea','外出单',NULL,'out-factory','2020-11-23 20:56:28.837',''),
('a83efe5a-2d56-11eb-b88c-227918fa15ea','联络单',NULL,'liaison','2020-11-23 00:39:37.807',''),
('b220dbc8-2fc6-11eb-8a65-227918fa15ea','MES需求变更',NULL,'mes-requirement','2020-11-26 03:06:40.346',''),
('be8247c4-2d29-11eb-b92b-227918fa15ea','发送邮件',NULL,'send-email','2020-11-22 19:18:07.805',''),
('ce8661ce-2d57-11eb-b88c-227918fa15ea','FI厂商代码申请单',NULL,'vendor-code-request-form','2020-11-23 00:47:51.525',''),
('d4fc7a5e-2d28-11eb-9045-227918fa15ea','发送邮件',NULL,'send-email','2020-11-22 19:11:36.019',''),
('f1be3860-2d24-11eb-84d4-227918fa15ea','发送邮件',NULL,'send-email','2020-11-22 18:43:46.278',''),
('faa1aaf5-2d29-11eb-9782-227918fa15ea','发送邮件',NULL,'send-email','2020-11-22 19:19:48.674',''),
('fcbc33f0-2bcb-11eb-9e90-227918fa15ea','外出单',NULL,'out-factory','2020-11-21 01:34:28.348','');

/*Table structure for table `ACT_APP_DEPLOYMENT_RESOURCE` */

DROP TABLE IF EXISTS `ACT_APP_DEPLOYMENT_RESOURCE`;

CREATE TABLE `ACT_APP_DEPLOYMENT_RESOURCE` (
  `ID_` varchar(255) NOT NULL,
  `NAME_` varchar(255) DEFAULT NULL,
  `DEPLOYMENT_ID_` varchar(255) DEFAULT NULL,
  `RESOURCE_BYTES_` longblob,
  PRIMARY KEY (`ID_`),
  KEY `ACT_IDX_APP_RSRC_DPL` (`DEPLOYMENT_ID_`),
  CONSTRAINT `ACT_FK_APP_RSRC_DPL` FOREIGN KEY (`DEPLOYMENT_ID_`) REFERENCES `ACT_APP_DEPLOYMENT` (`ID_`)
) ENGINE=InnoDB DEFAULT CHARSET=utf8mb4 COLLATE=utf8mb4_0900_ai_ci;

/*Data for the table `ACT_APP_DEPLOYMENT_RESOURCE` */

insert  into `ACT_APP_DEPLOYMENT_RESOURCE`(`ID_`,`NAME_`,`DEPLOYMENT_ID_`,`RESOURCE_BYTES_`) values 
('0020fd9b-2e08-11eb-bbd8-227918fa15ea','out-factory.bpmn','0020fd9a-2e08-11eb-bbd8-227918fa15ea','<?xml version=\"1.0\" encoding=\"UTF-8\"?>\n<definitions xmlns=\"http://www.omg.org/spec/BPMN/20100524/MODEL\" xmlns:xsi=\"http://www.w3.org/2001/XMLSchema-instance\" xmlns:xsd=\"http://www.w3.org/2001/XMLSchema\" xmlns:flowable=\"http://flowable.org/bpmn\" xmlns:bpmndi=\"http://www.omg.org/spec/BPMN/20100524/DI\" xmlns:omgdc=\"http://www.omg.org/spec/DD/20100524/DC\" xmlns:omgdi=\"http://www.omg.org/spec/DD/20100524/DI\" typeLanguage=\"http://www.w3.org/2001/XMLSchema\" expressionLanguage=\"http://www.w3.org/1999/XPath\" targetNamespace=\"http://www.flowable.org/processdef\">\n  <process id=\"out-factory\" name=\"外出单\" isExecutable=\"true\">\n    <startEvent id=\"startEvent1\" name=\"填单\" flowable:initiator=\"initiator\" flowable:formKey=\"out-factory\" flowable:formFieldValidation=\"true\"></startEvent>\n    <userTask id=\"sid-E086BDD7-66B2-409F-B18C-B682DD9172DB\" name=\"申请人确认\" flowable:assignee=\"${initiator}\" flowable:formKey=\"out-factory\" flowable:formFieldValidation=\"true\" flowable:skipExpression=\"${skip}\">\n      <extensionElements>\n        <modeler:activiti-idm-initiator xmlns:modeler=\"http://flowable.org/modeler\"><![CDATA[true]]></modeler:activiti-idm-initiator>\n      </extensionElements>\n    </userTask>\n    <sequenceFlow id=\"sid-FB957372-CC09-424B-88F0-30C09C3C100F\" sourceRef=\"startEvent1\" targetRef=\"sid-E086BDD7-66B2-409F-B18C-B682DD9172DB\"></sequenceFlow>\n    <userTask id=\"sid-ABCBD09C-DB79-4EE8-BB28-96FEBAAFF175\" name=\"主管审核\" flowable:assignee=\"${manager}\" flowable:formKey=\"out-factory\" flowable:formFieldValidation=\"true\">\n      <extensionElements>\n        <flowable:taskListener event=\"create\" class=\"com.deltaww.flowapi.listener.AutoAssigneeListener\"></flowable:taskListener>\n        <modeler:initiator-can-complete xmlns:modeler=\"http://flowable.org/modeler\"><![CDATA[false]]></modeler:initiator-can-complete>\n      </extensionElements>\n    </userTask>\n    <sequenceFlow id=\"sid-D2A7423F-91E0-430D-AA1A-09A1C246CA40\" sourceRef=\"sid-E086BDD7-66B2-409F-B18C-B682DD9172DB\" targetRef=\"sid-ABCBD09C-DB79-4EE8-BB28-96FEBAAFF175\"></sequenceFlow>\n    <endEvent id=\"sid-52A44D3B-7206-486E-8F26-58E536F8AFDB\" name=\"结束\"></endEvent>\n    <sequenceFlow id=\"sid-C1DDC6AA-BE98-4CC6-AB71-8C8C99AEDC5C\" sourceRef=\"sid-ABCBD09C-DB79-4EE8-BB28-96FEBAAFF175\" targetRef=\"sid-52A44D3B-7206-486E-8F26-58E536F8AFDB\"></sequenceFlow>\n  </process>\n  <bpmndi:BPMNDiagram id=\"BPMNDiagram_out-factory\">\n    <bpmndi:BPMNPlane bpmnElement=\"out-factory\" id=\"BPMNPlane_out-factory\">\n      <bpmndi:BPMNShape bpmnElement=\"startEvent1\" id=\"BPMNShape_startEvent1\">\n        <omgdc:Bounds height=\"30.0\" width=\"30.0\" x=\"100.0\" y=\"163.0\"></omgdc:Bounds>\n      </bpmndi:BPMNShape>\n      <bpmndi:BPMNShape bpmnElement=\"sid-E086BDD7-66B2-409F-B18C-B682DD9172DB\" id=\"BPMNShape_sid-E086BDD7-66B2-409F-B18C-B682DD9172DB\">\n        <omgdc:Bounds height=\"80.0\" width=\"100.0\" x=\"175.0\" y=\"138.0\"></omgdc:Bounds>\n      </bpmndi:BPMNShape>\n      <bpmndi:BPMNShape bpmnElement=\"sid-ABCBD09C-DB79-4EE8-BB28-96FEBAAFF175\" id=\"BPMNShape_sid-ABCBD09C-DB79-4EE8-BB28-96FEBAAFF175\">\n        <omgdc:Bounds height=\"80.0\" width=\"100.0\" x=\"320.0\" y=\"138.0\"></omgdc:Bounds>\n      </bpmndi:BPMNShape>\n      <bpmndi:BPMNShape bpmnElement=\"sid-52A44D3B-7206-486E-8F26-58E536F8AFDB\" id=\"BPMNShape_sid-52A44D3B-7206-486E-8F26-58E536F8AFDB\">\n        <omgdc:Bounds height=\"28.0\" width=\"28.0\" x=\"465.0\" y=\"164.0\"></omgdc:Bounds>\n      </bpmndi:BPMNShape>\n      <bpmndi:BPMNEdge bpmnElement=\"sid-D2A7423F-91E0-430D-AA1A-09A1C246CA40\" id=\"BPMNEdge_sid-D2A7423F-91E0-430D-AA1A-09A1C246CA40\">\n        <omgdi:waypoint x=\"274.9499999999907\" y=\"178.0\"></omgdi:waypoint>\n        <omgdi:waypoint x=\"319.9999999999807\" y=\"178.0\"></omgdi:waypoint>\n      </bpmndi:BPMNEdge>\n      <bpmndi:BPMNEdge bpmnElement=\"sid-C1DDC6AA-BE98-4CC6-AB71-8C8C99AEDC5C\" id=\"BPMNEdge_sid-C1DDC6AA-BE98-4CC6-AB71-8C8C99AEDC5C\">\n        <omgdi:waypoint x=\"419.95000000000005\" y=\"178.0\"></omgdi:waypoint>\n        <omgdi:waypoint x=\"465.0\" y=\"178.0\"></omgdi:waypoint>\n      </bpmndi:BPMNEdge>\n      <bpmndi:BPMNEdge bpmnElement=\"sid-FB957372-CC09-424B-88F0-30C09C3C100F\" id=\"BPMNEdge_sid-FB957372-CC09-424B-88F0-30C09C3C100F\">\n        <omgdi:waypoint x=\"129.9499984899576\" y=\"178.0\"></omgdi:waypoint>\n        <omgdi:waypoint x=\"174.9999999999917\" y=\"178.0\"></omgdi:waypoint>\n      </bpmndi:BPMNEdge>\n    </bpmndi:BPMNPlane>\n  </bpmndi:BPMNDiagram>\n</definitions>'),
('0020fd9c-2e08-11eb-bbd8-227918fa15ea','out-factory.app','0020fd9a-2e08-11eb-bbd8-227918fa15ea','{\"key\":\"out-factory\",\"name\":\"外出单\",\"description\":\"\",\"theme\":\"theme-1\",\"icon\":\"glyphicon-asterisk\",\"usersAccess\":null,\"groupsAccess\":null}'),
('0020fd9d-2e08-11eb-bbd8-227918fa15ea','form-out-factory.form','0020fd9a-2e08-11eb-bbd8-227918fa15ea','{\"name\":\"外出单\",\"key\":\"out-factory\",\"version\":0,\"fields\":[{\"fieldType\":\"FormField\",\"id\":\"summary\",\"name\":\"主旨\",\"type\":\"text\",\"value\":null,\"required\":true,\"readOnly\":false,\"overrideId\":true,\"placeholder\":\"${summary}\",\"layout\":null},{\"fieldType\":\"FormField\",\"id\":\"empid\",\"name\":\"人员编号\",\"type\":\"integer\",\"value\":null,\"required\":true,\"readOnly\":false,\"overrideId\":true,\"placeholder\":\"${empid}\",\"layout\":null},{\"fieldType\":\"FormField\",\"id\":\"_FLOWABLE_SKIP_EXPRESSION_ENABLED\",\"name\":\"允许跳过\",\"type\":\"boolean\",\"value\":null,\"required\":false,\"readOnly\":true,\"overrideId\":true,\"placeholder\":null,\"layout\":null},{\"fieldType\":\"FormField\",\"id\":\"skip\",\"name\":\"是否跳过\",\"type\":\"boolean\",\"value\":null,\"required\":false,\"readOnly\":true,\"overrideId\":true,\"placeholder\":null,\"layout\":null},{\"fieldType\":\"FormField\",\"id\":\"description\",\"name\":\"描述\",\"type\":\"multi-line-text\",\"value\":null,\"required\":true,\"readOnly\":false,\"overrideId\":true,\"placeholder\":\"${description}\",\"layout\":null}],\"outcomes\":[]}'),
('06a8f046-2fab-11eb-acf0-227918fa15ea','out-factory.bpmn','06a8f045-2fab-11eb-acf0-227918fa15ea','<?xml version=\"1.0\" encoding=\"UTF-8\"?>\n<definitions xmlns=\"http://www.omg.org/spec/BPMN/20100524/MODEL\" xmlns:xsi=\"http://www.w3.org/2001/XMLSchema-instance\" xmlns:xsd=\"http://www.w3.org/2001/XMLSchema\" xmlns:flowable=\"http://flowable.org/bpmn\" xmlns:bpmndi=\"http://www.omg.org/spec/BPMN/20100524/DI\" xmlns:omgdc=\"http://www.omg.org/spec/DD/20100524/DC\" xmlns:omgdi=\"http://www.omg.org/spec/DD/20100524/DI\" typeLanguage=\"http://www.w3.org/2001/XMLSchema\" expressionLanguage=\"http://www.w3.org/1999/XPath\" targetNamespace=\"固定流程表單\">\n  <process id=\"out-factory\" name=\"外出单\" isExecutable=\"true\">\n    <extensionElements>\n      <flowable:eventListener events=\"PROCESS_STARTED\" class=\"com.deltaww.flowapi.listener.ResolverAssigneeListener\"></flowable:eventListener>\n    </extensionElements>\n    <startEvent id=\"startEvent1\" name=\"填单\" flowable:initiator=\"initiator\" flowable:formKey=\"out-factory\" flowable:formFieldValidation=\"true\"></startEvent>\n    <userTask id=\"sid-E086BDD7-66B2-409F-B18C-B682DD9172DB\" name=\"申请人确认\" flowable:assignee=\"${initiator}\" flowable:formKey=\"out-factory\" flowable:formFieldValidation=\"true\" flowable:skipExpression=\"${skip}\">\n      <extensionElements>\n        <modeler:activiti-idm-initiator xmlns:modeler=\"http://flowable.org/modeler\"><![CDATA[true]]></modeler:activiti-idm-initiator>\n      </extensionElements>\n    </userTask>\n    <sequenceFlow id=\"sid-FB957372-CC09-424B-88F0-30C09C3C100F\" sourceRef=\"startEvent1\" targetRef=\"sid-E086BDD7-66B2-409F-B18C-B682DD9172DB\"></sequenceFlow>\n    <userTask id=\"sid-ABCBD09C-DB79-4EE8-BB28-96FEBAAFF175\" name=\"主管审核\" flowable:assignee=\"${manager}\" flowable:formKey=\"out-factory\" flowable:formFieldValidation=\"true\" flowable:skipExpression=\"${manager==initiator}\">\n      <extensionElements>\n        <flowable:taskListener event=\"assignment\" class=\"com.deltaww.flowapi.listener.AutoAssigneeListener\"></flowable:taskListener>\n        <modeler:initiator-can-complete xmlns:modeler=\"http://flowable.org/modeler\"><![CDATA[false]]></modeler:initiator-can-complete>\n      </extensionElements>\n    </userTask>\n    <sequenceFlow id=\"sid-D2A7423F-91E0-430D-AA1A-09A1C246CA40\" sourceRef=\"sid-E086BDD7-66B2-409F-B18C-B682DD9172DB\" targetRef=\"sid-ABCBD09C-DB79-4EE8-BB28-96FEBAAFF175\"></sequenceFlow>\n    <endEvent id=\"sid-52A44D3B-7206-486E-8F26-58E536F8AFDB\" name=\"结束\"></endEvent>\n    <sequenceFlow id=\"sid-C1DDC6AA-BE98-4CC6-AB71-8C8C99AEDC5C\" sourceRef=\"sid-ABCBD09C-DB79-4EE8-BB28-96FEBAAFF175\" targetRef=\"sid-52A44D3B-7206-486E-8F26-58E536F8AFDB\"></sequenceFlow>\n  </process>\n  <bpmndi:BPMNDiagram id=\"BPMNDiagram_out-factory\">\n    <bpmndi:BPMNPlane bpmnElement=\"out-factory\" id=\"BPMNPlane_out-factory\">\n      <bpmndi:BPMNShape bpmnElement=\"startEvent1\" id=\"BPMNShape_startEvent1\">\n        <omgdc:Bounds height=\"30.0\" width=\"30.0\" x=\"100.0\" y=\"163.0\"></omgdc:Bounds>\n      </bpmndi:BPMNShape>\n      <bpmndi:BPMNShape bpmnElement=\"sid-E086BDD7-66B2-409F-B18C-B682DD9172DB\" id=\"BPMNShape_sid-E086BDD7-66B2-409F-B18C-B682DD9172DB\">\n        <omgdc:Bounds height=\"80.0\" width=\"100.0\" x=\"175.0\" y=\"138.0\"></omgdc:Bounds>\n      </bpmndi:BPMNShape>\n      <bpmndi:BPMNShape bpmnElement=\"sid-ABCBD09C-DB79-4EE8-BB28-96FEBAAFF175\" id=\"BPMNShape_sid-ABCBD09C-DB79-4EE8-BB28-96FEBAAFF175\">\n        <omgdc:Bounds height=\"80.0\" width=\"100.0\" x=\"320.0\" y=\"138.0\"></omgdc:Bounds>\n      </bpmndi:BPMNShape>\n      <bpmndi:BPMNShape bpmnElement=\"sid-52A44D3B-7206-486E-8F26-58E536F8AFDB\" id=\"BPMNShape_sid-52A44D3B-7206-486E-8F26-58E536F8AFDB\">\n        <omgdc:Bounds height=\"28.0\" width=\"28.0\" x=\"465.0\" y=\"164.0\"></omgdc:Bounds>\n      </bpmndi:BPMNShape>\n      <bpmndi:BPMNEdge bpmnElement=\"sid-D2A7423F-91E0-430D-AA1A-09A1C246CA40\" id=\"BPMNEdge_sid-D2A7423F-91E0-430D-AA1A-09A1C246CA40\">\n        <omgdi:waypoint x=\"274.9499999999907\" y=\"178.0\"></omgdi:waypoint>\n        <omgdi:waypoint x=\"319.9999999999807\" y=\"178.0\"></omgdi:waypoint>\n      </bpmndi:BPMNEdge>\n      <bpmndi:BPMNEdge bpmnElement=\"sid-C1DDC6AA-BE98-4CC6-AB71-8C8C99AEDC5C\" id=\"BPMNEdge_sid-C1DDC6AA-BE98-4CC6-AB71-8C8C99AEDC5C\">\n        <omgdi:waypoint x=\"419.95000000000005\" y=\"178.0\"></omgdi:waypoint>\n        <omgdi:waypoint x=\"465.0\" y=\"178.0\"></omgdi:waypoint>\n      </bpmndi:BPMNEdge>\n      <bpmndi:BPMNEdge bpmnElement=\"sid-FB957372-CC09-424B-88F0-30C09C3C100F\" id=\"BPMNEdge_sid-FB957372-CC09-424B-88F0-30C09C3C100F\">\n        <omgdi:waypoint x=\"129.9499984899576\" y=\"178.0\"></omgdi:waypoint>\n        <omgdi:waypoint x=\"174.9999999999917\" y=\"178.0\"></omgdi:waypoint>\n      </bpmndi:BPMNEdge>\n    </bpmndi:BPMNPlane>\n  </bpmndi:BPMNDiagram>\n</definitions>'),
('06a8f047-2fab-11eb-acf0-227918fa15ea','out-factory.app','06a8f045-2fab-11eb-acf0-227918fa15ea','{\"key\":\"out-factory\",\"name\":\"外出单\",\"description\":\"\",\"theme\":\"theme-1\",\"icon\":\"glyphicon-asterisk\",\"usersAccess\":null,\"groupsAccess\":null}'),
('06a8f048-2fab-11eb-acf0-227918fa15ea','form-out-factory.form','06a8f045-2fab-11eb-acf0-227918fa15ea','{\"name\":\"外出单\",\"key\":\"out-factory\",\"version\":0,\"fields\":[{\"fieldType\":\"FormField\",\"id\":\"summary\",\"name\":\"主旨\",\"type\":\"text\",\"value\":null,\"required\":true,\"readOnly\":false,\"overrideId\":true,\"placeholder\":\"${summary}\",\"layout\":null},{\"fieldType\":\"FormField\",\"id\":\"empid\",\"name\":\"人员编号\",\"type\":\"integer\",\"value\":null,\"required\":true,\"readOnly\":false,\"overrideId\":true,\"placeholder\":\"${empid}\",\"layout\":null},{\"fieldType\":\"FormField\",\"id\":\"_FLOWABLE_SKIP_EXPRESSION_ENABLED\",\"name\":\"允许跳过\",\"type\":\"boolean\",\"value\":null,\"required\":false,\"readOnly\":true,\"overrideId\":true,\"placeholder\":null,\"layout\":null},{\"fieldType\":\"FormField\",\"id\":\"skip\",\"name\":\"是否跳过\",\"type\":\"boolean\",\"value\":null,\"required\":false,\"readOnly\":true,\"overrideId\":true,\"placeholder\":null,\"layout\":null},{\"fieldType\":\"FormField\",\"id\":\"manager\",\"name\":\"所属主管\",\"type\":\"text\",\"value\":null,\"required\":false,\"readOnly\":true,\"overrideId\":true,\"placeholder\":\"manager\",\"layout\":null},{\"fieldType\":\"FormField\",\"id\":\"description\",\"name\":\"描述\",\"type\":\"multi-line-text\",\"value\":null,\"required\":true,\"readOnly\":false,\"overrideId\":true,\"placeholder\":\"${description}\",\"layout\":null}],\"outcomes\":[]}'),
('07bd8fc3-2fbd-11eb-924a-227918fa15ea','form-mes-requirement.form','07bd8fc2-2fbd-11eb-924a-227918fa15ea','{\"name\":\"MES需求变更\",\"key\":\"mes-requirement\",\"version\":0,\"fields\":[{\"fieldType\":\"FormField\",\"id\":\"summary\",\"name\":\"主旨\",\"type\":\"text\",\"value\":null,\"required\":false,\"readOnly\":false,\"overrideId\":true,\"placeholder\":\"${summary}\",\"layout\":null},{\"fieldType\":\"FormField\",\"id\":\"empid\",\"name\":\"提案人员\",\"type\":\"text\",\"value\":null,\"required\":false,\"readOnly\":false,\"overrideId\":true,\"placeholder\":\"${empid}\",\"layout\":null},{\"fieldType\":\"FormField\",\"id\":\"description\",\"name\":\"需求变更描述\",\"type\":\"multi-line-text\",\"value\":null,\"required\":false,\"readOnly\":false,\"overrideId\":true,\"placeholder\":\"${description}\",\"layout\":null},{\"fieldType\":\"FormField\",\"id\":\"_FLOWABLE_SKIP_EXPRESSION_ENABLED\",\"name\":\"允許跳過\",\"type\":\"boolean\",\"value\":null,\"required\":false,\"readOnly\":false,\"overrideId\":true,\"placeholder\":null,\"layout\":null},{\"fieldType\":\"FormField\",\"id\":\"skip\",\"name\":\"是否跳過\",\"type\":\"boolean\",\"value\":null,\"required\":false,\"readOnly\":false,\"overrideId\":true,\"placeholder\":null,\"layout\":null},{\"fieldType\":\"FormField\",\"id\":\"assigneeListVar\",\"name\":\"核簽流程變量\",\"type\":\"text\",\"value\":null,\"required\":false,\"readOnly\":true,\"overrideId\":true,\"placeholder\":\"manager;COORDINATOR;DEV TL;PSM;MESM;PM\",\"layout\":null},{\"fieldType\":\"FormField\",\"id\":\"assigneelist\",\"name\":\"核簽流程\",\"type\":\"multi-line-text\",\"value\":null,\"required\":true,\"readOnly\":false,\"overrideId\":true,\"placeholder\":\"${assigneelist}\",\"layout\":null}],\"outcomes\":[]}'),
('07bd8fc4-2fbd-11eb-924a-227918fa15ea','mes-requirement.app','07bd8fc2-2fbd-11eb-924a-227918fa15ea','{\"key\":\"mes-requirement\",\"name\":\"MES需求变更\",\"description\":\"\",\"theme\":\"theme-1\",\"icon\":\"glyphicon-asterisk\",\"usersAccess\":null,\"groupsAccess\":null}'),
('07bd8fc5-2fbd-11eb-924a-227918fa15ea','mes-requirement.bpmn','07bd8fc2-2fbd-11eb-924a-227918fa15ea','<?xml version=\"1.0\" encoding=\"UTF-8\"?>\n<definitions xmlns=\"http://www.omg.org/spec/BPMN/20100524/MODEL\" xmlns:xsi=\"http://www.w3.org/2001/XMLSchema-instance\" xmlns:xsd=\"http://www.w3.org/2001/XMLSchema\" xmlns:flowable=\"http://flowable.org/bpmn\" xmlns:bpmndi=\"http://www.omg.org/spec/BPMN/20100524/DI\" xmlns:omgdc=\"http://www.omg.org/spec/DD/20100524/DC\" xmlns:omgdi=\"http://www.omg.org/spec/DD/20100524/DI\" typeLanguage=\"http://www.w3.org/2001/XMLSchema\" expressionLanguage=\"http://www.w3.org/1999/XPath\" targetNamespace=\"自定義流程表單\">\n  <process id=\"mes-requirement\" name=\"MES需求变更\" isExecutable=\"true\">\n    <extensionElements>\n      <flowable:eventListener events=\"PROCESS_STARTED\" class=\"com.deltaww.flowapi.listener.ResolverAssigneeListener\"></flowable:eventListener>\n    </extensionElements>\n    <startEvent id=\"startEvent1\" name=\"填单\" flowable:initiator=\"initiator\" flowable:formKey=\"mes-requirement\" flowable:formFieldValidation=\"true\"></startEvent>\n    <userTask id=\"sid-33868E85-5876-4712-9136-27C22F40C24D\" name=\"填单人确认\" flowable:assignee=\"${initiator}\" flowable:formKey=\"mes-requirement\" flowable:formFieldValidation=\"true\" flowable:skipExpression=\"${skip}\">\n      <extensionElements>\n        <modeler:activiti-idm-initiator xmlns:modeler=\"http://flowable.org/modeler\"><![CDATA[true]]></modeler:activiti-idm-initiator>\n      </extensionElements>\n    </userTask>\n    <sequenceFlow id=\"sid-07BACF0C-406A-4E40-A1FC-00A0BC020C59\" sourceRef=\"startEvent1\" targetRef=\"sid-33868E85-5876-4712-9136-27C22F40C24D\"></sequenceFlow>\n    <userTask id=\"sid-9E02A53C-8F0C-4B08-A7ED-46875520B424\" name=\"提案部门主管\" flowable:formKey=\"mes-requirement\" flowable:formFieldValidation=\"true\"></userTask>\n    <sequenceFlow id=\"sid-9D4E7218-A416-4E13-8129-6902D1CEDBD3\" sourceRef=\"sid-33868E85-5876-4712-9136-27C22F40C24D\" targetRef=\"sid-9E02A53C-8F0C-4B08-A7ED-46875520B424\"></sequenceFlow>\n    <userTask id=\"sid-962F5DA8-4C49-46EC-AC02-75726D74F3BD\" name=\"Coordinator\" flowable:formKey=\"mes-requirement\" flowable:formFieldValidation=\"true\"></userTask>\n    <sequenceFlow id=\"sid-3B1C7B5B-E126-4DBE-9960-3332CA8953FC\" sourceRef=\"sid-9E02A53C-8F0C-4B08-A7ED-46875520B424\" targetRef=\"sid-962F5DA8-4C49-46EC-AC02-75726D74F3BD\"></sequenceFlow>\n    <userTask id=\"sid-712F5FB9-B139-4A54-B5F0-0C9963B866D6\" name=\"DEV TL\" flowable:formKey=\"mes-requirement\" flowable:formFieldValidation=\"true\"></userTask>\n    <sequenceFlow id=\"sid-75B89205-F7AD-4B61-9772-F69F67FC5A4B\" sourceRef=\"sid-962F5DA8-4C49-46EC-AC02-75726D74F3BD\" targetRef=\"sid-712F5FB9-B139-4A54-B5F0-0C9963B866D6\"></sequenceFlow>\n    <userTask id=\"sid-1B1D89A5-C026-4A31-927F-32BD7888BD59\" name=\"PSM\" flowable:formKey=\"mes-requirement\" flowable:formFieldValidation=\"true\"></userTask>\n    <userTask id=\"sid-A57DF6D0-FE5C-4D32-B8EC-ECEA13271C76\" name=\"MESM\" flowable:formKey=\"mes-requirement\" flowable:formFieldValidation=\"true\"></userTask>\n    <sequenceFlow id=\"sid-6F9F2036-70B8-4F2E-AF81-4B54AA19CD43\" sourceRef=\"sid-1B1D89A5-C026-4A31-927F-32BD7888BD59\" targetRef=\"sid-A57DF6D0-FE5C-4D32-B8EC-ECEA13271C76\"></sequenceFlow>\n    <userTask id=\"sid-18F650C5-F8DF-4D17-AD0B-FCCB1F242C4D\" name=\"PM\" flowable:formKey=\"mes-requirement\" flowable:formFieldValidation=\"true\"></userTask>\n    <sequenceFlow id=\"sid-C4E02C10-B6FB-47DF-8F9F-346B5D75275C\" sourceRef=\"sid-A57DF6D0-FE5C-4D32-B8EC-ECEA13271C76\" targetRef=\"sid-18F650C5-F8DF-4D17-AD0B-FCCB1F242C4D\"></sequenceFlow>\n    <sequenceFlow id=\"sid-2090AF02-C11C-4993-9CC4-F4D95E4F6C72\" sourceRef=\"sid-712F5FB9-B139-4A54-B5F0-0C9963B866D6\" targetRef=\"sid-1B1D89A5-C026-4A31-927F-32BD7888BD59\"></sequenceFlow>\n    <endEvent id=\"sid-4C4E0E45-0E10-40C1-A1A5-B4BC491F8E1E\" name=\"结束\"></endEvent>\n    <sequenceFlow id=\"sid-19C22622-BF57-43FF-BE8C-D74EDD41782F\" sourceRef=\"sid-18F650C5-F8DF-4D17-AD0B-FCCB1F242C4D\" targetRef=\"sid-4C4E0E45-0E10-40C1-A1A5-B4BC491F8E1E\"></sequenceFlow>\n  </process>\n  <bpmndi:BPMNDiagram id=\"BPMNDiagram_mes-requirement\">\n    <bpmndi:BPMNPlane bpmnElement=\"mes-requirement\" id=\"BPMNPlane_mes-requirement\">\n      <bpmndi:BPMNShape bpmnElement=\"startEvent1\" id=\"BPMNShape_startEvent1\">\n        <omgdc:Bounds height=\"30.0\" width=\"30.0\" x=\"100.0\" y=\"163.0\"></omgdc:Bounds>\n      </bpmndi:BPMNShape>\n      <bpmndi:BPMNShape bpmnElement=\"sid-33868E85-5876-4712-9136-27C22F40C24D\" id=\"BPMNShape_sid-33868E85-5876-4712-9136-27C22F40C24D\">\n        <omgdc:Bounds height=\"80.0\" width=\"100.0\" x=\"175.0\" y=\"138.0\"></omgdc:Bounds>\n      </bpmndi:BPMNShape>\n      <bpmndi:BPMNShape bpmnElement=\"sid-9E02A53C-8F0C-4B08-A7ED-46875520B424\" id=\"BPMNShape_sid-9E02A53C-8F0C-4B08-A7ED-46875520B424\">\n        <omgdc:Bounds height=\"80.0\" width=\"100.0\" x=\"320.0\" y=\"138.0\"></omgdc:Bounds>\n      </bpmndi:BPMNShape>\n      <bpmndi:BPMNShape bpmnElement=\"sid-962F5DA8-4C49-46EC-AC02-75726D74F3BD\" id=\"BPMNShape_sid-962F5DA8-4C49-46EC-AC02-75726D74F3BD\">\n        <omgdc:Bounds height=\"80.0\" width=\"100.0\" x=\"465.0\" y=\"138.0\"></omgdc:Bounds>\n      </bpmndi:BPMNShape>\n      <bpmndi:BPMNShape bpmnElement=\"sid-712F5FB9-B139-4A54-B5F0-0C9963B866D6\" id=\"BPMNShape_sid-712F5FB9-B139-4A54-B5F0-0C9963B866D6\">\n        <omgdc:Bounds height=\"80.0\" width=\"100.0\" x=\"610.0\" y=\"138.0\"></omgdc:Bounds>\n      </bpmndi:BPMNShape>\n      <bpmndi:BPMNShape bpmnElement=\"sid-1B1D89A5-C026-4A31-927F-32BD7888BD59\" id=\"BPMNShape_sid-1B1D89A5-C026-4A31-927F-32BD7888BD59\">\n        <omgdc:Bounds height=\"80.0\" width=\"100.0\" x=\"175.0\" y=\"255.0\"></omgdc:Bounds>\n      </bpmndi:BPMNShape>\n      <bpmndi:BPMNShape bpmnElement=\"sid-A57DF6D0-FE5C-4D32-B8EC-ECEA13271C76\" id=\"BPMNShape_sid-A57DF6D0-FE5C-4D32-B8EC-ECEA13271C76\">\n        <omgdc:Bounds height=\"80.0\" width=\"100.0\" x=\"320.0\" y=\"255.0\"></omgdc:Bounds>\n      </bpmndi:BPMNShape>\n      <bpmndi:BPMNShape bpmnElement=\"sid-18F650C5-F8DF-4D17-AD0B-FCCB1F242C4D\" id=\"BPMNShape_sid-18F650C5-F8DF-4D17-AD0B-FCCB1F242C4D\">\n        <omgdc:Bounds height=\"80.0\" width=\"100.0\" x=\"465.0\" y=\"255.0\"></omgdc:Bounds>\n      </bpmndi:BPMNShape>\n      <bpmndi:BPMNShape bpmnElement=\"sid-4C4E0E45-0E10-40C1-A1A5-B4BC491F8E1E\" id=\"BPMNShape_sid-4C4E0E45-0E10-40C1-A1A5-B4BC491F8E1E\">\n        <omgdc:Bounds height=\"28.0\" width=\"28.0\" x=\"610.0\" y=\"281.0\"></omgdc:Bounds>\n      </bpmndi:BPMNShape>\n      <bpmndi:BPMNEdge bpmnElement=\"sid-07BACF0C-406A-4E40-A1FC-00A0BC020C59\" id=\"BPMNEdge_sid-07BACF0C-406A-4E40-A1FC-00A0BC020C59\">\n        <omgdi:waypoint x=\"129.9499984899576\" y=\"178.0\"></omgdi:waypoint>\n        <omgdi:waypoint x=\"174.9999999999917\" y=\"178.0\"></omgdi:waypoint>\n      </bpmndi:BPMNEdge>\n      <bpmndi:BPMNEdge bpmnElement=\"sid-C4E02C10-B6FB-47DF-8F9F-346B5D75275C\" id=\"BPMNEdge_sid-C4E02C10-B6FB-47DF-8F9F-346B5D75275C\">\n        <omgdi:waypoint x=\"419.94999999990824\" y=\"295.0\"></omgdi:waypoint>\n        <omgdi:waypoint x=\"464.9999999999807\" y=\"295.0\"></omgdi:waypoint>\n      </bpmndi:BPMNEdge>\n      <bpmndi:BPMNEdge bpmnElement=\"sid-2090AF02-C11C-4993-9CC4-F4D95E4F6C72\" id=\"BPMNEdge_sid-2090AF02-C11C-4993-9CC4-F4D95E4F6C72\">\n        <omgdi:waypoint x=\"660.0\" y=\"217.95000000000002\"></omgdi:waypoint>\n        <omgdi:waypoint x=\"660.0\" y=\"234.99999999999994\"></omgdi:waypoint>\n        <omgdi:waypoint x=\"225.0\" y=\"234.99999999999994\"></omgdi:waypoint>\n        <omgdi:waypoint x=\"225.0\" y=\"255.0\"></omgdi:waypoint>\n      </bpmndi:BPMNEdge>\n      <bpmndi:BPMNEdge bpmnElement=\"sid-3B1C7B5B-E126-4DBE-9960-3332CA8953FC\" id=\"BPMNEdge_sid-3B1C7B5B-E126-4DBE-9960-3332CA8953FC\">\n        <omgdi:waypoint x=\"419.94999999999067\" y=\"178.0\"></omgdi:waypoint>\n        <omgdi:waypoint x=\"464.9999999999807\" y=\"178.0\"></omgdi:waypoint>\n      </bpmndi:BPMNEdge>\n      <bpmndi:BPMNEdge bpmnElement=\"sid-75B89205-F7AD-4B61-9772-F69F67FC5A4B\" id=\"BPMNEdge_sid-75B89205-F7AD-4B61-9772-F69F67FC5A4B\">\n        <omgdi:waypoint x=\"564.9499999999907\" y=\"178.0\"></omgdi:waypoint>\n        <omgdi:waypoint x=\"609.9999999999807\" y=\"178.0\"></omgdi:waypoint>\n      </bpmndi:BPMNEdge>\n      <bpmndi:BPMNEdge bpmnElement=\"sid-9D4E7218-A416-4E13-8129-6902D1CEDBD3\" id=\"BPMNEdge_sid-9D4E7218-A416-4E13-8129-6902D1CEDBD3\">\n        <omgdi:waypoint x=\"274.9499999999907\" y=\"178.0\"></omgdi:waypoint>\n        <omgdi:waypoint x=\"319.9999999999807\" y=\"178.0\"></omgdi:waypoint>\n      </bpmndi:BPMNEdge>\n      <bpmndi:BPMNEdge bpmnElement=\"sid-6F9F2036-70B8-4F2E-AF81-4B54AA19CD43\" id=\"BPMNEdge_sid-6F9F2036-70B8-4F2E-AF81-4B54AA19CD43\">\n        <omgdi:waypoint x=\"274.94999999974334\" y=\"295.0\"></omgdi:waypoint>\n        <omgdi:waypoint x=\"319.9999999999807\" y=\"295.0\"></omgdi:waypoint>\n      </bpmndi:BPMNEdge>\n      <bpmndi:BPMNEdge bpmnElement=\"sid-19C22622-BF57-43FF-BE8C-D74EDD41782F\" id=\"BPMNEdge_sid-19C22622-BF57-43FF-BE8C-D74EDD41782F\">\n        <omgdi:waypoint x=\"564.95\" y=\"295.0\"></omgdi:waypoint>\n        <omgdi:waypoint x=\"610.0\" y=\"295.0\"></omgdi:waypoint>\n      </bpmndi:BPMNEdge>\n    </bpmndi:BPMNPlane>\n  </bpmndi:BPMNDiagram>\n</definitions>'),
('59d4c830-2bc9-11eb-9d15-227918fa15ea','out-factory.bpmn','59d4c82f-2bc9-11eb-9d15-227918fa15ea','<?xml version=\"1.0\" encoding=\"UTF-8\"?>\n<definitions xmlns=\"http://www.omg.org/spec/BPMN/20100524/MODEL\" xmlns:xsi=\"http://www.w3.org/2001/XMLSchema-instance\" xmlns:xsd=\"http://www.w3.org/2001/XMLSchema\" xmlns:flowable=\"http://flowable.org/bpmn\" xmlns:bpmndi=\"http://www.omg.org/spec/BPMN/20100524/DI\" xmlns:omgdc=\"http://www.omg.org/spec/DD/20100524/DC\" xmlns:omgdi=\"http://www.omg.org/spec/DD/20100524/DI\" typeLanguage=\"http://www.w3.org/2001/XMLSchema\" expressionLanguage=\"http://www.w3.org/1999/XPath\" targetNamespace=\"http://www.flowable.org/processdef\">\n  <process id=\"out-factory\" name=\"外出单\" isExecutable=\"true\">\n    <startEvent id=\"startEvent1\" name=\"填单\" flowable:initiator=\"initiator\" flowable:formKey=\"out-factory\" flowable:formFieldValidation=\"true\">\n      <extensionElements>\n        <flowable:formProperty id=\"_FLOWABLE_SKIP_EXPRESSION_ENABLED\" name=\"FLOWABLE_SKIP_EXPRESSION_ENABLED\" type=\"boolean\" default=\"true\"></flowable:formProperty>\n        <flowable:formProperty id=\"manager\" name=\"所属领导\" type=\"string\" default=\"manager\"></flowable:formProperty>\n      </extensionElements>\n    </startEvent>\n    <userTask id=\"sid-E086BDD7-66B2-409F-B18C-B682DD9172DB\" name=\"申请人确认\" flowable:assignee=\"${initiator}\" flowable:formKey=\"out-factory\" flowable:formFieldValidation=\"true\" flowable:skipExpression=\"${_FLOWABLE_SKIP_EXPRESSION_ENABLED==true}\">\n      <extensionElements>\n        <modeler:activiti-idm-initiator xmlns:modeler=\"http://flowable.org/modeler\"><![CDATA[true]]></modeler:activiti-idm-initiator>\n      </extensionElements>\n    </userTask>\n    <sequenceFlow id=\"sid-FB957372-CC09-424B-88F0-30C09C3C100F\" sourceRef=\"startEvent1\" targetRef=\"sid-E086BDD7-66B2-409F-B18C-B682DD9172DB\"></sequenceFlow>\n    <userTask id=\"sid-ABCBD09C-DB79-4EE8-BB28-96FEBAAFF175\" name=\"主管审核\" flowable:assignee=\"${manager}\" flowable:formKey=\"out-factory\" flowable:formFieldValidation=\"true\">\n      <extensionElements>\n        <modeler:initiator-can-complete xmlns:modeler=\"http://flowable.org/modeler\"><![CDATA[false]]></modeler:initiator-can-complete>\n      </extensionElements>\n    </userTask>\n    <sequenceFlow id=\"sid-D2A7423F-91E0-430D-AA1A-09A1C246CA40\" sourceRef=\"sid-E086BDD7-66B2-409F-B18C-B682DD9172DB\" targetRef=\"sid-ABCBD09C-DB79-4EE8-BB28-96FEBAAFF175\"></sequenceFlow>\n    <endEvent id=\"sid-52A44D3B-7206-486E-8F26-58E536F8AFDB\" name=\"结束\"></endEvent>\n    <sequenceFlow id=\"sid-C1DDC6AA-BE98-4CC6-AB71-8C8C99AEDC5C\" sourceRef=\"sid-ABCBD09C-DB79-4EE8-BB28-96FEBAAFF175\" targetRef=\"sid-52A44D3B-7206-486E-8F26-58E536F8AFDB\"></sequenceFlow>\n  </process>\n  <bpmndi:BPMNDiagram id=\"BPMNDiagram_out-factory\">\n    <bpmndi:BPMNPlane bpmnElement=\"out-factory\" id=\"BPMNPlane_out-factory\">\n      <bpmndi:BPMNShape bpmnElement=\"startEvent1\" id=\"BPMNShape_startEvent1\">\n        <omgdc:Bounds height=\"30.0\" width=\"30.0\" x=\"100.0\" y=\"163.0\"></omgdc:Bounds>\n      </bpmndi:BPMNShape>\n      <bpmndi:BPMNShape bpmnElement=\"sid-E086BDD7-66B2-409F-B18C-B682DD9172DB\" id=\"BPMNShape_sid-E086BDD7-66B2-409F-B18C-B682DD9172DB\">\n        <omgdc:Bounds height=\"80.0\" width=\"100.0\" x=\"175.0\" y=\"138.0\"></omgdc:Bounds>\n      </bpmndi:BPMNShape>\n      <bpmndi:BPMNShape bpmnElement=\"sid-ABCBD09C-DB79-4EE8-BB28-96FEBAAFF175\" id=\"BPMNShape_sid-ABCBD09C-DB79-4EE8-BB28-96FEBAAFF175\">\n        <omgdc:Bounds height=\"80.0\" width=\"100.0\" x=\"320.0\" y=\"138.0\"></omgdc:Bounds>\n      </bpmndi:BPMNShape>\n      <bpmndi:BPMNShape bpmnElement=\"sid-52A44D3B-7206-486E-8F26-58E536F8AFDB\" id=\"BPMNShape_sid-52A44D3B-7206-486E-8F26-58E536F8AFDB\">\n        <omgdc:Bounds height=\"28.0\" width=\"28.0\" x=\"465.0\" y=\"164.0\"></omgdc:Bounds>\n      </bpmndi:BPMNShape>\n      <bpmndi:BPMNEdge bpmnElement=\"sid-D2A7423F-91E0-430D-AA1A-09A1C246CA40\" id=\"BPMNEdge_sid-D2A7423F-91E0-430D-AA1A-09A1C246CA40\">\n        <omgdi:waypoint x=\"274.9499999999907\" y=\"178.0\"></omgdi:waypoint>\n        <omgdi:waypoint x=\"319.9999999999807\" y=\"178.0\"></omgdi:waypoint>\n      </bpmndi:BPMNEdge>\n      <bpmndi:BPMNEdge bpmnElement=\"sid-C1DDC6AA-BE98-4CC6-AB71-8C8C99AEDC5C\" id=\"BPMNEdge_sid-C1DDC6AA-BE98-4CC6-AB71-8C8C99AEDC5C\">\n        <omgdi:waypoint x=\"419.95000000000005\" y=\"178.0\"></omgdi:waypoint>\n        <omgdi:waypoint x=\"465.0\" y=\"178.0\"></omgdi:waypoint>\n      </bpmndi:BPMNEdge>\n      <bpmndi:BPMNEdge bpmnElement=\"sid-FB957372-CC09-424B-88F0-30C09C3C100F\" id=\"BPMNEdge_sid-FB957372-CC09-424B-88F0-30C09C3C100F\">\n        <omgdi:waypoint x=\"129.9499984899576\" y=\"178.0\"></omgdi:waypoint>\n        <omgdi:waypoint x=\"174.9999999999917\" y=\"178.0\"></omgdi:waypoint>\n      </bpmndi:BPMNEdge>\n    </bpmndi:BPMNPlane>\n  </bpmndi:BPMNDiagram>\n</definitions>'),
('59d4c831-2bc9-11eb-9d15-227918fa15ea','out-factory.app','59d4c82f-2bc9-11eb-9d15-227918fa15ea','{\"key\":\"out-factory\",\"name\":\"外出单\",\"description\":\"\",\"theme\":\"theme-1\",\"icon\":\"glyphicon-asterisk\",\"usersAccess\":null,\"groupsAccess\":null}'),
('59d4c832-2bc9-11eb-9d15-227918fa15ea','form-out-factory.form','59d4c82f-2bc9-11eb-9d15-227918fa15ea','{\"name\":\"外出单\",\"key\":\"out-factory\",\"version\":0,\"fields\":[{\"fieldType\":\"FormField\",\"id\":\"summary\",\"name\":\"主旨\",\"type\":\"text\",\"value\":null,\"required\":true,\"readOnly\":false,\"overrideId\":true,\"placeholder\":\"${summary}\",\"layout\":null},{\"fieldType\":\"FormField\",\"id\":\"empid\",\"name\":\"人员编号\",\"type\":\"integer\",\"value\":null,\"required\":true,\"readOnly\":false,\"overrideId\":true,\"placeholder\":\"${empid}\",\"layout\":null},{\"fieldType\":\"FormField\",\"id\":\"description\",\"name\":\"描述\",\"type\":\"multi-line-text\",\"value\":null,\"required\":true,\"readOnly\":false,\"overrideId\":true,\"placeholder\":\"${description}\",\"layout\":null}],\"outcomes\":[]}'),
('5c0ab701-2d58-11eb-b88c-227918fa15ea','rehire-form.bpmn','5c0ab700-2d58-11eb-b88c-227918fa15ea','<?xml version=\"1.0\" encoding=\"UTF-8\"?>\n<definitions xmlns=\"http://www.omg.org/spec/BPMN/20100524/MODEL\" xmlns:xsi=\"http://www.w3.org/2001/XMLSchema-instance\" xmlns:xsd=\"http://www.w3.org/2001/XMLSchema\" xmlns:flowable=\"http://flowable.org/bpmn\" xmlns:bpmndi=\"http://www.omg.org/spec/BPMN/20100524/DI\" xmlns:omgdc=\"http://www.omg.org/spec/DD/20100524/DC\" xmlns:omgdi=\"http://www.omg.org/spec/DD/20100524/DI\" typeLanguage=\"http://www.w3.org/2001/XMLSchema\" expressionLanguage=\"http://www.w3.org/1999/XPath\" targetNamespace=\"http://www.flowable.org/processdef\">\n  <process id=\"rehire-form\" name=\"返廠申請單\" isExecutable=\"true\">\n    <startEvent id=\"startEvent1\" flowable:initiator=\"initiator\" flowable:formKey=\"rehire-form\" flowable:formFieldValidation=\"true\"></startEvent>\n    <userTask id=\"sid-0F6E5EC1-F13F-4EB9-95B0-306DE8FC4399\" flowable:formFieldValidation=\"true\"></userTask>\n    <sequenceFlow id=\"sid-345367B5-F2D6-40E7-A1B1-D802F28D51BD\" sourceRef=\"startEvent1\" targetRef=\"sid-0F6E5EC1-F13F-4EB9-95B0-306DE8FC4399\"></sequenceFlow>\n    <endEvent id=\"sid-28104B17-66FC-492B-8654-D19352BABECE\"></endEvent>\n    <sequenceFlow id=\"sid-6A43BA7B-9987-46BC-AB2A-44F15554599B\" sourceRef=\"sid-0F6E5EC1-F13F-4EB9-95B0-306DE8FC4399\" targetRef=\"sid-28104B17-66FC-492B-8654-D19352BABECE\"></sequenceFlow>\n  </process>\n  <bpmndi:BPMNDiagram id=\"BPMNDiagram_rehire-form\">\n    <bpmndi:BPMNPlane bpmnElement=\"rehire-form\" id=\"BPMNPlane_rehire-form\">\n      <bpmndi:BPMNShape bpmnElement=\"startEvent1\" id=\"BPMNShape_startEvent1\">\n        <omgdc:Bounds height=\"30.0\" width=\"30.0\" x=\"100.0\" y=\"163.0\"></omgdc:Bounds>\n      </bpmndi:BPMNShape>\n      <bpmndi:BPMNShape bpmnElement=\"sid-0F6E5EC1-F13F-4EB9-95B0-306DE8FC4399\" id=\"BPMNShape_sid-0F6E5EC1-F13F-4EB9-95B0-306DE8FC4399\">\n        <omgdc:Bounds height=\"80.0\" width=\"100.0\" x=\"175.0\" y=\"138.0\"></omgdc:Bounds>\n      </bpmndi:BPMNShape>\n      <bpmndi:BPMNShape bpmnElement=\"sid-28104B17-66FC-492B-8654-D19352BABECE\" id=\"BPMNShape_sid-28104B17-66FC-492B-8654-D19352BABECE\">\n        <omgdc:Bounds height=\"28.0\" width=\"28.0\" x=\"320.0\" y=\"164.0\"></omgdc:Bounds>\n      </bpmndi:BPMNShape>\n      <bpmndi:BPMNEdge bpmnElement=\"sid-6A43BA7B-9987-46BC-AB2A-44F15554599B\" id=\"BPMNEdge_sid-6A43BA7B-9987-46BC-AB2A-44F15554599B\">\n        <omgdi:waypoint x=\"274.95000000000005\" y=\"178.0\"></omgdi:waypoint>\n        <omgdi:waypoint x=\"320.0\" y=\"178.0\"></omgdi:waypoint>\n      </bpmndi:BPMNEdge>\n      <bpmndi:BPMNEdge bpmnElement=\"sid-345367B5-F2D6-40E7-A1B1-D802F28D51BD\" id=\"BPMNEdge_sid-345367B5-F2D6-40E7-A1B1-D802F28D51BD\">\n        <omgdi:waypoint x=\"129.9499984899576\" y=\"178.0\"></omgdi:waypoint>\n        <omgdi:waypoint x=\"174.9999999999917\" y=\"178.0\"></omgdi:waypoint>\n      </bpmndi:BPMNEdge>\n    </bpmndi:BPMNPlane>\n  </bpmndi:BPMNDiagram>\n</definitions>'),
('5c0ab702-2d58-11eb-b88c-227918fa15ea','form-rehire-form.form','5c0ab700-2d58-11eb-b88c-227918fa15ea','{\"name\":\"返廠申請單\",\"key\":\"rehire-form\",\"version\":0,\"fields\":[{\"fieldType\":\"FormField\",\"id\":\"label\",\"name\":\"Label\",\"type\":\"text\",\"value\":null,\"required\":false,\"readOnly\":false,\"overrideId\":false,\"placeholder\":null,\"layout\":null},{\"fieldType\":\"FormField\",\"id\":\"label\",\"name\":\"Label\",\"type\":\"multi-line-text\",\"value\":null,\"required\":false,\"readOnly\":false,\"overrideId\":false,\"placeholder\":null,\"layout\":null}],\"outcomes\":[]}'),
('5c0ab703-2d58-11eb-b88c-227918fa15ea','rehire-form.app','5c0ab700-2d58-11eb-b88c-227918fa15ea','{\"key\":\"rehire-form\",\"name\":\"返廠申請單\",\"description\":\"\",\"theme\":\"theme-1\",\"icon\":\"glyphicon-asterisk\",\"usersAccess\":null,\"groupsAccess\":null}'),
('5f2e84a0-2f82-11eb-bdfc-227918fa15ea','out-factory.bpmn','5f2e849f-2f82-11eb-bdfc-227918fa15ea','<?xml version=\"1.0\" encoding=\"UTF-8\"?>\n<definitions xmlns=\"http://www.omg.org/spec/BPMN/20100524/MODEL\" xmlns:xsi=\"http://www.w3.org/2001/XMLSchema-instance\" xmlns:xsd=\"http://www.w3.org/2001/XMLSchema\" xmlns:flowable=\"http://flowable.org/bpmn\" xmlns:bpmndi=\"http://www.omg.org/spec/BPMN/20100524/DI\" xmlns:omgdc=\"http://www.omg.org/spec/DD/20100524/DC\" xmlns:omgdi=\"http://www.omg.org/spec/DD/20100524/DI\" typeLanguage=\"http://www.w3.org/2001/XMLSchema\" expressionLanguage=\"http://www.w3.org/1999/XPath\" targetNamespace=\"http://www.flowable.org/processdef\">\n  <process id=\"out-factory\" name=\"外出单\" isExecutable=\"true\">\n    <startEvent id=\"startEvent1\" name=\"填单\" flowable:initiator=\"initiator\" flowable:formKey=\"out-factory\" flowable:formFieldValidation=\"true\"></startEvent>\n    <userTask id=\"sid-E086BDD7-66B2-409F-B18C-B682DD9172DB\" name=\"申请人确认\" flowable:assignee=\"${initiator}\" flowable:formKey=\"out-factory\" flowable:formFieldValidation=\"true\" flowable:skipExpression=\"${skip}\">\n      <extensionElements>\n        <modeler:activiti-idm-initiator xmlns:modeler=\"http://flowable.org/modeler\"><![CDATA[true]]></modeler:activiti-idm-initiator>\n      </extensionElements>\n    </userTask>\n    <sequenceFlow id=\"sid-FB957372-CC09-424B-88F0-30C09C3C100F\" sourceRef=\"startEvent1\" targetRef=\"sid-E086BDD7-66B2-409F-B18C-B682DD9172DB\"></sequenceFlow>\n    <userTask id=\"sid-ABCBD09C-DB79-4EE8-BB28-96FEBAAFF175\" name=\"主管审核\" flowable:assignee=\"${manager}\" flowable:formKey=\"out-factory\" flowable:formFieldValidation=\"true\" flowable:skipExpression=\"${manager==initiator}\">\n      <extensionElements>\n        <flowable:taskListener event=\"create\" class=\"com.deltaww.flowapi.listener.AutoAssigneeListener\"></flowable:taskListener>\n        <modeler:initiator-can-complete xmlns:modeler=\"http://flowable.org/modeler\"><![CDATA[false]]></modeler:initiator-can-complete>\n      </extensionElements>\n    </userTask>\n    <sequenceFlow id=\"sid-D2A7423F-91E0-430D-AA1A-09A1C246CA40\" sourceRef=\"sid-E086BDD7-66B2-409F-B18C-B682DD9172DB\" targetRef=\"sid-ABCBD09C-DB79-4EE8-BB28-96FEBAAFF175\"></sequenceFlow>\n    <endEvent id=\"sid-52A44D3B-7206-486E-8F26-58E536F8AFDB\" name=\"结束\"></endEvent>\n    <sequenceFlow id=\"sid-C1DDC6AA-BE98-4CC6-AB71-8C8C99AEDC5C\" sourceRef=\"sid-ABCBD09C-DB79-4EE8-BB28-96FEBAAFF175\" targetRef=\"sid-52A44D3B-7206-486E-8F26-58E536F8AFDB\"></sequenceFlow>\n  </process>\n  <bpmndi:BPMNDiagram id=\"BPMNDiagram_out-factory\">\n    <bpmndi:BPMNPlane bpmnElement=\"out-factory\" id=\"BPMNPlane_out-factory\">\n      <bpmndi:BPMNShape bpmnElement=\"startEvent1\" id=\"BPMNShape_startEvent1\">\n        <omgdc:Bounds height=\"30.0\" width=\"30.0\" x=\"100.0\" y=\"163.0\"></omgdc:Bounds>\n      </bpmndi:BPMNShape>\n      <bpmndi:BPMNShape bpmnElement=\"sid-E086BDD7-66B2-409F-B18C-B682DD9172DB\" id=\"BPMNShape_sid-E086BDD7-66B2-409F-B18C-B682DD9172DB\">\n        <omgdc:Bounds height=\"80.0\" width=\"100.0\" x=\"175.0\" y=\"138.0\"></omgdc:Bounds>\n      </bpmndi:BPMNShape>\n      <bpmndi:BPMNShape bpmnElement=\"sid-ABCBD09C-DB79-4EE8-BB28-96FEBAAFF175\" id=\"BPMNShape_sid-ABCBD09C-DB79-4EE8-BB28-96FEBAAFF175\">\n        <omgdc:Bounds height=\"80.0\" width=\"100.0\" x=\"320.0\" y=\"138.0\"></omgdc:Bounds>\n      </bpmndi:BPMNShape>\n      <bpmndi:BPMNShape bpmnElement=\"sid-52A44D3B-7206-486E-8F26-58E536F8AFDB\" id=\"BPMNShape_sid-52A44D3B-7206-486E-8F26-58E536F8AFDB\">\n        <omgdc:Bounds height=\"28.0\" width=\"28.0\" x=\"465.0\" y=\"164.0\"></omgdc:Bounds>\n      </bpmndi:BPMNShape>\n      <bpmndi:BPMNEdge bpmnElement=\"sid-D2A7423F-91E0-430D-AA1A-09A1C246CA40\" id=\"BPMNEdge_sid-D2A7423F-91E0-430D-AA1A-09A1C246CA40\">\n        <omgdi:waypoint x=\"274.9499999999907\" y=\"178.0\"></omgdi:waypoint>\n        <omgdi:waypoint x=\"319.9999999999807\" y=\"178.0\"></omgdi:waypoint>\n      </bpmndi:BPMNEdge>\n      <bpmndi:BPMNEdge bpmnElement=\"sid-C1DDC6AA-BE98-4CC6-AB71-8C8C99AEDC5C\" id=\"BPMNEdge_sid-C1DDC6AA-BE98-4CC6-AB71-8C8C99AEDC5C\">\n        <omgdi:waypoint x=\"419.95000000000005\" y=\"178.0\"></omgdi:waypoint>\n        <omgdi:waypoint x=\"465.0\" y=\"178.0\"></omgdi:waypoint>\n      </bpmndi:BPMNEdge>\n      <bpmndi:BPMNEdge bpmnElement=\"sid-FB957372-CC09-424B-88F0-30C09C3C100F\" id=\"BPMNEdge_sid-FB957372-CC09-424B-88F0-30C09C3C100F\">\n        <omgdi:waypoint x=\"129.9499984899576\" y=\"178.0\"></omgdi:waypoint>\n        <omgdi:waypoint x=\"174.9999999999917\" y=\"178.0\"></omgdi:waypoint>\n      </bpmndi:BPMNEdge>\n    </bpmndi:BPMNPlane>\n  </bpmndi:BPMNDiagram>\n</definitions>'),
('5f2e84a1-2f82-11eb-bdfc-227918fa15ea','out-factory.app','5f2e849f-2f82-11eb-bdfc-227918fa15ea','{\"key\":\"out-factory\",\"name\":\"外出单\",\"description\":\"\",\"theme\":\"theme-1\",\"icon\":\"glyphicon-asterisk\",\"usersAccess\":null,\"groupsAccess\":null}'),
('5f2e84a2-2f82-11eb-bdfc-227918fa15ea','form-out-factory.form','5f2e849f-2f82-11eb-bdfc-227918fa15ea','{\"name\":\"外出单\",\"key\":\"out-factory\",\"version\":0,\"fields\":[{\"fieldType\":\"FormField\",\"id\":\"summary\",\"name\":\"主旨\",\"type\":\"text\",\"value\":null,\"required\":true,\"readOnly\":false,\"overrideId\":true,\"placeholder\":\"${summary}\",\"layout\":null},{\"fieldType\":\"FormField\",\"id\":\"empid\",\"name\":\"人员编号\",\"type\":\"integer\",\"value\":null,\"required\":true,\"readOnly\":false,\"overrideId\":true,\"placeholder\":\"${empid}\",\"layout\":null},{\"fieldType\":\"FormField\",\"id\":\"_FLOWABLE_SKIP_EXPRESSION_ENABLED\",\"name\":\"允许跳过\",\"type\":\"boolean\",\"value\":null,\"required\":false,\"readOnly\":true,\"overrideId\":true,\"placeholder\":null,\"layout\":null},{\"fieldType\":\"FormField\",\"id\":\"skip\",\"name\":\"是否跳过\",\"type\":\"boolean\",\"value\":null,\"required\":false,\"readOnly\":true,\"overrideId\":true,\"placeholder\":null,\"layout\":null},{\"fieldType\":\"FormField\",\"id\":\"manager\",\"name\":\"所属主管\",\"type\":\"text\",\"value\":null,\"required\":false,\"readOnly\":true,\"overrideId\":true,\"placeholder\":\"manager\",\"layout\":null},{\"fieldType\":\"FormField\",\"id\":\"description\",\"name\":\"描述\",\"type\":\"multi-line-text\",\"value\":null,\"required\":true,\"readOnly\":false,\"overrideId\":true,\"placeholder\":\"${description}\",\"layout\":null}],\"outcomes\":[{\"id\":null,\"name\":\"agree\"},{\"id\":null,\"name\":\"reject\"}]}'),
('60198b93-2f83-11eb-bdfc-227918fa15ea','out-factory.bpmn','60198b92-2f83-11eb-bdfc-227918fa15ea','<?xml version=\"1.0\" encoding=\"UTF-8\"?>\n<definitions xmlns=\"http://www.omg.org/spec/BPMN/20100524/MODEL\" xmlns:xsi=\"http://www.w3.org/2001/XMLSchema-instance\" xmlns:xsd=\"http://www.w3.org/2001/XMLSchema\" xmlns:flowable=\"http://flowable.org/bpmn\" xmlns:bpmndi=\"http://www.omg.org/spec/BPMN/20100524/DI\" xmlns:omgdc=\"http://www.omg.org/spec/DD/20100524/DC\" xmlns:omgdi=\"http://www.omg.org/spec/DD/20100524/DI\" typeLanguage=\"http://www.w3.org/2001/XMLSchema\" expressionLanguage=\"http://www.w3.org/1999/XPath\" targetNamespace=\"http://www.flowable.org/processdef\">\n  <process id=\"out-factory\" name=\"外出单\" isExecutable=\"true\">\n    <startEvent id=\"startEvent1\" name=\"填单\" flowable:initiator=\"initiator\" flowable:formKey=\"out-factory\" flowable:formFieldValidation=\"true\"></startEvent>\n    <userTask id=\"sid-E086BDD7-66B2-409F-B18C-B682DD9172DB\" name=\"申请人确认\" flowable:assignee=\"${initiator}\" flowable:formKey=\"out-factory\" flowable:formFieldValidation=\"true\" flowable:skipExpression=\"${skip}\">\n      <extensionElements>\n        <modeler:activiti-idm-initiator xmlns:modeler=\"http://flowable.org/modeler\"><![CDATA[true]]></modeler:activiti-idm-initiator>\n      </extensionElements>\n    </userTask>\n    <sequenceFlow id=\"sid-FB957372-CC09-424B-88F0-30C09C3C100F\" sourceRef=\"startEvent1\" targetRef=\"sid-E086BDD7-66B2-409F-B18C-B682DD9172DB\"></sequenceFlow>\n    <userTask id=\"sid-ABCBD09C-DB79-4EE8-BB28-96FEBAAFF175\" name=\"主管审核\" flowable:assignee=\"${manager}\" flowable:formKey=\"out-factory\" flowable:formFieldValidation=\"true\" flowable:skipExpression=\"${manager==initiator}\">\n      <extensionElements>\n        <flowable:taskListener event=\"create\" class=\"com.deltaww.flowapi.listener.AutoAssigneeListener\"></flowable:taskListener>\n        <modeler:initiator-can-complete xmlns:modeler=\"http://flowable.org/modeler\"><![CDATA[false]]></modeler:initiator-can-complete>\n      </extensionElements>\n    </userTask>\n    <sequenceFlow id=\"sid-D2A7423F-91E0-430D-AA1A-09A1C246CA40\" sourceRef=\"sid-E086BDD7-66B2-409F-B18C-B682DD9172DB\" targetRef=\"sid-ABCBD09C-DB79-4EE8-BB28-96FEBAAFF175\"></sequenceFlow>\n    <endEvent id=\"sid-52A44D3B-7206-486E-8F26-58E536F8AFDB\" name=\"结束\"></endEvent>\n    <sequenceFlow id=\"sid-C1DDC6AA-BE98-4CC6-AB71-8C8C99AEDC5C\" sourceRef=\"sid-ABCBD09C-DB79-4EE8-BB28-96FEBAAFF175\" targetRef=\"sid-52A44D3B-7206-486E-8F26-58E536F8AFDB\"></sequenceFlow>\n  </process>\n  <bpmndi:BPMNDiagram id=\"BPMNDiagram_out-factory\">\n    <bpmndi:BPMNPlane bpmnElement=\"out-factory\" id=\"BPMNPlane_out-factory\">\n      <bpmndi:BPMNShape bpmnElement=\"startEvent1\" id=\"BPMNShape_startEvent1\">\n        <omgdc:Bounds height=\"30.0\" width=\"30.0\" x=\"100.0\" y=\"163.0\"></omgdc:Bounds>\n      </bpmndi:BPMNShape>\n      <bpmndi:BPMNShape bpmnElement=\"sid-E086BDD7-66B2-409F-B18C-B682DD9172DB\" id=\"BPMNShape_sid-E086BDD7-66B2-409F-B18C-B682DD9172DB\">\n        <omgdc:Bounds height=\"80.0\" width=\"100.0\" x=\"175.0\" y=\"138.0\"></omgdc:Bounds>\n      </bpmndi:BPMNShape>\n      <bpmndi:BPMNShape bpmnElement=\"sid-ABCBD09C-DB79-4EE8-BB28-96FEBAAFF175\" id=\"BPMNShape_sid-ABCBD09C-DB79-4EE8-BB28-96FEBAAFF175\">\n        <omgdc:Bounds height=\"80.0\" width=\"100.0\" x=\"320.0\" y=\"138.0\"></omgdc:Bounds>\n      </bpmndi:BPMNShape>\n      <bpmndi:BPMNShape bpmnElement=\"sid-52A44D3B-7206-486E-8F26-58E536F8AFDB\" id=\"BPMNShape_sid-52A44D3B-7206-486E-8F26-58E536F8AFDB\">\n        <omgdc:Bounds height=\"28.0\" width=\"28.0\" x=\"465.0\" y=\"164.0\"></omgdc:Bounds>\n      </bpmndi:BPMNShape>\n      <bpmndi:BPMNEdge bpmnElement=\"sid-D2A7423F-91E0-430D-AA1A-09A1C246CA40\" id=\"BPMNEdge_sid-D2A7423F-91E0-430D-AA1A-09A1C246CA40\">\n        <omgdi:waypoint x=\"274.9499999999907\" y=\"178.0\"></omgdi:waypoint>\n        <omgdi:waypoint x=\"319.9999999999807\" y=\"178.0\"></omgdi:waypoint>\n      </bpmndi:BPMNEdge>\n      <bpmndi:BPMNEdge bpmnElement=\"sid-C1DDC6AA-BE98-4CC6-AB71-8C8C99AEDC5C\" id=\"BPMNEdge_sid-C1DDC6AA-BE98-4CC6-AB71-8C8C99AEDC5C\">\n        <omgdi:waypoint x=\"419.95000000000005\" y=\"178.0\"></omgdi:waypoint>\n        <omgdi:waypoint x=\"465.0\" y=\"178.0\"></omgdi:waypoint>\n      </bpmndi:BPMNEdge>\n      <bpmndi:BPMNEdge bpmnElement=\"sid-FB957372-CC09-424B-88F0-30C09C3C100F\" id=\"BPMNEdge_sid-FB957372-CC09-424B-88F0-30C09C3C100F\">\n        <omgdi:waypoint x=\"129.9499984899576\" y=\"178.0\"></omgdi:waypoint>\n        <omgdi:waypoint x=\"174.9999999999917\" y=\"178.0\"></omgdi:waypoint>\n      </bpmndi:BPMNEdge>\n    </bpmndi:BPMNPlane>\n  </bpmndi:BPMNDiagram>\n</definitions>'),
('6019b2a4-2f83-11eb-bdfc-227918fa15ea','out-factory.app','60198b92-2f83-11eb-bdfc-227918fa15ea','{\"key\":\"out-factory\",\"name\":\"外出单\",\"description\":\"\",\"theme\":\"theme-1\",\"icon\":\"glyphicon-asterisk\",\"usersAccess\":null,\"groupsAccess\":null}'),
('6019b2a5-2f83-11eb-bdfc-227918fa15ea','form-out-factory.form','60198b92-2f83-11eb-bdfc-227918fa15ea','{\"name\":\"外出单\",\"key\":\"out-factory\",\"version\":0,\"fields\":[{\"fieldType\":\"FormField\",\"id\":\"summary\",\"name\":\"主旨\",\"type\":\"text\",\"value\":null,\"required\":true,\"readOnly\":false,\"overrideId\":true,\"placeholder\":\"${summary}\",\"layout\":null},{\"fieldType\":\"FormField\",\"id\":\"empid\",\"name\":\"人员编号\",\"type\":\"integer\",\"value\":null,\"required\":true,\"readOnly\":false,\"overrideId\":true,\"placeholder\":\"${empid}\",\"layout\":null},{\"fieldType\":\"FormField\",\"id\":\"_FLOWABLE_SKIP_EXPRESSION_ENABLED\",\"name\":\"允许跳过\",\"type\":\"boolean\",\"value\":null,\"required\":false,\"readOnly\":true,\"overrideId\":true,\"placeholder\":null,\"layout\":null},{\"fieldType\":\"FormField\",\"id\":\"skip\",\"name\":\"是否跳过\",\"type\":\"boolean\",\"value\":null,\"required\":false,\"readOnly\":true,\"overrideId\":true,\"placeholder\":null,\"layout\":null},{\"fieldType\":\"FormField\",\"id\":\"manager\",\"name\":\"所属主管\",\"type\":\"text\",\"value\":null,\"required\":false,\"readOnly\":true,\"overrideId\":true,\"placeholder\":\"manager\",\"layout\":null},{\"fieldType\":\"FormField\",\"id\":\"description\",\"name\":\"描述\",\"type\":\"multi-line-text\",\"value\":null,\"required\":true,\"readOnly\":false,\"overrideId\":true,\"placeholder\":\"${description}\",\"layout\":null}],\"outcomes\":[]}'),
('6747bbbe-2bc8-11eb-9d15-227918fa15ea','out-factory.bpmn','6747bbbd-2bc8-11eb-9d15-227918fa15ea','<?xml version=\"1.0\" encoding=\"UTF-8\"?>\n<definitions xmlns=\"http://www.omg.org/spec/BPMN/20100524/MODEL\" xmlns:xsi=\"http://www.w3.org/2001/XMLSchema-instance\" xmlns:xsd=\"http://www.w3.org/2001/XMLSchema\" xmlns:flowable=\"http://flowable.org/bpmn\" xmlns:bpmndi=\"http://www.omg.org/spec/BPMN/20100524/DI\" xmlns:omgdc=\"http://www.omg.org/spec/DD/20100524/DC\" xmlns:omgdi=\"http://www.omg.org/spec/DD/20100524/DI\" typeLanguage=\"http://www.w3.org/2001/XMLSchema\" expressionLanguage=\"http://www.w3.org/1999/XPath\" targetNamespace=\"http://www.flowable.org/processdef\">\n  <process id=\"out-factory\" name=\"外出单\" isExecutable=\"true\">\n    <startEvent id=\"startEvent1\" name=\"填单\" flowable:initiator=\"initiator\" flowable:formKey=\"out-factory\" flowable:formFieldValidation=\"true\">\n      <extensionElements>\n        <flowable:formProperty id=\"_FLOWABLE_SKIP_EXPRESSION_ENABLED\" name=\"FLOWABLE_SKIP_EXPRESSION_ENABLED\" type=\"boolean\" default=\"true\"></flowable:formProperty>\n      </extensionElements>\n    </startEvent>\n    <userTask id=\"sid-E086BDD7-66B2-409F-B18C-B682DD9172DB\" name=\"申请人确认\" flowable:assignee=\"${initiator}\" flowable:formKey=\"out-factory\" flowable:formFieldValidation=\"true\" flowable:skipExpression=\"${_FLOWABLE_SKIP_EXPRESSION_ENABLED==true}\">\n      <extensionElements>\n        <modeler:activiti-idm-initiator xmlns:modeler=\"http://flowable.org/modeler\"><![CDATA[true]]></modeler:activiti-idm-initiator>\n      </extensionElements>\n    </userTask>\n    <sequenceFlow id=\"sid-FB957372-CC09-424B-88F0-30C09C3C100F\" sourceRef=\"startEvent1\" targetRef=\"sid-E086BDD7-66B2-409F-B18C-B682DD9172DB\"></sequenceFlow>\n    <userTask id=\"sid-ABCBD09C-DB79-4EE8-BB28-96FEBAAFF175\" name=\"主管审核\" flowable:assignee=\"${manager}\" flowable:formKey=\"out-factory\" flowable:formFieldValidation=\"true\">\n      <extensionElements>\n        <modeler:initiator-can-complete xmlns:modeler=\"http://flowable.org/modeler\"><![CDATA[false]]></modeler:initiator-can-complete>\n      </extensionElements>\n    </userTask>\n    <sequenceFlow id=\"sid-D2A7423F-91E0-430D-AA1A-09A1C246CA40\" sourceRef=\"sid-E086BDD7-66B2-409F-B18C-B682DD9172DB\" targetRef=\"sid-ABCBD09C-DB79-4EE8-BB28-96FEBAAFF175\"></sequenceFlow>\n    <endEvent id=\"sid-52A44D3B-7206-486E-8F26-58E536F8AFDB\" name=\"结束\"></endEvent>\n    <sequenceFlow id=\"sid-C1DDC6AA-BE98-4CC6-AB71-8C8C99AEDC5C\" sourceRef=\"sid-ABCBD09C-DB79-4EE8-BB28-96FEBAAFF175\" targetRef=\"sid-52A44D3B-7206-486E-8F26-58E536F8AFDB\"></sequenceFlow>\n  </process>\n  <bpmndi:BPMNDiagram id=\"BPMNDiagram_out-factory\">\n    <bpmndi:BPMNPlane bpmnElement=\"out-factory\" id=\"BPMNPlane_out-factory\">\n      <bpmndi:BPMNShape bpmnElement=\"startEvent1\" id=\"BPMNShape_startEvent1\">\n        <omgdc:Bounds height=\"30.0\" width=\"30.0\" x=\"100.0\" y=\"163.0\"></omgdc:Bounds>\n      </bpmndi:BPMNShape>\n      <bpmndi:BPMNShape bpmnElement=\"sid-E086BDD7-66B2-409F-B18C-B682DD9172DB\" id=\"BPMNShape_sid-E086BDD7-66B2-409F-B18C-B682DD9172DB\">\n        <omgdc:Bounds height=\"80.0\" width=\"100.0\" x=\"175.0\" y=\"138.0\"></omgdc:Bounds>\n      </bpmndi:BPMNShape>\n      <bpmndi:BPMNShape bpmnElement=\"sid-ABCBD09C-DB79-4EE8-BB28-96FEBAAFF175\" id=\"BPMNShape_sid-ABCBD09C-DB79-4EE8-BB28-96FEBAAFF175\">\n        <omgdc:Bounds height=\"80.0\" width=\"100.0\" x=\"320.0\" y=\"138.0\"></omgdc:Bounds>\n      </bpmndi:BPMNShape>\n      <bpmndi:BPMNShape bpmnElement=\"sid-52A44D3B-7206-486E-8F26-58E536F8AFDB\" id=\"BPMNShape_sid-52A44D3B-7206-486E-8F26-58E536F8AFDB\">\n        <omgdc:Bounds height=\"28.0\" width=\"28.0\" x=\"465.0\" y=\"164.0\"></omgdc:Bounds>\n      </bpmndi:BPMNShape>\n      <bpmndi:BPMNEdge bpmnElement=\"sid-D2A7423F-91E0-430D-AA1A-09A1C246CA40\" id=\"BPMNEdge_sid-D2A7423F-91E0-430D-AA1A-09A1C246CA40\">\n        <omgdi:waypoint x=\"274.9499999999907\" y=\"178.0\"></omgdi:waypoint>\n        <omgdi:waypoint x=\"319.9999999999807\" y=\"178.0\"></omgdi:waypoint>\n      </bpmndi:BPMNEdge>\n      <bpmndi:BPMNEdge bpmnElement=\"sid-C1DDC6AA-BE98-4CC6-AB71-8C8C99AEDC5C\" id=\"BPMNEdge_sid-C1DDC6AA-BE98-4CC6-AB71-8C8C99AEDC5C\">\n        <omgdi:waypoint x=\"419.95000000000005\" y=\"178.0\"></omgdi:waypoint>\n        <omgdi:waypoint x=\"465.0\" y=\"178.0\"></omgdi:waypoint>\n      </bpmndi:BPMNEdge>\n      <bpmndi:BPMNEdge bpmnElement=\"sid-FB957372-CC09-424B-88F0-30C09C3C100F\" id=\"BPMNEdge_sid-FB957372-CC09-424B-88F0-30C09C3C100F\">\n        <omgdi:waypoint x=\"129.9499984899576\" y=\"178.0\"></omgdi:waypoint>\n        <omgdi:waypoint x=\"174.9999999999917\" y=\"178.0\"></omgdi:waypoint>\n      </bpmndi:BPMNEdge>\n    </bpmndi:BPMNPlane>\n  </bpmndi:BPMNDiagram>\n</definitions>'),
('6747bbbf-2bc8-11eb-9d15-227918fa15ea','out-factory.app','6747bbbd-2bc8-11eb-9d15-227918fa15ea','{\"key\":\"out-factory\",\"name\":\"外出单\",\"description\":\"\",\"theme\":\"theme-1\",\"icon\":\"glyphicon-asterisk\",\"usersAccess\":null,\"groupsAccess\":null}'),
('6747bbc0-2bc8-11eb-9d15-227918fa15ea','form-out-factory.form','6747bbbd-2bc8-11eb-9d15-227918fa15ea','{\"name\":\"外出单\",\"key\":\"out-factory\",\"version\":0,\"fields\":[{\"fieldType\":\"FormField\",\"id\":\"summary\",\"name\":\"主旨\",\"type\":\"text\",\"value\":null,\"required\":true,\"readOnly\":false,\"overrideId\":true,\"placeholder\":\"${summary}\",\"layout\":null},{\"fieldType\":\"FormField\",\"id\":\"empid\",\"name\":\"人员编号\",\"type\":\"integer\",\"value\":null,\"required\":true,\"readOnly\":false,\"overrideId\":true,\"placeholder\":\"${empid}\",\"layout\":null},{\"fieldType\":\"FormField\",\"id\":\"description\",\"name\":\"描述\",\"type\":\"multi-line-text\",\"value\":null,\"required\":true,\"readOnly\":false,\"overrideId\":true,\"placeholder\":\"${description}\",\"layout\":null}],\"outcomes\":[]}'),
('6d8b08e7-2e03-11eb-8edb-227918fa15ea','out-factory.bpmn','6d8b08e6-2e03-11eb-8edb-227918fa15ea','<?xml version=\"1.0\" encoding=\"UTF-8\"?>\n<definitions xmlns=\"http://www.omg.org/spec/BPMN/20100524/MODEL\" xmlns:xsi=\"http://www.w3.org/2001/XMLSchema-instance\" xmlns:xsd=\"http://www.w3.org/2001/XMLSchema\" xmlns:flowable=\"http://flowable.org/bpmn\" xmlns:bpmndi=\"http://www.omg.org/spec/BPMN/20100524/DI\" xmlns:omgdc=\"http://www.omg.org/spec/DD/20100524/DC\" xmlns:omgdi=\"http://www.omg.org/spec/DD/20100524/DI\" typeLanguage=\"http://www.w3.org/2001/XMLSchema\" expressionLanguage=\"http://www.w3.org/1999/XPath\" targetNamespace=\"http://www.flowable.org/processdef\">\n  <process id=\"out-factory\" name=\"外出单\" isExecutable=\"true\">\n    <startEvent id=\"startEvent1\" name=\"填单\" flowable:initiator=\"initiator\" flowable:formKey=\"out-factory\" flowable:formFieldValidation=\"true\"></startEvent>\n    <userTask id=\"sid-E086BDD7-66B2-409F-B18C-B682DD9172DB\" name=\"申请人确认\" flowable:assignee=\"${initiator}\" flowable:formKey=\"out-factory\" flowable:formFieldValidation=\"true\" flowable:skipExpression=\"${skip==true}\">\n      <extensionElements>\n        <modeler:activiti-idm-initiator xmlns:modeler=\"http://flowable.org/modeler\"><![CDATA[true]]></modeler:activiti-idm-initiator>\n      </extensionElements>\n    </userTask>\n    <sequenceFlow id=\"sid-FB957372-CC09-424B-88F0-30C09C3C100F\" sourceRef=\"startEvent1\" targetRef=\"sid-E086BDD7-66B2-409F-B18C-B682DD9172DB\"></sequenceFlow>\n    <userTask id=\"sid-ABCBD09C-DB79-4EE8-BB28-96FEBAAFF175\" name=\"主管审核\" flowable:assignee=\"${manager}\" flowable:formKey=\"out-factory\" flowable:formFieldValidation=\"true\">\n      <extensionElements>\n        <flowable:taskListener event=\"create\" class=\"com.deltaww.flowapi.listener.AutoAssigneeListener\"></flowable:taskListener>\n        <modeler:initiator-can-complete xmlns:modeler=\"http://flowable.org/modeler\"><![CDATA[false]]></modeler:initiator-can-complete>\n      </extensionElements>\n    </userTask>\n    <sequenceFlow id=\"sid-D2A7423F-91E0-430D-AA1A-09A1C246CA40\" sourceRef=\"sid-E086BDD7-66B2-409F-B18C-B682DD9172DB\" targetRef=\"sid-ABCBD09C-DB79-4EE8-BB28-96FEBAAFF175\"></sequenceFlow>\n    <endEvent id=\"sid-52A44D3B-7206-486E-8F26-58E536F8AFDB\" name=\"结束\"></endEvent>\n    <sequenceFlow id=\"sid-C1DDC6AA-BE98-4CC6-AB71-8C8C99AEDC5C\" sourceRef=\"sid-ABCBD09C-DB79-4EE8-BB28-96FEBAAFF175\" targetRef=\"sid-52A44D3B-7206-486E-8F26-58E536F8AFDB\"></sequenceFlow>\n  </process>\n  <bpmndi:BPMNDiagram id=\"BPMNDiagram_out-factory\">\n    <bpmndi:BPMNPlane bpmnElement=\"out-factory\" id=\"BPMNPlane_out-factory\">\n      <bpmndi:BPMNShape bpmnElement=\"startEvent1\" id=\"BPMNShape_startEvent1\">\n        <omgdc:Bounds height=\"30.0\" width=\"30.0\" x=\"100.0\" y=\"163.0\"></omgdc:Bounds>\n      </bpmndi:BPMNShape>\n      <bpmndi:BPMNShape bpmnElement=\"sid-E086BDD7-66B2-409F-B18C-B682DD9172DB\" id=\"BPMNShape_sid-E086BDD7-66B2-409F-B18C-B682DD9172DB\">\n        <omgdc:Bounds height=\"80.0\" width=\"100.0\" x=\"175.0\" y=\"138.0\"></omgdc:Bounds>\n      </bpmndi:BPMNShape>\n      <bpmndi:BPMNShape bpmnElement=\"sid-ABCBD09C-DB79-4EE8-BB28-96FEBAAFF175\" id=\"BPMNShape_sid-ABCBD09C-DB79-4EE8-BB28-96FEBAAFF175\">\n        <omgdc:Bounds height=\"80.0\" width=\"100.0\" x=\"320.0\" y=\"138.0\"></omgdc:Bounds>\n      </bpmndi:BPMNShape>\n      <bpmndi:BPMNShape bpmnElement=\"sid-52A44D3B-7206-486E-8F26-58E536F8AFDB\" id=\"BPMNShape_sid-52A44D3B-7206-486E-8F26-58E536F8AFDB\">\n        <omgdc:Bounds height=\"28.0\" width=\"28.0\" x=\"465.0\" y=\"164.0\"></omgdc:Bounds>\n      </bpmndi:BPMNShape>\n      <bpmndi:BPMNEdge bpmnElement=\"sid-D2A7423F-91E0-430D-AA1A-09A1C246CA40\" id=\"BPMNEdge_sid-D2A7423F-91E0-430D-AA1A-09A1C246CA40\">\n        <omgdi:waypoint x=\"274.9499999999907\" y=\"178.0\"></omgdi:waypoint>\n        <omgdi:waypoint x=\"319.9999999999807\" y=\"178.0\"></omgdi:waypoint>\n      </bpmndi:BPMNEdge>\n      <bpmndi:BPMNEdge bpmnElement=\"sid-C1DDC6AA-BE98-4CC6-AB71-8C8C99AEDC5C\" id=\"BPMNEdge_sid-C1DDC6AA-BE98-4CC6-AB71-8C8C99AEDC5C\">\n        <omgdi:waypoint x=\"419.95000000000005\" y=\"178.0\"></omgdi:waypoint>\n        <omgdi:waypoint x=\"465.0\" y=\"178.0\"></omgdi:waypoint>\n      </bpmndi:BPMNEdge>\n      <bpmndi:BPMNEdge bpmnElement=\"sid-FB957372-CC09-424B-88F0-30C09C3C100F\" id=\"BPMNEdge_sid-FB957372-CC09-424B-88F0-30C09C3C100F\">\n        <omgdi:waypoint x=\"129.9499984899576\" y=\"178.0\"></omgdi:waypoint>\n        <omgdi:waypoint x=\"174.9999999999917\" y=\"178.0\"></omgdi:waypoint>\n      </bpmndi:BPMNEdge>\n    </bpmndi:BPMNPlane>\n  </bpmndi:BPMNDiagram>\n</definitions>'),
('6d8b08e8-2e03-11eb-8edb-227918fa15ea','out-factory.app','6d8b08e6-2e03-11eb-8edb-227918fa15ea','{\"key\":\"out-factory\",\"name\":\"外出单\",\"description\":\"\",\"theme\":\"theme-1\",\"icon\":\"glyphicon-asterisk\",\"usersAccess\":null,\"groupsAccess\":null}'),
('6d8b08e9-2e03-11eb-8edb-227918fa15ea','form-out-factory.form','6d8b08e6-2e03-11eb-8edb-227918fa15ea','{\"name\":\"外出单\",\"key\":\"out-factory\",\"version\":0,\"fields\":[{\"fieldType\":\"FormField\",\"id\":\"summary\",\"name\":\"主旨\",\"type\":\"text\",\"value\":null,\"required\":true,\"readOnly\":false,\"overrideId\":true,\"placeholder\":\"${summary}\",\"layout\":null},{\"fieldType\":\"FormField\",\"id\":\"empid\",\"name\":\"人员编号\",\"type\":\"integer\",\"value\":null,\"required\":true,\"readOnly\":false,\"overrideId\":true,\"placeholder\":\"${empid}\",\"layout\":null},{\"fieldType\":\"FormField\",\"id\":\"description\",\"name\":\"描述\",\"type\":\"multi-line-text\",\"value\":null,\"required\":true,\"readOnly\":false,\"overrideId\":true,\"placeholder\":\"${description}\",\"layout\":null}],\"outcomes\":[]}'),
('782898cd-2fb3-11eb-a9f3-227918fa15ea','out-factory.bpmn','782898cc-2fb3-11eb-a9f3-227918fa15ea','<?xml version=\"1.0\" encoding=\"UTF-8\"?>\n<definitions xmlns=\"http://www.omg.org/spec/BPMN/20100524/MODEL\" xmlns:xsi=\"http://www.w3.org/2001/XMLSchema-instance\" xmlns:xsd=\"http://www.w3.org/2001/XMLSchema\" xmlns:flowable=\"http://flowable.org/bpmn\" xmlns:bpmndi=\"http://www.omg.org/spec/BPMN/20100524/DI\" xmlns:omgdc=\"http://www.omg.org/spec/DD/20100524/DC\" xmlns:omgdi=\"http://www.omg.org/spec/DD/20100524/DI\" typeLanguage=\"http://www.w3.org/2001/XMLSchema\" expressionLanguage=\"http://www.w3.org/1999/XPath\" targetNamespace=\"固定流程表單\">\n  <process id=\"out-factory\" name=\"外出单\" isExecutable=\"true\">\n    <extensionElements>\n      <flowable:eventListener events=\"PROCESS_STARTED\" class=\"com.deltaww.flowapi.listener.ResolverManagerListener\"></flowable:eventListener>\n    </extensionElements>\n    <startEvent id=\"startEvent1\" name=\"填单\" flowable:initiator=\"initiator\" flowable:formKey=\"out-factory\" flowable:formFieldValidation=\"true\"></startEvent>\n    <userTask id=\"sid-E086BDD7-66B2-409F-B18C-B682DD9172DB\" name=\"申请人确认\" flowable:assignee=\"${initiator}\" flowable:formKey=\"out-factory\" flowable:formFieldValidation=\"true\" flowable:skipExpression=\"${skip}\">\n      <extensionElements>\n        <modeler:activiti-idm-initiator xmlns:modeler=\"http://flowable.org/modeler\"><![CDATA[true]]></modeler:activiti-idm-initiator>\n      </extensionElements>\n    </userTask>\n    <sequenceFlow id=\"sid-FB957372-CC09-424B-88F0-30C09C3C100F\" sourceRef=\"startEvent1\" targetRef=\"sid-E086BDD7-66B2-409F-B18C-B682DD9172DB\"></sequenceFlow>\n    <userTask id=\"sid-ABCBD09C-DB79-4EE8-BB28-96FEBAAFF175\" name=\"主管审核\" flowable:assignee=\"${manager}\" flowable:formKey=\"out-factory\" flowable:formFieldValidation=\"true\" flowable:skipExpression=\"${manager==initiator}\">\n      <extensionElements>\n        <modeler:initiator-can-complete xmlns:modeler=\"http://flowable.org/modeler\"><![CDATA[false]]></modeler:initiator-can-complete>\n      </extensionElements>\n    </userTask>\n    <sequenceFlow id=\"sid-D2A7423F-91E0-430D-AA1A-09A1C246CA40\" sourceRef=\"sid-E086BDD7-66B2-409F-B18C-B682DD9172DB\" targetRef=\"sid-ABCBD09C-DB79-4EE8-BB28-96FEBAAFF175\"></sequenceFlow>\n    <endEvent id=\"sid-52A44D3B-7206-486E-8F26-58E536F8AFDB\" name=\"结束\"></endEvent>\n    <sequenceFlow id=\"sid-C1DDC6AA-BE98-4CC6-AB71-8C8C99AEDC5C\" sourceRef=\"sid-ABCBD09C-DB79-4EE8-BB28-96FEBAAFF175\" targetRef=\"sid-52A44D3B-7206-486E-8F26-58E536F8AFDB\"></sequenceFlow>\n  </process>\n  <bpmndi:BPMNDiagram id=\"BPMNDiagram_out-factory\">\n    <bpmndi:BPMNPlane bpmnElement=\"out-factory\" id=\"BPMNPlane_out-factory\">\n      <bpmndi:BPMNShape bpmnElement=\"startEvent1\" id=\"BPMNShape_startEvent1\">\n        <omgdc:Bounds height=\"30.0\" width=\"30.0\" x=\"100.0\" y=\"163.0\"></omgdc:Bounds>\n      </bpmndi:BPMNShape>\n      <bpmndi:BPMNShape bpmnElement=\"sid-E086BDD7-66B2-409F-B18C-B682DD9172DB\" id=\"BPMNShape_sid-E086BDD7-66B2-409F-B18C-B682DD9172DB\">\n        <omgdc:Bounds height=\"80.0\" width=\"100.0\" x=\"175.0\" y=\"138.0\"></omgdc:Bounds>\n      </bpmndi:BPMNShape>\n      <bpmndi:BPMNShape bpmnElement=\"sid-ABCBD09C-DB79-4EE8-BB28-96FEBAAFF175\" id=\"BPMNShape_sid-ABCBD09C-DB79-4EE8-BB28-96FEBAAFF175\">\n        <omgdc:Bounds height=\"80.0\" width=\"100.0\" x=\"320.0\" y=\"138.0\"></omgdc:Bounds>\n      </bpmndi:BPMNShape>\n      <bpmndi:BPMNShape bpmnElement=\"sid-52A44D3B-7206-486E-8F26-58E536F8AFDB\" id=\"BPMNShape_sid-52A44D3B-7206-486E-8F26-58E536F8AFDB\">\n        <omgdc:Bounds height=\"28.0\" width=\"28.0\" x=\"465.0\" y=\"164.0\"></omgdc:Bounds>\n      </bpmndi:BPMNShape>\n      <bpmndi:BPMNEdge bpmnElement=\"sid-D2A7423F-91E0-430D-AA1A-09A1C246CA40\" id=\"BPMNEdge_sid-D2A7423F-91E0-430D-AA1A-09A1C246CA40\">\n        <omgdi:waypoint x=\"274.9499999999907\" y=\"178.0\"></omgdi:waypoint>\n        <omgdi:waypoint x=\"319.9999999999807\" y=\"178.0\"></omgdi:waypoint>\n      </bpmndi:BPMNEdge>\n      <bpmndi:BPMNEdge bpmnElement=\"sid-C1DDC6AA-BE98-4CC6-AB71-8C8C99AEDC5C\" id=\"BPMNEdge_sid-C1DDC6AA-BE98-4CC6-AB71-8C8C99AEDC5C\">\n        <omgdi:waypoint x=\"419.95000000000005\" y=\"178.0\"></omgdi:waypoint>\n        <omgdi:waypoint x=\"465.0\" y=\"178.0\"></omgdi:waypoint>\n      </bpmndi:BPMNEdge>\n      <bpmndi:BPMNEdge bpmnElement=\"sid-FB957372-CC09-424B-88F0-30C09C3C100F\" id=\"BPMNEdge_sid-FB957372-CC09-424B-88F0-30C09C3C100F\">\n        <omgdi:waypoint x=\"129.9499984899576\" y=\"178.0\"></omgdi:waypoint>\n        <omgdi:waypoint x=\"174.9999999999917\" y=\"178.0\"></omgdi:waypoint>\n      </bpmndi:BPMNEdge>\n    </bpmndi:BPMNPlane>\n  </bpmndi:BPMNDiagram>\n</definitions>'),
('782898ce-2fb3-11eb-a9f3-227918fa15ea','out-factory.app','782898cc-2fb3-11eb-a9f3-227918fa15ea','{\"key\":\"out-factory\",\"name\":\"外出单\",\"description\":\"\",\"theme\":\"theme-1\",\"icon\":\"glyphicon-asterisk\",\"usersAccess\":null,\"groupsAccess\":null}'),
('782898cf-2fb3-11eb-a9f3-227918fa15ea','form-out-factory.form','782898cc-2fb3-11eb-a9f3-227918fa15ea','{\"name\":\"外出单\",\"key\":\"out-factory\",\"version\":0,\"fields\":[{\"fieldType\":\"FormField\",\"id\":\"summary\",\"name\":\"主旨\",\"type\":\"text\",\"value\":null,\"required\":true,\"readOnly\":false,\"overrideId\":true,\"placeholder\":\"${summary}\",\"layout\":null},{\"fieldType\":\"FormField\",\"id\":\"empid\",\"name\":\"人员编号\",\"type\":\"integer\",\"value\":null,\"required\":true,\"readOnly\":false,\"overrideId\":true,\"placeholder\":\"${empid}\",\"layout\":null},{\"fieldType\":\"FormField\",\"id\":\"_FLOWABLE_SKIP_EXPRESSION_ENABLED\",\"name\":\"允许跳过\",\"type\":\"boolean\",\"value\":null,\"required\":false,\"readOnly\":true,\"overrideId\":true,\"placeholder\":null,\"layout\":null},{\"fieldType\":\"FormField\",\"id\":\"skip\",\"name\":\"是否跳过\",\"type\":\"boolean\",\"value\":null,\"required\":false,\"readOnly\":true,\"overrideId\":true,\"placeholder\":null,\"layout\":null},{\"fieldType\":\"FormField\",\"id\":\"manager\",\"name\":\"所属主管\",\"type\":\"text\",\"value\":null,\"required\":false,\"readOnly\":true,\"overrideId\":true,\"placeholder\":\"manager\",\"layout\":null},{\"fieldType\":\"FormField\",\"id\":\"description\",\"name\":\"描述\",\"type\":\"multi-line-text\",\"value\":null,\"required\":true,\"readOnly\":false,\"overrideId\":true,\"placeholder\":\"${description}\",\"layout\":null}],\"outcomes\":[]}'),
('784ff715-2e06-11eb-84ba-227918fa15ea','out-factory.bpmn','784ff714-2e06-11eb-84ba-227918fa15ea','<?xml version=\"1.0\" encoding=\"UTF-8\"?>\n<definitions xmlns=\"http://www.omg.org/spec/BPMN/20100524/MODEL\" xmlns:xsi=\"http://www.w3.org/2001/XMLSchema-instance\" xmlns:xsd=\"http://www.w3.org/2001/XMLSchema\" xmlns:flowable=\"http://flowable.org/bpmn\" xmlns:bpmndi=\"http://www.omg.org/spec/BPMN/20100524/DI\" xmlns:omgdc=\"http://www.omg.org/spec/DD/20100524/DC\" xmlns:omgdi=\"http://www.omg.org/spec/DD/20100524/DI\" typeLanguage=\"http://www.w3.org/2001/XMLSchema\" expressionLanguage=\"http://www.w3.org/1999/XPath\" targetNamespace=\"http://www.flowable.org/processdef\">\n  <process id=\"out-factory\" name=\"外出单\" isExecutable=\"true\">\n    <startEvent id=\"startEvent1\" name=\"填单\" flowable:initiator=\"initiator\" flowable:formKey=\"out-factory\" flowable:formFieldValidation=\"true\"></startEvent>\n    <userTask id=\"sid-E086BDD7-66B2-409F-B18C-B682DD9172DB\" name=\"申请人确认\" flowable:assignee=\"${initiator}\" flowable:formKey=\"out-factory\" flowable:formFieldValidation=\"true\" flowable:skipExpression=\"${skip}\">\n      <extensionElements>\n        <modeler:activiti-idm-initiator xmlns:modeler=\"http://flowable.org/modeler\"><![CDATA[true]]></modeler:activiti-idm-initiator>\n      </extensionElements>\n    </userTask>\n    <sequenceFlow id=\"sid-FB957372-CC09-424B-88F0-30C09C3C100F\" sourceRef=\"startEvent1\" targetRef=\"sid-E086BDD7-66B2-409F-B18C-B682DD9172DB\"></sequenceFlow>\n    <userTask id=\"sid-ABCBD09C-DB79-4EE8-BB28-96FEBAAFF175\" name=\"主管审核\" flowable:assignee=\"${manager}\" flowable:formKey=\"out-factory\" flowable:formFieldValidation=\"true\">\n      <extensionElements>\n        <flowable:taskListener event=\"create\" class=\"com.deltaww.flowapi.listener.AutoAssigneeListener\"></flowable:taskListener>\n        <modeler:initiator-can-complete xmlns:modeler=\"http://flowable.org/modeler\"><![CDATA[false]]></modeler:initiator-can-complete>\n      </extensionElements>\n    </userTask>\n    <sequenceFlow id=\"sid-D2A7423F-91E0-430D-AA1A-09A1C246CA40\" sourceRef=\"sid-E086BDD7-66B2-409F-B18C-B682DD9172DB\" targetRef=\"sid-ABCBD09C-DB79-4EE8-BB28-96FEBAAFF175\"></sequenceFlow>\n    <endEvent id=\"sid-52A44D3B-7206-486E-8F26-58E536F8AFDB\" name=\"结束\"></endEvent>\n    <sequenceFlow id=\"sid-C1DDC6AA-BE98-4CC6-AB71-8C8C99AEDC5C\" sourceRef=\"sid-ABCBD09C-DB79-4EE8-BB28-96FEBAAFF175\" targetRef=\"sid-52A44D3B-7206-486E-8F26-58E536F8AFDB\"></sequenceFlow>\n  </process>\n  <bpmndi:BPMNDiagram id=\"BPMNDiagram_out-factory\">\n    <bpmndi:BPMNPlane bpmnElement=\"out-factory\" id=\"BPMNPlane_out-factory\">\n      <bpmndi:BPMNShape bpmnElement=\"startEvent1\" id=\"BPMNShape_startEvent1\">\n        <omgdc:Bounds height=\"30.0\" width=\"30.0\" x=\"100.0\" y=\"163.0\"></omgdc:Bounds>\n      </bpmndi:BPMNShape>\n      <bpmndi:BPMNShape bpmnElement=\"sid-E086BDD7-66B2-409F-B18C-B682DD9172DB\" id=\"BPMNShape_sid-E086BDD7-66B2-409F-B18C-B682DD9172DB\">\n        <omgdc:Bounds height=\"80.0\" width=\"100.0\" x=\"175.0\" y=\"138.0\"></omgdc:Bounds>\n      </bpmndi:BPMNShape>\n      <bpmndi:BPMNShape bpmnElement=\"sid-ABCBD09C-DB79-4EE8-BB28-96FEBAAFF175\" id=\"BPMNShape_sid-ABCBD09C-DB79-4EE8-BB28-96FEBAAFF175\">\n        <omgdc:Bounds height=\"80.0\" width=\"100.0\" x=\"320.0\" y=\"138.0\"></omgdc:Bounds>\n      </bpmndi:BPMNShape>\n      <bpmndi:BPMNShape bpmnElement=\"sid-52A44D3B-7206-486E-8F26-58E536F8AFDB\" id=\"BPMNShape_sid-52A44D3B-7206-486E-8F26-58E536F8AFDB\">\n        <omgdc:Bounds height=\"28.0\" width=\"28.0\" x=\"465.0\" y=\"164.0\"></omgdc:Bounds>\n      </bpmndi:BPMNShape>\n      <bpmndi:BPMNEdge bpmnElement=\"sid-D2A7423F-91E0-430D-AA1A-09A1C246CA40\" id=\"BPMNEdge_sid-D2A7423F-91E0-430D-AA1A-09A1C246CA40\">\n        <omgdi:waypoint x=\"274.9499999999907\" y=\"178.0\"></omgdi:waypoint>\n        <omgdi:waypoint x=\"319.9999999999807\" y=\"178.0\"></omgdi:waypoint>\n      </bpmndi:BPMNEdge>\n      <bpmndi:BPMNEdge bpmnElement=\"sid-C1DDC6AA-BE98-4CC6-AB71-8C8C99AEDC5C\" id=\"BPMNEdge_sid-C1DDC6AA-BE98-4CC6-AB71-8C8C99AEDC5C\">\n        <omgdi:waypoint x=\"419.95000000000005\" y=\"178.0\"></omgdi:waypoint>\n        <omgdi:waypoint x=\"465.0\" y=\"178.0\"></omgdi:waypoint>\n      </bpmndi:BPMNEdge>\n      <bpmndi:BPMNEdge bpmnElement=\"sid-FB957372-CC09-424B-88F0-30C09C3C100F\" id=\"BPMNEdge_sid-FB957372-CC09-424B-88F0-30C09C3C100F\">\n        <omgdi:waypoint x=\"129.9499984899576\" y=\"178.0\"></omgdi:waypoint>\n        <omgdi:waypoint x=\"174.9999999999917\" y=\"178.0\"></omgdi:waypoint>\n      </bpmndi:BPMNEdge>\n    </bpmndi:BPMNPlane>\n  </bpmndi:BPMNDiagram>\n</definitions>'),
('784ff716-2e06-11eb-84ba-227918fa15ea','out-factory.app','784ff714-2e06-11eb-84ba-227918fa15ea','{\"key\":\"out-factory\",\"name\":\"外出单\",\"description\":\"\",\"theme\":\"theme-1\",\"icon\":\"glyphicon-asterisk\",\"usersAccess\":null,\"groupsAccess\":null}'),
('784ff717-2e06-11eb-84ba-227918fa15ea','form-out-factory.form','784ff714-2e06-11eb-84ba-227918fa15ea','{\"name\":\"外出单\",\"key\":\"out-factory\",\"version\":0,\"fields\":[{\"fieldType\":\"FormField\",\"id\":\"summary\",\"name\":\"主旨\",\"type\":\"text\",\"value\":null,\"required\":true,\"readOnly\":false,\"overrideId\":true,\"placeholder\":\"${summary}\",\"layout\":null},{\"fieldType\":\"FormField\",\"id\":\"empid\",\"name\":\"人员编号\",\"type\":\"integer\",\"value\":null,\"required\":true,\"readOnly\":false,\"overrideId\":true,\"placeholder\":\"${empid}\",\"layout\":null},{\"fieldType\":\"FormField\",\"id\":\"description\",\"name\":\"描述\",\"type\":\"multi-line-text\",\"value\":null,\"required\":true,\"readOnly\":false,\"overrideId\":true,\"placeholder\":\"${description}\",\"layout\":null}],\"outcomes\":[]}'),
('9c6707d9-2d55-11eb-b88c-227918fa15ea','form-mes-requirement.form','9c6707d8-2d55-11eb-b88c-227918fa15ea','{\"name\":\"MES需求变更\",\"key\":\"mes-requirement\",\"version\":0,\"fields\":[{\"fieldType\":\"FormField\",\"id\":\"summary\",\"name\":\"主旨\",\"type\":\"text\",\"value\":null,\"required\":false,\"readOnly\":false,\"overrideId\":true,\"placeholder\":\"${summary}\",\"layout\":null},{\"fieldType\":\"FormField\",\"id\":\"empid\",\"name\":\"提案人员\",\"type\":\"text\",\"value\":null,\"required\":false,\"readOnly\":false,\"overrideId\":true,\"placeholder\":\"${empid}\",\"layout\":null},{\"fieldType\":\"FormField\",\"id\":\"description\",\"name\":\"需求变更描述\",\"type\":\"multi-line-text\",\"value\":null,\"required\":false,\"readOnly\":false,\"overrideId\":true,\"placeholder\":\"${description}\",\"layout\":null}],\"outcomes\":[]}'),
('9c6707da-2d55-11eb-b88c-227918fa15ea','mes-requirement.app','9c6707d8-2d55-11eb-b88c-227918fa15ea','{\"key\":\"mes-requirement\",\"name\":\"MES需求变更\",\"description\":\"\",\"theme\":\"theme-1\",\"icon\":\"glyphicon-asterisk\",\"usersAccess\":null,\"groupsAccess\":null}'),
('9c6707db-2d55-11eb-b88c-227918fa15ea','mes-requirement.bpmn','9c6707d8-2d55-11eb-b88c-227918fa15ea','<?xml version=\"1.0\" encoding=\"UTF-8\"?>\n<definitions xmlns=\"http://www.omg.org/spec/BPMN/20100524/MODEL\" xmlns:xsi=\"http://www.w3.org/2001/XMLSchema-instance\" xmlns:xsd=\"http://www.w3.org/2001/XMLSchema\" xmlns:flowable=\"http://flowable.org/bpmn\" xmlns:bpmndi=\"http://www.omg.org/spec/BPMN/20100524/DI\" xmlns:omgdc=\"http://www.omg.org/spec/DD/20100524/DC\" xmlns:omgdi=\"http://www.omg.org/spec/DD/20100524/DI\" typeLanguage=\"http://www.w3.org/2001/XMLSchema\" expressionLanguage=\"http://www.w3.org/1999/XPath\" targetNamespace=\"http://www.flowable.org/processdef\">\n  <process id=\"mes-requirement\" name=\"MES需求变更\" isExecutable=\"true\">\n    <startEvent id=\"startEvent1\" name=\"填单\" flowable:initiator=\"initiator\" flowable:formKey=\"mes-requirement\" flowable:formFieldValidation=\"true\"></startEvent>\n    <userTask id=\"sid-33868E85-5876-4712-9136-27C22F40C24D\" name=\"填单人确认\" flowable:formFieldValidation=\"true\"></userTask>\n    <sequenceFlow id=\"sid-07BACF0C-406A-4E40-A1FC-00A0BC020C59\" sourceRef=\"startEvent1\" targetRef=\"sid-33868E85-5876-4712-9136-27C22F40C24D\"></sequenceFlow>\n    <userTask id=\"sid-9E02A53C-8F0C-4B08-A7ED-46875520B424\" name=\"提案部门主管\" flowable:formFieldValidation=\"true\"></userTask>\n    <sequenceFlow id=\"sid-9D4E7218-A416-4E13-8129-6902D1CEDBD3\" sourceRef=\"sid-33868E85-5876-4712-9136-27C22F40C24D\" targetRef=\"sid-9E02A53C-8F0C-4B08-A7ED-46875520B424\"></sequenceFlow>\n    <userTask id=\"sid-962F5DA8-4C49-46EC-AC02-75726D74F3BD\" name=\"Coordinator\" flowable:formFieldValidation=\"true\"></userTask>\n    <sequenceFlow id=\"sid-3B1C7B5B-E126-4DBE-9960-3332CA8953FC\" sourceRef=\"sid-9E02A53C-8F0C-4B08-A7ED-46875520B424\" targetRef=\"sid-962F5DA8-4C49-46EC-AC02-75726D74F3BD\"></sequenceFlow>\n    <userTask id=\"sid-712F5FB9-B139-4A54-B5F0-0C9963B866D6\" name=\"DEV TL\" flowable:formFieldValidation=\"true\"></userTask>\n    <sequenceFlow id=\"sid-75B89205-F7AD-4B61-9772-F69F67FC5A4B\" sourceRef=\"sid-962F5DA8-4C49-46EC-AC02-75726D74F3BD\" targetRef=\"sid-712F5FB9-B139-4A54-B5F0-0C9963B866D6\"></sequenceFlow>\n    <userTask id=\"sid-1B1D89A5-C026-4A31-927F-32BD7888BD59\" name=\"PSM\" flowable:formFieldValidation=\"true\"></userTask>\n    <userTask id=\"sid-A57DF6D0-FE5C-4D32-B8EC-ECEA13271C76\" name=\"MESM\" flowable:formFieldValidation=\"true\"></userTask>\n    <sequenceFlow id=\"sid-6F9F2036-70B8-4F2E-AF81-4B54AA19CD43\" sourceRef=\"sid-1B1D89A5-C026-4A31-927F-32BD7888BD59\" targetRef=\"sid-A57DF6D0-FE5C-4D32-B8EC-ECEA13271C76\"></sequenceFlow>\n    <userTask id=\"sid-18F650C5-F8DF-4D17-AD0B-FCCB1F242C4D\" name=\"PM\" flowable:formFieldValidation=\"true\"></userTask>\n    <sequenceFlow id=\"sid-C4E02C10-B6FB-47DF-8F9F-346B5D75275C\" sourceRef=\"sid-A57DF6D0-FE5C-4D32-B8EC-ECEA13271C76\" targetRef=\"sid-18F650C5-F8DF-4D17-AD0B-FCCB1F242C4D\"></sequenceFlow>\n    <sequenceFlow id=\"sid-2090AF02-C11C-4993-9CC4-F4D95E4F6C72\" sourceRef=\"sid-712F5FB9-B139-4A54-B5F0-0C9963B866D6\" targetRef=\"sid-1B1D89A5-C026-4A31-927F-32BD7888BD59\"></sequenceFlow>\n    <endEvent id=\"sid-4C4E0E45-0E10-40C1-A1A5-B4BC491F8E1E\" name=\"结束\"></endEvent>\n    <sequenceFlow id=\"sid-19C22622-BF57-43FF-BE8C-D74EDD41782F\" sourceRef=\"sid-18F650C5-F8DF-4D17-AD0B-FCCB1F242C4D\" targetRef=\"sid-4C4E0E45-0E10-40C1-A1A5-B4BC491F8E1E\"></sequenceFlow>\n  </process>\n  <bpmndi:BPMNDiagram id=\"BPMNDiagram_mes-requirement\">\n    <bpmndi:BPMNPlane bpmnElement=\"mes-requirement\" id=\"BPMNPlane_mes-requirement\">\n      <bpmndi:BPMNShape bpmnElement=\"startEvent1\" id=\"BPMNShape_startEvent1\">\n        <omgdc:Bounds height=\"30.0\" width=\"30.0\" x=\"100.0\" y=\"163.0\"></omgdc:Bounds>\n      </bpmndi:BPMNShape>\n      <bpmndi:BPMNShape bpmnElement=\"sid-33868E85-5876-4712-9136-27C22F40C24D\" id=\"BPMNShape_sid-33868E85-5876-4712-9136-27C22F40C24D\">\n        <omgdc:Bounds height=\"80.0\" width=\"100.0\" x=\"175.0\" y=\"138.0\"></omgdc:Bounds>\n      </bpmndi:BPMNShape>\n      <bpmndi:BPMNShape bpmnElement=\"sid-9E02A53C-8F0C-4B08-A7ED-46875520B424\" id=\"BPMNShape_sid-9E02A53C-8F0C-4B08-A7ED-46875520B424\">\n        <omgdc:Bounds height=\"80.0\" width=\"100.0\" x=\"320.0\" y=\"138.0\"></omgdc:Bounds>\n      </bpmndi:BPMNShape>\n      <bpmndi:BPMNShape bpmnElement=\"sid-962F5DA8-4C49-46EC-AC02-75726D74F3BD\" id=\"BPMNShape_sid-962F5DA8-4C49-46EC-AC02-75726D74F3BD\">\n        <omgdc:Bounds height=\"80.0\" width=\"100.0\" x=\"465.0\" y=\"138.0\"></omgdc:Bounds>\n      </bpmndi:BPMNShape>\n      <bpmndi:BPMNShape bpmnElement=\"sid-712F5FB9-B139-4A54-B5F0-0C9963B866D6\" id=\"BPMNShape_sid-712F5FB9-B139-4A54-B5F0-0C9963B866D6\">\n        <omgdc:Bounds height=\"80.0\" width=\"100.0\" x=\"610.0\" y=\"138.0\"></omgdc:Bounds>\n      </bpmndi:BPMNShape>\n      <bpmndi:BPMNShape bpmnElement=\"sid-1B1D89A5-C026-4A31-927F-32BD7888BD59\" id=\"BPMNShape_sid-1B1D89A5-C026-4A31-927F-32BD7888BD59\">\n        <omgdc:Bounds height=\"80.0\" width=\"100.0\" x=\"175.0\" y=\"255.0\"></omgdc:Bounds>\n      </bpmndi:BPMNShape>\n      <bpmndi:BPMNShape bpmnElement=\"sid-A57DF6D0-FE5C-4D32-B8EC-ECEA13271C76\" id=\"BPMNShape_sid-A57DF6D0-FE5C-4D32-B8EC-ECEA13271C76\">\n        <omgdc:Bounds height=\"80.0\" width=\"100.0\" x=\"320.0\" y=\"255.0\"></omgdc:Bounds>\n      </bpmndi:BPMNShape>\n      <bpmndi:BPMNShape bpmnElement=\"sid-18F650C5-F8DF-4D17-AD0B-FCCB1F242C4D\" id=\"BPMNShape_sid-18F650C5-F8DF-4D17-AD0B-FCCB1F242C4D\">\n        <omgdc:Bounds height=\"80.0\" width=\"100.0\" x=\"465.0\" y=\"255.0\"></omgdc:Bounds>\n      </bpmndi:BPMNShape>\n      <bpmndi:BPMNShape bpmnElement=\"sid-4C4E0E45-0E10-40C1-A1A5-B4BC491F8E1E\" id=\"BPMNShape_sid-4C4E0E45-0E10-40C1-A1A5-B4BC491F8E1E\">\n        <omgdc:Bounds height=\"28.0\" width=\"28.0\" x=\"610.0\" y=\"281.0\"></omgdc:Bounds>\n      </bpmndi:BPMNShape>\n      <bpmndi:BPMNEdge bpmnElement=\"sid-07BACF0C-406A-4E40-A1FC-00A0BC020C59\" id=\"BPMNEdge_sid-07BACF0C-406A-4E40-A1FC-00A0BC020C59\">\n        <omgdi:waypoint x=\"129.9499984899576\" y=\"178.0\"></omgdi:waypoint>\n        <omgdi:waypoint x=\"174.9999999999917\" y=\"178.0\"></omgdi:waypoint>\n      </bpmndi:BPMNEdge>\n      <bpmndi:BPMNEdge bpmnElement=\"sid-C4E02C10-B6FB-47DF-8F9F-346B5D75275C\" id=\"BPMNEdge_sid-C4E02C10-B6FB-47DF-8F9F-346B5D75275C\">\n        <omgdi:waypoint x=\"419.94999999990824\" y=\"295.0\"></omgdi:waypoint>\n        <omgdi:waypoint x=\"464.9999999999807\" y=\"295.0\"></omgdi:waypoint>\n      </bpmndi:BPMNEdge>\n      <bpmndi:BPMNEdge bpmnElement=\"sid-2090AF02-C11C-4993-9CC4-F4D95E4F6C72\" id=\"BPMNEdge_sid-2090AF02-C11C-4993-9CC4-F4D95E4F6C72\">\n        <omgdi:waypoint x=\"660.0\" y=\"217.95000000000002\"></omgdi:waypoint>\n        <omgdi:waypoint x=\"660.0\" y=\"234.99999999999994\"></omgdi:waypoint>\n        <omgdi:waypoint x=\"225.0\" y=\"234.99999999999994\"></omgdi:waypoint>\n        <omgdi:waypoint x=\"225.0\" y=\"255.0\"></omgdi:waypoint>\n      </bpmndi:BPMNEdge>\n      <bpmndi:BPMNEdge bpmnElement=\"sid-3B1C7B5B-E126-4DBE-9960-3332CA8953FC\" id=\"BPMNEdge_sid-3B1C7B5B-E126-4DBE-9960-3332CA8953FC\">\n        <omgdi:waypoint x=\"419.94999999999067\" y=\"178.0\"></omgdi:waypoint>\n        <omgdi:waypoint x=\"464.9999999999807\" y=\"178.0\"></omgdi:waypoint>\n      </bpmndi:BPMNEdge>\n      <bpmndi:BPMNEdge bpmnElement=\"sid-75B89205-F7AD-4B61-9772-F69F67FC5A4B\" id=\"BPMNEdge_sid-75B89205-F7AD-4B61-9772-F69F67FC5A4B\">\n        <omgdi:waypoint x=\"564.9499999999907\" y=\"178.0\"></omgdi:waypoint>\n        <omgdi:waypoint x=\"609.9999999999807\" y=\"178.0\"></omgdi:waypoint>\n      </bpmndi:BPMNEdge>\n      <bpmndi:BPMNEdge bpmnElement=\"sid-9D4E7218-A416-4E13-8129-6902D1CEDBD3\" id=\"BPMNEdge_sid-9D4E7218-A416-4E13-8129-6902D1CEDBD3\">\n        <omgdi:waypoint x=\"274.9499999999907\" y=\"178.0\"></omgdi:waypoint>\n        <omgdi:waypoint x=\"319.9999999999807\" y=\"178.0\"></omgdi:waypoint>\n      </bpmndi:BPMNEdge>\n      <bpmndi:BPMNEdge bpmnElement=\"sid-6F9F2036-70B8-4F2E-AF81-4B54AA19CD43\" id=\"BPMNEdge_sid-6F9F2036-70B8-4F2E-AF81-4B54AA19CD43\">\n        <omgdi:waypoint x=\"274.94999999974334\" y=\"295.0\"></omgdi:waypoint>\n        <omgdi:waypoint x=\"319.9999999999807\" y=\"295.0\"></omgdi:waypoint>\n      </bpmndi:BPMNEdge>\n      <bpmndi:BPMNEdge bpmnElement=\"sid-19C22622-BF57-43FF-BE8C-D74EDD41782F\" id=\"BPMNEdge_sid-19C22622-BF57-43FF-BE8C-D74EDD41782F\">\n        <omgdi:waypoint x=\"564.95\" y=\"295.0\"></omgdi:waypoint>\n        <omgdi:waypoint x=\"610.0\" y=\"295.0\"></omgdi:waypoint>\n      </bpmndi:BPMNEdge>\n    </bpmndi:BPMNPlane>\n  </bpmndi:BPMNDiagram>\n</definitions>'),
('9f3105e6-2e0b-11eb-b42b-227918fa15ea','out-factory.bpmn','9f3105e5-2e0b-11eb-b42b-227918fa15ea','<?xml version=\"1.0\" encoding=\"UTF-8\"?>\n<definitions xmlns=\"http://www.omg.org/spec/BPMN/20100524/MODEL\" xmlns:xsi=\"http://www.w3.org/2001/XMLSchema-instance\" xmlns:xsd=\"http://www.w3.org/2001/XMLSchema\" xmlns:flowable=\"http://flowable.org/bpmn\" xmlns:bpmndi=\"http://www.omg.org/spec/BPMN/20100524/DI\" xmlns:omgdc=\"http://www.omg.org/spec/DD/20100524/DC\" xmlns:omgdi=\"http://www.omg.org/spec/DD/20100524/DI\" typeLanguage=\"http://www.w3.org/2001/XMLSchema\" expressionLanguage=\"http://www.w3.org/1999/XPath\" targetNamespace=\"http://www.flowable.org/processdef\">\n  <process id=\"out-factory\" name=\"外出单\" isExecutable=\"true\">\n    <startEvent id=\"startEvent1\" name=\"填单\" flowable:initiator=\"initiator\" flowable:formKey=\"out-factory\" flowable:formFieldValidation=\"true\"></startEvent>\n    <userTask id=\"sid-E086BDD7-66B2-409F-B18C-B682DD9172DB\" name=\"申请人确认\" flowable:assignee=\"${initiator}\" flowable:formKey=\"out-factory\" flowable:formFieldValidation=\"true\" flowable:skipExpression=\"${skip}\">\n      <extensionElements>\n        <modeler:activiti-idm-initiator xmlns:modeler=\"http://flowable.org/modeler\"><![CDATA[true]]></modeler:activiti-idm-initiator>\n      </extensionElements>\n    </userTask>\n    <sequenceFlow id=\"sid-FB957372-CC09-424B-88F0-30C09C3C100F\" sourceRef=\"startEvent1\" targetRef=\"sid-E086BDD7-66B2-409F-B18C-B682DD9172DB\"></sequenceFlow>\n    <userTask id=\"sid-ABCBD09C-DB79-4EE8-BB28-96FEBAAFF175\" name=\"主管审核\" flowable:assignee=\"${manager}\" flowable:formKey=\"out-factory\" flowable:formFieldValidation=\"true\">\n      <extensionElements>\n        <flowable:taskListener event=\"create\" class=\"com.deltaww.flowapi.listener.AutoAssigneeListener\"></flowable:taskListener>\n        <modeler:initiator-can-complete xmlns:modeler=\"http://flowable.org/modeler\"><![CDATA[false]]></modeler:initiator-can-complete>\n      </extensionElements>\n    </userTask>\n    <sequenceFlow id=\"sid-D2A7423F-91E0-430D-AA1A-09A1C246CA40\" sourceRef=\"sid-E086BDD7-66B2-409F-B18C-B682DD9172DB\" targetRef=\"sid-ABCBD09C-DB79-4EE8-BB28-96FEBAAFF175\"></sequenceFlow>\n    <endEvent id=\"sid-52A44D3B-7206-486E-8F26-58E536F8AFDB\" name=\"结束\"></endEvent>\n    <sequenceFlow id=\"sid-C1DDC6AA-BE98-4CC6-AB71-8C8C99AEDC5C\" sourceRef=\"sid-ABCBD09C-DB79-4EE8-BB28-96FEBAAFF175\" targetRef=\"sid-52A44D3B-7206-486E-8F26-58E536F8AFDB\"></sequenceFlow>\n  </process>\n  <bpmndi:BPMNDiagram id=\"BPMNDiagram_out-factory\">\n    <bpmndi:BPMNPlane bpmnElement=\"out-factory\" id=\"BPMNPlane_out-factory\">\n      <bpmndi:BPMNShape bpmnElement=\"startEvent1\" id=\"BPMNShape_startEvent1\">\n        <omgdc:Bounds height=\"30.0\" width=\"30.0\" x=\"100.0\" y=\"163.0\"></omgdc:Bounds>\n      </bpmndi:BPMNShape>\n      <bpmndi:BPMNShape bpmnElement=\"sid-E086BDD7-66B2-409F-B18C-B682DD9172DB\" id=\"BPMNShape_sid-E086BDD7-66B2-409F-B18C-B682DD9172DB\">\n        <omgdc:Bounds height=\"80.0\" width=\"100.0\" x=\"175.0\" y=\"138.0\"></omgdc:Bounds>\n      </bpmndi:BPMNShape>\n      <bpmndi:BPMNShape bpmnElement=\"sid-ABCBD09C-DB79-4EE8-BB28-96FEBAAFF175\" id=\"BPMNShape_sid-ABCBD09C-DB79-4EE8-BB28-96FEBAAFF175\">\n        <omgdc:Bounds height=\"80.0\" width=\"100.0\" x=\"320.0\" y=\"138.0\"></omgdc:Bounds>\n      </bpmndi:BPMNShape>\n      <bpmndi:BPMNShape bpmnElement=\"sid-52A44D3B-7206-486E-8F26-58E536F8AFDB\" id=\"BPMNShape_sid-52A44D3B-7206-486E-8F26-58E536F8AFDB\">\n        <omgdc:Bounds height=\"28.0\" width=\"28.0\" x=\"465.0\" y=\"164.0\"></omgdc:Bounds>\n      </bpmndi:BPMNShape>\n      <bpmndi:BPMNEdge bpmnElement=\"sid-D2A7423F-91E0-430D-AA1A-09A1C246CA40\" id=\"BPMNEdge_sid-D2A7423F-91E0-430D-AA1A-09A1C246CA40\">\n        <omgdi:waypoint x=\"274.9499999999907\" y=\"178.0\"></omgdi:waypoint>\n        <omgdi:waypoint x=\"319.9999999999807\" y=\"178.0\"></omgdi:waypoint>\n      </bpmndi:BPMNEdge>\n      <bpmndi:BPMNEdge bpmnElement=\"sid-C1DDC6AA-BE98-4CC6-AB71-8C8C99AEDC5C\" id=\"BPMNEdge_sid-C1DDC6AA-BE98-4CC6-AB71-8C8C99AEDC5C\">\n        <omgdi:waypoint x=\"419.95000000000005\" y=\"178.0\"></omgdi:waypoint>\n        <omgdi:waypoint x=\"465.0\" y=\"178.0\"></omgdi:waypoint>\n      </bpmndi:BPMNEdge>\n      <bpmndi:BPMNEdge bpmnElement=\"sid-FB957372-CC09-424B-88F0-30C09C3C100F\" id=\"BPMNEdge_sid-FB957372-CC09-424B-88F0-30C09C3C100F\">\n        <omgdi:waypoint x=\"129.9499984899576\" y=\"178.0\"></omgdi:waypoint>\n        <omgdi:waypoint x=\"174.9999999999917\" y=\"178.0\"></omgdi:waypoint>\n      </bpmndi:BPMNEdge>\n    </bpmndi:BPMNPlane>\n  </bpmndi:BPMNDiagram>\n</definitions>'),
('9f3105e7-2e0b-11eb-b42b-227918fa15ea','out-factory.app','9f3105e5-2e0b-11eb-b42b-227918fa15ea','{\"key\":\"out-factory\",\"name\":\"外出单\",\"description\":\"\",\"theme\":\"theme-1\",\"icon\":\"glyphicon-asterisk\",\"usersAccess\":null,\"groupsAccess\":null}'),
('9f3105e8-2e0b-11eb-b42b-227918fa15ea','form-out-factory.form','9f3105e5-2e0b-11eb-b42b-227918fa15ea','{\"name\":\"外出单\",\"key\":\"out-factory\",\"version\":0,\"fields\":[{\"fieldType\":\"FormField\",\"id\":\"summary\",\"name\":\"主旨\",\"type\":\"text\",\"value\":null,\"required\":true,\"readOnly\":false,\"overrideId\":true,\"placeholder\":\"${summary}\",\"layout\":null},{\"fieldType\":\"FormField\",\"id\":\"empid\",\"name\":\"人员编号\",\"type\":\"integer\",\"value\":null,\"required\":true,\"readOnly\":false,\"overrideId\":true,\"placeholder\":\"${empid}\",\"layout\":null},{\"fieldType\":\"FormField\",\"id\":\"_FLOWABLE_SKIP_EXPRESSION_ENABLED\",\"name\":\"允许跳过\",\"type\":\"boolean\",\"value\":null,\"required\":false,\"readOnly\":true,\"overrideId\":true,\"placeholder\":null,\"layout\":null},{\"fieldType\":\"FormField\",\"id\":\"skip\",\"name\":\"是否跳过\",\"type\":\"boolean\",\"value\":null,\"required\":false,\"readOnly\":true,\"overrideId\":true,\"placeholder\":null,\"layout\":null},{\"fieldType\":\"FormField\",\"id\":\"manager\",\"name\":\"所属主管\",\"type\":\"text\",\"value\":null,\"required\":false,\"readOnly\":true,\"overrideId\":true,\"placeholder\":\"manager\",\"layout\":null},{\"fieldType\":\"FormField\",\"id\":\"description\",\"name\":\"描述\",\"type\":\"multi-line-text\",\"value\":null,\"required\":true,\"readOnly\":false,\"overrideId\":true,\"placeholder\":\"${description}\",\"layout\":null}],\"outcomes\":[]}'),
('a6363470-2e00-11eb-8699-227918fa15ea','out-factory.bpmn','a6360d5f-2e00-11eb-8699-227918fa15ea','<?xml version=\"1.0\" encoding=\"UTF-8\"?>\n<definitions xmlns=\"http://www.omg.org/spec/BPMN/20100524/MODEL\" xmlns:xsi=\"http://www.w3.org/2001/XMLSchema-instance\" xmlns:xsd=\"http://www.w3.org/2001/XMLSchema\" xmlns:flowable=\"http://flowable.org/bpmn\" xmlns:bpmndi=\"http://www.omg.org/spec/BPMN/20100524/DI\" xmlns:omgdc=\"http://www.omg.org/spec/DD/20100524/DC\" xmlns:omgdi=\"http://www.omg.org/spec/DD/20100524/DI\" typeLanguage=\"http://www.w3.org/2001/XMLSchema\" expressionLanguage=\"http://www.w3.org/1999/XPath\" targetNamespace=\"http://www.flowable.org/processdef\">\n  <process id=\"out-factory\" name=\"外出单\" isExecutable=\"true\">\n    <startEvent id=\"startEvent1\" name=\"填单\" flowable:initiator=\"initiator\" flowable:formKey=\"out-factory\" flowable:formFieldValidation=\"true\"></startEvent>\n    <userTask id=\"sid-E086BDD7-66B2-409F-B18C-B682DD9172DB\" name=\"申请人确认\" flowable:assignee=\"${INITIATOR}\" flowable:formKey=\"out-factory\" flowable:formFieldValidation=\"true\" flowable:skipExpression=\"${skip==true}\">\n      <extensionElements>\n        <modeler:initiator-can-complete xmlns:modeler=\"http://flowable.org/modeler\"><![CDATA[false]]></modeler:initiator-can-complete>\n      </extensionElements>\n    </userTask>\n    <sequenceFlow id=\"sid-FB957372-CC09-424B-88F0-30C09C3C100F\" sourceRef=\"startEvent1\" targetRef=\"sid-E086BDD7-66B2-409F-B18C-B682DD9172DB\"></sequenceFlow>\n    <userTask id=\"sid-ABCBD09C-DB79-4EE8-BB28-96FEBAAFF175\" name=\"主管审核\" flowable:assignee=\"${manager}\" flowable:formKey=\"out-factory\" flowable:formFieldValidation=\"true\">\n      <extensionElements>\n        <flowable:taskListener event=\"create\" class=\"com.deltaww.flowapi.listener.AutoAssigneeListener\"></flowable:taskListener>\n        <modeler:initiator-can-complete xmlns:modeler=\"http://flowable.org/modeler\"><![CDATA[false]]></modeler:initiator-can-complete>\n      </extensionElements>\n    </userTask>\n    <sequenceFlow id=\"sid-D2A7423F-91E0-430D-AA1A-09A1C246CA40\" sourceRef=\"sid-E086BDD7-66B2-409F-B18C-B682DD9172DB\" targetRef=\"sid-ABCBD09C-DB79-4EE8-BB28-96FEBAAFF175\"></sequenceFlow>\n    <endEvent id=\"sid-52A44D3B-7206-486E-8F26-58E536F8AFDB\" name=\"结束\"></endEvent>\n    <sequenceFlow id=\"sid-C1DDC6AA-BE98-4CC6-AB71-8C8C99AEDC5C\" sourceRef=\"sid-ABCBD09C-DB79-4EE8-BB28-96FEBAAFF175\" targetRef=\"sid-52A44D3B-7206-486E-8F26-58E536F8AFDB\"></sequenceFlow>\n  </process>\n  <bpmndi:BPMNDiagram id=\"BPMNDiagram_out-factory\">\n    <bpmndi:BPMNPlane bpmnElement=\"out-factory\" id=\"BPMNPlane_out-factory\">\n      <bpmndi:BPMNShape bpmnElement=\"startEvent1\" id=\"BPMNShape_startEvent1\">\n        <omgdc:Bounds height=\"30.0\" width=\"30.0\" x=\"100.0\" y=\"163.0\"></omgdc:Bounds>\n      </bpmndi:BPMNShape>\n      <bpmndi:BPMNShape bpmnElement=\"sid-E086BDD7-66B2-409F-B18C-B682DD9172DB\" id=\"BPMNShape_sid-E086BDD7-66B2-409F-B18C-B682DD9172DB\">\n        <omgdc:Bounds height=\"80.0\" width=\"100.0\" x=\"175.0\" y=\"138.0\"></omgdc:Bounds>\n      </bpmndi:BPMNShape>\n      <bpmndi:BPMNShape bpmnElement=\"sid-ABCBD09C-DB79-4EE8-BB28-96FEBAAFF175\" id=\"BPMNShape_sid-ABCBD09C-DB79-4EE8-BB28-96FEBAAFF175\">\n        <omgdc:Bounds height=\"80.0\" width=\"100.0\" x=\"320.0\" y=\"138.0\"></omgdc:Bounds>\n      </bpmndi:BPMNShape>\n      <bpmndi:BPMNShape bpmnElement=\"sid-52A44D3B-7206-486E-8F26-58E536F8AFDB\" id=\"BPMNShape_sid-52A44D3B-7206-486E-8F26-58E536F8AFDB\">\n        <omgdc:Bounds height=\"28.0\" width=\"28.0\" x=\"465.0\" y=\"164.0\"></omgdc:Bounds>\n      </bpmndi:BPMNShape>\n      <bpmndi:BPMNEdge bpmnElement=\"sid-D2A7423F-91E0-430D-AA1A-09A1C246CA40\" id=\"BPMNEdge_sid-D2A7423F-91E0-430D-AA1A-09A1C246CA40\">\n        <omgdi:waypoint x=\"274.9499999999907\" y=\"178.0\"></omgdi:waypoint>\n        <omgdi:waypoint x=\"319.9999999999807\" y=\"178.0\"></omgdi:waypoint>\n      </bpmndi:BPMNEdge>\n      <bpmndi:BPMNEdge bpmnElement=\"sid-C1DDC6AA-BE98-4CC6-AB71-8C8C99AEDC5C\" id=\"BPMNEdge_sid-C1DDC6AA-BE98-4CC6-AB71-8C8C99AEDC5C\">\n        <omgdi:waypoint x=\"419.95000000000005\" y=\"178.0\"></omgdi:waypoint>\n        <omgdi:waypoint x=\"465.0\" y=\"178.0\"></omgdi:waypoint>\n      </bpmndi:BPMNEdge>\n      <bpmndi:BPMNEdge bpmnElement=\"sid-FB957372-CC09-424B-88F0-30C09C3C100F\" id=\"BPMNEdge_sid-FB957372-CC09-424B-88F0-30C09C3C100F\">\n        <omgdi:waypoint x=\"129.9499984899576\" y=\"178.0\"></omgdi:waypoint>\n        <omgdi:waypoint x=\"174.9999999999917\" y=\"178.0\"></omgdi:waypoint>\n      </bpmndi:BPMNEdge>\n    </bpmndi:BPMNPlane>\n  </bpmndi:BPMNDiagram>\n</definitions>'),
('a6363471-2e00-11eb-8699-227918fa15ea','out-factory.app','a6360d5f-2e00-11eb-8699-227918fa15ea','{\"key\":\"out-factory\",\"name\":\"外出单\",\"description\":\"\",\"theme\":\"theme-1\",\"icon\":\"glyphicon-asterisk\",\"usersAccess\":null,\"groupsAccess\":null}'),
('a6363472-2e00-11eb-8699-227918fa15ea','form-out-factory.form','a6360d5f-2e00-11eb-8699-227918fa15ea','{\"name\":\"外出单\",\"key\":\"out-factory\",\"version\":0,\"fields\":[{\"fieldType\":\"FormField\",\"id\":\"summary\",\"name\":\"主旨\",\"type\":\"text\",\"value\":null,\"required\":true,\"readOnly\":false,\"overrideId\":true,\"placeholder\":\"${summary}\",\"layout\":null},{\"fieldType\":\"FormField\",\"id\":\"empid\",\"name\":\"人员编号\",\"type\":\"integer\",\"value\":null,\"required\":true,\"readOnly\":false,\"overrideId\":true,\"placeholder\":\"${empid}\",\"layout\":null},{\"fieldType\":\"FormField\",\"id\":\"description\",\"name\":\"描述\",\"type\":\"multi-line-text\",\"value\":null,\"required\":true,\"readOnly\":false,\"overrideId\":true,\"placeholder\":\"${description}\",\"layout\":null}],\"outcomes\":[]}'),
('a83efe5b-2d56-11eb-b88c-227918fa15ea','form-liaison.form','a83efe5a-2d56-11eb-b88c-227918fa15ea','{\"name\":\"联络单\",\"key\":\"liaison\",\"version\":0,\"fields\":[{\"fieldType\":\"FormField\",\"id\":\"subject\",\"name\":\"主题\",\"type\":\"text\",\"value\":null,\"required\":false,\"readOnly\":false,\"overrideId\":true,\"placeholder\":\"${subject}\",\"layout\":null},{\"fieldType\":\"FormField\",\"id\":\"department\",\"name\":\"接收单位\",\"type\":\"text\",\"value\":null,\"required\":false,\"readOnly\":false,\"overrideId\":true,\"placeholder\":\"${department}\",\"layout\":null},{\"fieldType\":\"FormField\",\"id\":\"content\",\"name\":\"正文\",\"type\":\"multi-line-text\",\"value\":null,\"required\":false,\"readOnly\":false,\"overrideId\":true,\"placeholder\":\"${content}\",\"layout\":null}],\"outcomes\":[]}'),
('a83efe5c-2d56-11eb-b88c-227918fa15ea','liaison.bpmn','a83efe5a-2d56-11eb-b88c-227918fa15ea','<?xml version=\"1.0\" encoding=\"UTF-8\"?>\n<definitions xmlns=\"http://www.omg.org/spec/BPMN/20100524/MODEL\" xmlns:xsi=\"http://www.w3.org/2001/XMLSchema-instance\" xmlns:xsd=\"http://www.w3.org/2001/XMLSchema\" xmlns:flowable=\"http://flowable.org/bpmn\" xmlns:bpmndi=\"http://www.omg.org/spec/BPMN/20100524/DI\" xmlns:omgdc=\"http://www.omg.org/spec/DD/20100524/DC\" xmlns:omgdi=\"http://www.omg.org/spec/DD/20100524/DI\" typeLanguage=\"http://www.w3.org/2001/XMLSchema\" expressionLanguage=\"http://www.w3.org/1999/XPath\" targetNamespace=\"http://www.flowable.org/processdef\">\n  <process id=\"liaison\" name=\"联络单\" isExecutable=\"true\">\n    <startEvent id=\"startEvent1\" name=\"填单\" flowable:initiator=\"initiator\" flowable:formKey=\"liaison\" flowable:formFieldValidation=\"true\"></startEvent>\n    <userTask id=\"sid-BB836425-7C40-48DC-A59E-2AD704CA7DF1\" name=\"填单人确认\" flowable:formFieldValidation=\"true\"></userTask>\n    <sequenceFlow id=\"sid-8837ACC1-9927-4EF2-AB27-6113B895B400\" sourceRef=\"startEvent1\" targetRef=\"sid-BB836425-7C40-48DC-A59E-2AD704CA7DF1\"></sequenceFlow>\n    <userTask id=\"sid-B77C750E-DE59-438E-B87C-E2ACA53B76E1\" name=\"审核中\" flowable:formFieldValidation=\"true\"></userTask>\n    <sequenceFlow id=\"sid-7BA30D19-708A-4A69-A05E-3B5FC38E05C5\" sourceRef=\"sid-BB836425-7C40-48DC-A59E-2AD704CA7DF1\" targetRef=\"sid-B77C750E-DE59-438E-B87C-E2ACA53B76E1\"></sequenceFlow>\n    <endEvent id=\"sid-7387C76A-E91A-40AA-A84A-11C8155AD7C0\" name=\"结束\"></endEvent>\n    <sequenceFlow id=\"sid-0255207B-6BE7-449E-8B53-6D87AF68964A\" sourceRef=\"sid-B77C750E-DE59-438E-B87C-E2ACA53B76E1\" targetRef=\"sid-7387C76A-E91A-40AA-A84A-11C8155AD7C0\"></sequenceFlow>\n  </process>\n  <bpmndi:BPMNDiagram id=\"BPMNDiagram_liaison\">\n    <bpmndi:BPMNPlane bpmnElement=\"liaison\" id=\"BPMNPlane_liaison\">\n      <bpmndi:BPMNShape bpmnElement=\"startEvent1\" id=\"BPMNShape_startEvent1\">\n        <omgdc:Bounds height=\"30.0\" width=\"30.0\" x=\"100.0\" y=\"163.0\"></omgdc:Bounds>\n      </bpmndi:BPMNShape>\n      <bpmndi:BPMNShape bpmnElement=\"sid-BB836425-7C40-48DC-A59E-2AD704CA7DF1\" id=\"BPMNShape_sid-BB836425-7C40-48DC-A59E-2AD704CA7DF1\">\n        <omgdc:Bounds height=\"80.0\" width=\"100.0\" x=\"175.0\" y=\"138.0\"></omgdc:Bounds>\n      </bpmndi:BPMNShape>\n      <bpmndi:BPMNShape bpmnElement=\"sid-B77C750E-DE59-438E-B87C-E2ACA53B76E1\" id=\"BPMNShape_sid-B77C750E-DE59-438E-B87C-E2ACA53B76E1\">\n        <omgdc:Bounds height=\"80.0\" width=\"100.0\" x=\"320.0\" y=\"138.0\"></omgdc:Bounds>\n      </bpmndi:BPMNShape>\n      <bpmndi:BPMNShape bpmnElement=\"sid-7387C76A-E91A-40AA-A84A-11C8155AD7C0\" id=\"BPMNShape_sid-7387C76A-E91A-40AA-A84A-11C8155AD7C0\">\n        <omgdc:Bounds height=\"28.0\" width=\"28.0\" x=\"465.0\" y=\"164.0\"></omgdc:Bounds>\n      </bpmndi:BPMNShape>\n      <bpmndi:BPMNEdge bpmnElement=\"sid-7BA30D19-708A-4A69-A05E-3B5FC38E05C5\" id=\"BPMNEdge_sid-7BA30D19-708A-4A69-A05E-3B5FC38E05C5\">\n        <omgdi:waypoint x=\"274.9499999999907\" y=\"178.0\"></omgdi:waypoint>\n        <omgdi:waypoint x=\"319.9999999999807\" y=\"178.0\"></omgdi:waypoint>\n      </bpmndi:BPMNEdge>\n      <bpmndi:BPMNEdge bpmnElement=\"sid-8837ACC1-9927-4EF2-AB27-6113B895B400\" id=\"BPMNEdge_sid-8837ACC1-9927-4EF2-AB27-6113B895B400\">\n        <omgdi:waypoint x=\"129.9499984899576\" y=\"178.0\"></omgdi:waypoint>\n        <omgdi:waypoint x=\"174.9999999999917\" y=\"178.0\"></omgdi:waypoint>\n      </bpmndi:BPMNEdge>\n      <bpmndi:BPMNEdge bpmnElement=\"sid-0255207B-6BE7-449E-8B53-6D87AF68964A\" id=\"BPMNEdge_sid-0255207B-6BE7-449E-8B53-6D87AF68964A\">\n        <omgdi:waypoint x=\"419.95000000000005\" y=\"178.0\"></omgdi:waypoint>\n        <omgdi:waypoint x=\"465.0\" y=\"178.0\"></omgdi:waypoint>\n      </bpmndi:BPMNEdge>\n    </bpmndi:BPMNPlane>\n  </bpmndi:BPMNDiagram>\n</definitions>'),
('a83efe5d-2d56-11eb-b88c-227918fa15ea','liaison.app','a83efe5a-2d56-11eb-b88c-227918fa15ea','{\"key\":\"liaison\",\"name\":\"联络单\",\"description\":\"\",\"theme\":\"theme-1\",\"icon\":\"glyphicon-asterisk\",\"usersAccess\":null,\"groupsAccess\":null}'),
('b220dbc9-2fc6-11eb-8a65-227918fa15ea','form-mes-requirement.form','b220dbc8-2fc6-11eb-8a65-227918fa15ea','{\"name\":\"MES需求变更\",\"key\":\"mes-requirement\",\"version\":0,\"fields\":[{\"fieldType\":\"FormField\",\"id\":\"summary\",\"name\":\"主旨\",\"type\":\"text\",\"value\":null,\"required\":false,\"readOnly\":false,\"overrideId\":true,\"placeholder\":\"${summary}\",\"layout\":null},{\"fieldType\":\"FormField\",\"id\":\"empid\",\"name\":\"提案人员\",\"type\":\"text\",\"value\":null,\"required\":false,\"readOnly\":false,\"overrideId\":true,\"placeholder\":\"${empid}\",\"layout\":null},{\"fieldType\":\"FormField\",\"id\":\"description\",\"name\":\"需求变更描述\",\"type\":\"multi-line-text\",\"value\":null,\"required\":false,\"readOnly\":false,\"overrideId\":true,\"placeholder\":\"${description}\",\"layout\":null},{\"fieldType\":\"FormField\",\"id\":\"_FLOWABLE_SKIP_EXPRESSION_ENABLED\",\"name\":\"允許跳過\",\"type\":\"boolean\",\"value\":null,\"required\":false,\"readOnly\":false,\"overrideId\":true,\"placeholder\":null,\"layout\":null},{\"fieldType\":\"FormField\",\"id\":\"skip\",\"name\":\"是否跳過\",\"type\":\"boolean\",\"value\":null,\"required\":false,\"readOnly\":false,\"overrideId\":true,\"placeholder\":null,\"layout\":null},{\"fieldType\":\"FormField\",\"id\":\"assigneeListVar\",\"name\":\"核簽流程\",\"type\":\"text\",\"value\":null,\"required\":false,\"readOnly\":true,\"overrideId\":true,\"placeholder\":\"manager;COORDINATOR;DEV TL;PSM;MESM;PM\",\"layout\":null},{\"fieldType\":\"FormField\",\"id\":\"assigneelist\",\"name\":\"核簽流程\",\"type\":\"multi-line-text\",\"value\":null,\"required\":true,\"readOnly\":false,\"overrideId\":true,\"placeholder\":\"${assigneelist}\",\"layout\":null}],\"outcomes\":[]}'),
('b220dbca-2fc6-11eb-8a65-227918fa15ea','mes-requirement.app','b220dbc8-2fc6-11eb-8a65-227918fa15ea','{\"key\":\"mes-requirement\",\"name\":\"MES需求变更\",\"description\":\"\",\"theme\":\"theme-1\",\"icon\":\"glyphicon-asterisk\",\"usersAccess\":null,\"groupsAccess\":null}'),
('b220dbcb-2fc6-11eb-8a65-227918fa15ea','mes-requirement.bpmn','b220dbc8-2fc6-11eb-8a65-227918fa15ea','<?xml version=\"1.0\" encoding=\"UTF-8\"?>\n<definitions xmlns=\"http://www.omg.org/spec/BPMN/20100524/MODEL\" xmlns:xsi=\"http://www.w3.org/2001/XMLSchema-instance\" xmlns:xsd=\"http://www.w3.org/2001/XMLSchema\" xmlns:flowable=\"http://flowable.org/bpmn\" xmlns:bpmndi=\"http://www.omg.org/spec/BPMN/20100524/DI\" xmlns:omgdc=\"http://www.omg.org/spec/DD/20100524/DC\" xmlns:omgdi=\"http://www.omg.org/spec/DD/20100524/DI\" typeLanguage=\"http://www.w3.org/2001/XMLSchema\" expressionLanguage=\"http://www.w3.org/1999/XPath\" targetNamespace=\"自定義流程表單\">\n  <process id=\"mes-requirement\" name=\"MES需求变更\" isExecutable=\"true\">\n    <extensionElements>\n      <flowable:eventListener events=\"PROCESS_STARTED\" class=\"com.deltaww.flowapi.listener.ResolverAssigneeListener\"></flowable:eventListener>\n    </extensionElements>\n    <startEvent id=\"startEvent1\" name=\"填单\" flowable:initiator=\"initiator\" flowable:formKey=\"mes-requirement\" flowable:formFieldValidation=\"true\"></startEvent>\n    <userTask id=\"sid-33868E85-5876-4712-9136-27C22F40C24D\" name=\"填单人确认\" flowable:assignee=\"${initiator}\" flowable:formKey=\"mes-requirement\" flowable:formFieldValidation=\"true\" flowable:skipExpression=\"${skip}\">\n      <extensionElements>\n        <modeler:activiti-idm-initiator xmlns:modeler=\"http://flowable.org/modeler\"><![CDATA[true]]></modeler:activiti-idm-initiator>\n      </extensionElements>\n    </userTask>\n    <sequenceFlow id=\"sid-07BACF0C-406A-4E40-A1FC-00A0BC020C59\" sourceRef=\"startEvent1\" targetRef=\"sid-33868E85-5876-4712-9136-27C22F40C24D\"></sequenceFlow>\n    <userTask id=\"sid-9E02A53C-8F0C-4B08-A7ED-46875520B424\" name=\"提案部门主管\" flowable:formKey=\"mes-requirement\" flowable:formFieldValidation=\"true\"></userTask>\n    <sequenceFlow id=\"sid-9D4E7218-A416-4E13-8129-6902D1CEDBD3\" sourceRef=\"sid-33868E85-5876-4712-9136-27C22F40C24D\" targetRef=\"sid-9E02A53C-8F0C-4B08-A7ED-46875520B424\"></sequenceFlow>\n    <userTask id=\"sid-962F5DA8-4C49-46EC-AC02-75726D74F3BD\" name=\"Coordinator\" flowable:formKey=\"mes-requirement\" flowable:formFieldValidation=\"true\"></userTask>\n    <sequenceFlow id=\"sid-3B1C7B5B-E126-4DBE-9960-3332CA8953FC\" sourceRef=\"sid-9E02A53C-8F0C-4B08-A7ED-46875520B424\" targetRef=\"sid-962F5DA8-4C49-46EC-AC02-75726D74F3BD\"></sequenceFlow>\n    <userTask id=\"sid-712F5FB9-B139-4A54-B5F0-0C9963B866D6\" name=\"DEV TL\" flowable:formKey=\"mes-requirement\" flowable:formFieldValidation=\"true\"></userTask>\n    <sequenceFlow id=\"sid-75B89205-F7AD-4B61-9772-F69F67FC5A4B\" sourceRef=\"sid-962F5DA8-4C49-46EC-AC02-75726D74F3BD\" targetRef=\"sid-712F5FB9-B139-4A54-B5F0-0C9963B866D6\"></sequenceFlow>\n    <userTask id=\"sid-1B1D89A5-C026-4A31-927F-32BD7888BD59\" name=\"PSM\" flowable:formKey=\"mes-requirement\" flowable:formFieldValidation=\"true\"></userTask>\n    <userTask id=\"sid-A57DF6D0-FE5C-4D32-B8EC-ECEA13271C76\" name=\"MESM\" flowable:formKey=\"mes-requirement\" flowable:formFieldValidation=\"true\"></userTask>\n    <sequenceFlow id=\"sid-6F9F2036-70B8-4F2E-AF81-4B54AA19CD43\" sourceRef=\"sid-1B1D89A5-C026-4A31-927F-32BD7888BD59\" targetRef=\"sid-A57DF6D0-FE5C-4D32-B8EC-ECEA13271C76\"></sequenceFlow>\n    <userTask id=\"sid-18F650C5-F8DF-4D17-AD0B-FCCB1F242C4D\" name=\"PM\" flowable:formKey=\"mes-requirement\" flowable:formFieldValidation=\"true\"></userTask>\n    <sequenceFlow id=\"sid-C4E02C10-B6FB-47DF-8F9F-346B5D75275C\" sourceRef=\"sid-A57DF6D0-FE5C-4D32-B8EC-ECEA13271C76\" targetRef=\"sid-18F650C5-F8DF-4D17-AD0B-FCCB1F242C4D\"></sequenceFlow>\n    <sequenceFlow id=\"sid-2090AF02-C11C-4993-9CC4-F4D95E4F6C72\" sourceRef=\"sid-712F5FB9-B139-4A54-B5F0-0C9963B866D6\" targetRef=\"sid-1B1D89A5-C026-4A31-927F-32BD7888BD59\"></sequenceFlow>\n    <endEvent id=\"sid-4C4E0E45-0E10-40C1-A1A5-B4BC491F8E1E\" name=\"结束\"></endEvent>\n    <sequenceFlow id=\"sid-19C22622-BF57-43FF-BE8C-D74EDD41782F\" sourceRef=\"sid-18F650C5-F8DF-4D17-AD0B-FCCB1F242C4D\" targetRef=\"sid-4C4E0E45-0E10-40C1-A1A5-B4BC491F8E1E\"></sequenceFlow>\n  </process>\n  <bpmndi:BPMNDiagram id=\"BPMNDiagram_mes-requirement\">\n    <bpmndi:BPMNPlane bpmnElement=\"mes-requirement\" id=\"BPMNPlane_mes-requirement\">\n      <bpmndi:BPMNShape bpmnElement=\"startEvent1\" id=\"BPMNShape_startEvent1\">\n        <omgdc:Bounds height=\"30.0\" width=\"30.0\" x=\"100.0\" y=\"163.0\"></omgdc:Bounds>\n      </bpmndi:BPMNShape>\n      <bpmndi:BPMNShape bpmnElement=\"sid-33868E85-5876-4712-9136-27C22F40C24D\" id=\"BPMNShape_sid-33868E85-5876-4712-9136-27C22F40C24D\">\n        <omgdc:Bounds height=\"80.0\" width=\"100.0\" x=\"175.0\" y=\"138.0\"></omgdc:Bounds>\n      </bpmndi:BPMNShape>\n      <bpmndi:BPMNShape bpmnElement=\"sid-9E02A53C-8F0C-4B08-A7ED-46875520B424\" id=\"BPMNShape_sid-9E02A53C-8F0C-4B08-A7ED-46875520B424\">\n        <omgdc:Bounds height=\"80.0\" width=\"100.0\" x=\"320.0\" y=\"138.0\"></omgdc:Bounds>\n      </bpmndi:BPMNShape>\n      <bpmndi:BPMNShape bpmnElement=\"sid-962F5DA8-4C49-46EC-AC02-75726D74F3BD\" id=\"BPMNShape_sid-962F5DA8-4C49-46EC-AC02-75726D74F3BD\">\n        <omgdc:Bounds height=\"80.0\" width=\"100.0\" x=\"465.0\" y=\"138.0\"></omgdc:Bounds>\n      </bpmndi:BPMNShape>\n      <bpmndi:BPMNShape bpmnElement=\"sid-712F5FB9-B139-4A54-B5F0-0C9963B866D6\" id=\"BPMNShape_sid-712F5FB9-B139-4A54-B5F0-0C9963B866D6\">\n        <omgdc:Bounds height=\"80.0\" width=\"100.0\" x=\"610.0\" y=\"138.0\"></omgdc:Bounds>\n      </bpmndi:BPMNShape>\n      <bpmndi:BPMNShape bpmnElement=\"sid-1B1D89A5-C026-4A31-927F-32BD7888BD59\" id=\"BPMNShape_sid-1B1D89A5-C026-4A31-927F-32BD7888BD59\">\n        <omgdc:Bounds height=\"80.0\" width=\"100.0\" x=\"175.0\" y=\"255.0\"></omgdc:Bounds>\n      </bpmndi:BPMNShape>\n      <bpmndi:BPMNShape bpmnElement=\"sid-A57DF6D0-FE5C-4D32-B8EC-ECEA13271C76\" id=\"BPMNShape_sid-A57DF6D0-FE5C-4D32-B8EC-ECEA13271C76\">\n        <omgdc:Bounds height=\"80.0\" width=\"100.0\" x=\"320.0\" y=\"255.0\"></omgdc:Bounds>\n      </bpmndi:BPMNShape>\n      <bpmndi:BPMNShape bpmnElement=\"sid-18F650C5-F8DF-4D17-AD0B-FCCB1F242C4D\" id=\"BPMNShape_sid-18F650C5-F8DF-4D17-AD0B-FCCB1F242C4D\">\n        <omgdc:Bounds height=\"80.0\" width=\"100.0\" x=\"465.0\" y=\"255.0\"></omgdc:Bounds>\n      </bpmndi:BPMNShape>\n      <bpmndi:BPMNShape bpmnElement=\"sid-4C4E0E45-0E10-40C1-A1A5-B4BC491F8E1E\" id=\"BPMNShape_sid-4C4E0E45-0E10-40C1-A1A5-B4BC491F8E1E\">\n        <omgdc:Bounds height=\"28.0\" width=\"28.0\" x=\"610.0\" y=\"281.0\"></omgdc:Bounds>\n      </bpmndi:BPMNShape>\n      <bpmndi:BPMNEdge bpmnElement=\"sid-07BACF0C-406A-4E40-A1FC-00A0BC020C59\" id=\"BPMNEdge_sid-07BACF0C-406A-4E40-A1FC-00A0BC020C59\">\n        <omgdi:waypoint x=\"129.9499984899576\" y=\"178.0\"></omgdi:waypoint>\n        <omgdi:waypoint x=\"174.9999999999917\" y=\"178.0\"></omgdi:waypoint>\n      </bpmndi:BPMNEdge>\n      <bpmndi:BPMNEdge bpmnElement=\"sid-C4E02C10-B6FB-47DF-8F9F-346B5D75275C\" id=\"BPMNEdge_sid-C4E02C10-B6FB-47DF-8F9F-346B5D75275C\">\n        <omgdi:waypoint x=\"419.94999999990824\" y=\"295.0\"></omgdi:waypoint>\n        <omgdi:waypoint x=\"464.9999999999807\" y=\"295.0\"></omgdi:waypoint>\n      </bpmndi:BPMNEdge>\n      <bpmndi:BPMNEdge bpmnElement=\"sid-2090AF02-C11C-4993-9CC4-F4D95E4F6C72\" id=\"BPMNEdge_sid-2090AF02-C11C-4993-9CC4-F4D95E4F6C72\">\n        <omgdi:waypoint x=\"660.0\" y=\"217.95000000000002\"></omgdi:waypoint>\n        <omgdi:waypoint x=\"660.0\" y=\"234.99999999999994\"></omgdi:waypoint>\n        <omgdi:waypoint x=\"225.0\" y=\"234.99999999999994\"></omgdi:waypoint>\n        <omgdi:waypoint x=\"225.0\" y=\"255.0\"></omgdi:waypoint>\n      </bpmndi:BPMNEdge>\n      <bpmndi:BPMNEdge bpmnElement=\"sid-3B1C7B5B-E126-4DBE-9960-3332CA8953FC\" id=\"BPMNEdge_sid-3B1C7B5B-E126-4DBE-9960-3332CA8953FC\">\n        <omgdi:waypoint x=\"419.94999999999067\" y=\"178.0\"></omgdi:waypoint>\n        <omgdi:waypoint x=\"464.9999999999807\" y=\"178.0\"></omgdi:waypoint>\n      </bpmndi:BPMNEdge>\n      <bpmndi:BPMNEdge bpmnElement=\"sid-75B89205-F7AD-4B61-9772-F69F67FC5A4B\" id=\"BPMNEdge_sid-75B89205-F7AD-4B61-9772-F69F67FC5A4B\">\n        <omgdi:waypoint x=\"564.9499999999907\" y=\"178.0\"></omgdi:waypoint>\n        <omgdi:waypoint x=\"609.9999999999807\" y=\"178.0\"></omgdi:waypoint>\n      </bpmndi:BPMNEdge>\n      <bpmndi:BPMNEdge bpmnElement=\"sid-9D4E7218-A416-4E13-8129-6902D1CEDBD3\" id=\"BPMNEdge_sid-9D4E7218-A416-4E13-8129-6902D1CEDBD3\">\n        <omgdi:waypoint x=\"274.9499999999907\" y=\"178.0\"></omgdi:waypoint>\n        <omgdi:waypoint x=\"319.9999999999807\" y=\"178.0\"></omgdi:waypoint>\n      </bpmndi:BPMNEdge>\n      <bpmndi:BPMNEdge bpmnElement=\"sid-6F9F2036-70B8-4F2E-AF81-4B54AA19CD43\" id=\"BPMNEdge_sid-6F9F2036-70B8-4F2E-AF81-4B54AA19CD43\">\n        <omgdi:waypoint x=\"274.94999999974334\" y=\"295.0\"></omgdi:waypoint>\n        <omgdi:waypoint x=\"319.9999999999807\" y=\"295.0\"></omgdi:waypoint>\n      </bpmndi:BPMNEdge>\n      <bpmndi:BPMNEdge bpmnElement=\"sid-19C22622-BF57-43FF-BE8C-D74EDD41782F\" id=\"BPMNEdge_sid-19C22622-BF57-43FF-BE8C-D74EDD41782F\">\n        <omgdi:waypoint x=\"564.95\" y=\"295.0\"></omgdi:waypoint>\n        <omgdi:waypoint x=\"610.0\" y=\"295.0\"></omgdi:waypoint>\n      </bpmndi:BPMNEdge>\n    </bpmndi:BPMNPlane>\n  </bpmndi:BPMNDiagram>\n</definitions>'),
('be8247c5-2d29-11eb-b92b-227918fa15ea','send-email.app','be8247c4-2d29-11eb-b92b-227918fa15ea','{\"key\":\"send-email\",\"name\":\"发送邮件\",\"description\":\"\",\"theme\":\"theme-1\",\"icon\":\"glyphicon-asterisk\",\"usersAccess\":null,\"groupsAccess\":null}'),
('be8247c6-2d29-11eb-b92b-227918fa15ea','send-email.bpmn','be8247c4-2d29-11eb-b92b-227918fa15ea','<?xml version=\"1.0\" encoding=\"UTF-8\"?>\n<definitions xmlns=\"http://www.omg.org/spec/BPMN/20100524/MODEL\" xmlns:xsi=\"http://www.w3.org/2001/XMLSchema-instance\" xmlns:xsd=\"http://www.w3.org/2001/XMLSchema\" xmlns:flowable=\"http://flowable.org/bpmn\" xmlns:bpmndi=\"http://www.omg.org/spec/BPMN/20100524/DI\" xmlns:omgdc=\"http://www.omg.org/spec/DD/20100524/DC\" xmlns:omgdi=\"http://www.omg.org/spec/DD/20100524/DI\" typeLanguage=\"http://www.w3.org/2001/XMLSchema\" expressionLanguage=\"http://www.w3.org/1999/XPath\" targetNamespace=\"http://www.flowable.org/processdef\">\n  <process id=\"send-email\" name=\"发送邮件\" isExecutable=\"true\">\n    <startEvent id=\"startEvent1\" name=\"start\" flowable:initiator=\"initiator\" flowable:formFieldValidation=\"true\"></startEvent>\n    <sequenceFlow id=\"sid-B4DA1B3A-508B-4E50-8C7C-218F8E66DCFA\" sourceRef=\"startEvent1\" targetRef=\"sid-4329CEE2-F1D9-4BF6-9218-38C62659F72E\"></sequenceFlow>\n    <endEvent id=\"sid-E4D02A62-9237-4DB5-88D6-388754AE1687\" name=\"end\"></endEvent>\n    <sequenceFlow id=\"sid-9BAB4ACD-DA8A-4FEE-AD68-2649B32CD9E8\" sourceRef=\"sid-4329CEE2-F1D9-4BF6-9218-38C62659F72E\" targetRef=\"sid-E4D02A62-9237-4DB5-88D6-388754AE1687\"></sequenceFlow>\n    <serviceTask id=\"sid-4329CEE2-F1D9-4BF6-9218-38C62659F72E\" name=\"SendEmail\" flowable:type=\"mail\">\n      <extensionElements>\n        <flowable:field name=\"to\">\n          <flowable:expression><![CDATA[${emailTo}]]></flowable:expression>\n        </flowable:field>\n        <flowable:field name=\"from\">\n          <flowable:expression><![CDATA[${emailFrom}]]></flowable:expression>\n        </flowable:field>\n        <flowable:field name=\"subject\">\n          <flowable:expression><![CDATA[${emailSubject}]]></flowable:expression>\n        </flowable:field>\n        <flowable:field name=\"cc\">\n          <flowable:expression><![CDATA[${emailCC}]]></flowable:expression>\n        </flowable:field>\n        <flowable:field name=\"text\">\n          <flowable:expression><![CDATA[${emailContent}]]></flowable:expression>\n        </flowable:field>\n      </extensionElements>\n    </serviceTask>\n  </process>\n  <bpmndi:BPMNDiagram id=\"BPMNDiagram_send-email\">\n    <bpmndi:BPMNPlane bpmnElement=\"send-email\" id=\"BPMNPlane_send-email\">\n      <bpmndi:BPMNShape bpmnElement=\"startEvent1\" id=\"BPMNShape_startEvent1\">\n        <omgdc:Bounds height=\"30.0\" width=\"30.0\" x=\"100.0\" y=\"163.0\"></omgdc:Bounds>\n      </bpmndi:BPMNShape>\n      <bpmndi:BPMNShape bpmnElement=\"sid-E4D02A62-9237-4DB5-88D6-388754AE1687\" id=\"BPMNShape_sid-E4D02A62-9237-4DB5-88D6-388754AE1687\">\n        <omgdc:Bounds height=\"28.0\" width=\"28.0\" x=\"320.0\" y=\"164.0\"></omgdc:Bounds>\n      </bpmndi:BPMNShape>\n      <bpmndi:BPMNShape bpmnElement=\"sid-4329CEE2-F1D9-4BF6-9218-38C62659F72E\" id=\"BPMNShape_sid-4329CEE2-F1D9-4BF6-9218-38C62659F72E\">\n        <omgdc:Bounds height=\"80.0\" width=\"100.0\" x=\"165.0\" y=\"135.0\"></omgdc:Bounds>\n      </bpmndi:BPMNShape>\n      <bpmndi:BPMNEdge bpmnElement=\"sid-B4DA1B3A-508B-4E50-8C7C-218F8E66DCFA\" id=\"BPMNEdge_sid-B4DA1B3A-508B-4E50-8C7C-218F8E66DCFA\">\n        <omgdi:waypoint x=\"129.94340692927761\" y=\"177.55019845363262\"></omgdi:waypoint>\n        <omgdi:waypoint x=\"164.99999999999906\" y=\"176.4985\"></omgdi:waypoint>\n      </bpmndi:BPMNEdge>\n      <bpmndi:BPMNEdge bpmnElement=\"sid-9BAB4ACD-DA8A-4FEE-AD68-2649B32CD9E8\" id=\"BPMNEdge_sid-9BAB4ACD-DA8A-4FEE-AD68-2649B32CD9E8\">\n        <omgdi:waypoint x=\"264.9499999999882\" y=\"175.0\"></omgdi:waypoint>\n        <omgdi:waypoint x=\"292.5\" y=\"175.0\"></omgdi:waypoint>\n        <omgdi:waypoint x=\"292.5\" y=\"178.0\"></omgdi:waypoint>\n        <omgdi:waypoint x=\"320.0\" y=\"178.0\"></omgdi:waypoint>\n      </bpmndi:BPMNEdge>\n    </bpmndi:BPMNPlane>\n  </bpmndi:BPMNDiagram>\n</definitions>'),
('ce8661cf-2d57-11eb-b88c-227918fa15ea','vendor-code-request-form.bpmn','ce8661ce-2d57-11eb-b88c-227918fa15ea','<?xml version=\"1.0\" encoding=\"UTF-8\"?>\n<definitions xmlns=\"http://www.omg.org/spec/BPMN/20100524/MODEL\" xmlns:xsi=\"http://www.w3.org/2001/XMLSchema-instance\" xmlns:xsd=\"http://www.w3.org/2001/XMLSchema\" xmlns:flowable=\"http://flowable.org/bpmn\" xmlns:bpmndi=\"http://www.omg.org/spec/BPMN/20100524/DI\" xmlns:omgdc=\"http://www.omg.org/spec/DD/20100524/DC\" xmlns:omgdi=\"http://www.omg.org/spec/DD/20100524/DI\" typeLanguage=\"http://www.w3.org/2001/XMLSchema\" expressionLanguage=\"http://www.w3.org/1999/XPath\" targetNamespace=\"http://www.flowable.org/processdef\">\n  <process id=\"vendor-code-request-form\" name=\"FI廠商代碼申請單\" isExecutable=\"true\">\n    <startEvent id=\"startEvent1\" flowable:initiator=\"initiator\" flowable:formKey=\"vendor-code-request-form\" flowable:formFieldValidation=\"true\"></startEvent>\n    <userTask id=\"sid-BC344DB7-47CA-4885-B01D-746CE6AA1B47\" flowable:formFieldValidation=\"true\"></userTask>\n    <sequenceFlow id=\"sid-E3CDDACB-2B12-4398-966D-C78588092BD6\" sourceRef=\"startEvent1\" targetRef=\"sid-BC344DB7-47CA-4885-B01D-746CE6AA1B47\"></sequenceFlow>\n    <endEvent id=\"sid-860C90D4-77B6-4336-A684-FBD28C95B009\"></endEvent>\n    <sequenceFlow id=\"sid-61149916-1C68-428E-987A-8C94F5454F96\" sourceRef=\"sid-BC344DB7-47CA-4885-B01D-746CE6AA1B47\" targetRef=\"sid-860C90D4-77B6-4336-A684-FBD28C95B009\"></sequenceFlow>\n  </process>\n  <bpmndi:BPMNDiagram id=\"BPMNDiagram_vendor-code-request-form\">\n    <bpmndi:BPMNPlane bpmnElement=\"vendor-code-request-form\" id=\"BPMNPlane_vendor-code-request-form\">\n      <bpmndi:BPMNShape bpmnElement=\"startEvent1\" id=\"BPMNShape_startEvent1\">\n        <omgdc:Bounds height=\"30.0\" width=\"30.0\" x=\"100.0\" y=\"163.0\"></omgdc:Bounds>\n      </bpmndi:BPMNShape>\n      <bpmndi:BPMNShape bpmnElement=\"sid-BC344DB7-47CA-4885-B01D-746CE6AA1B47\" id=\"BPMNShape_sid-BC344DB7-47CA-4885-B01D-746CE6AA1B47\">\n        <omgdc:Bounds height=\"80.0\" width=\"100.0\" x=\"175.0\" y=\"138.0\"></omgdc:Bounds>\n      </bpmndi:BPMNShape>\n      <bpmndi:BPMNShape bpmnElement=\"sid-860C90D4-77B6-4336-A684-FBD28C95B009\" id=\"BPMNShape_sid-860C90D4-77B6-4336-A684-FBD28C95B009\">\n        <omgdc:Bounds height=\"28.0\" width=\"28.0\" x=\"320.0\" y=\"164.0\"></omgdc:Bounds>\n      </bpmndi:BPMNShape>\n      <bpmndi:BPMNEdge bpmnElement=\"sid-61149916-1C68-428E-987A-8C94F5454F96\" id=\"BPMNEdge_sid-61149916-1C68-428E-987A-8C94F5454F96\">\n        <omgdi:waypoint x=\"274.95000000000005\" y=\"178.0\"></omgdi:waypoint>\n        <omgdi:waypoint x=\"320.0\" y=\"178.0\"></omgdi:waypoint>\n      </bpmndi:BPMNEdge>\n      <bpmndi:BPMNEdge bpmnElement=\"sid-E3CDDACB-2B12-4398-966D-C78588092BD6\" id=\"BPMNEdge_sid-E3CDDACB-2B12-4398-966D-C78588092BD6\">\n        <omgdi:waypoint x=\"129.9499984899576\" y=\"178.0\"></omgdi:waypoint>\n        <omgdi:waypoint x=\"174.9999999999917\" y=\"178.0\"></omgdi:waypoint>\n      </bpmndi:BPMNEdge>\n    </bpmndi:BPMNPlane>\n  </bpmndi:BPMNDiagram>\n</definitions>'),
('ce8661d0-2d57-11eb-b88c-227918fa15ea','form-vendor-code-request-form.form','ce8661ce-2d57-11eb-b88c-227918fa15ea','{\"name\":\"FI厂商代码申请单\",\"key\":\"vendor-code-request-form\",\"version\":0,\"fields\":[{\"fieldType\":\"FormField\",\"id\":\"label\",\"name\":\"Label\",\"type\":\"text\",\"value\":null,\"required\":false,\"readOnly\":false,\"overrideId\":false,\"placeholder\":null,\"layout\":null},{\"fieldType\":\"FormField\",\"id\":\"label\",\"name\":\"Label\",\"type\":\"multi-line-text\",\"value\":null,\"required\":false,\"readOnly\":false,\"overrideId\":false,\"placeholder\":null,\"layout\":null}],\"outcomes\":[]}'),
('ce8661d1-2d57-11eb-b88c-227918fa15ea','vendor-code-request-form.app','ce8661ce-2d57-11eb-b88c-227918fa15ea','{\"key\":\"vendor-code-request-form\",\"name\":\"FI厂商代码申请单\",\"description\":\"\",\"theme\":\"theme-1\",\"icon\":\"glyphicon-asterisk\",\"usersAccess\":null,\"groupsAccess\":null}'),
('d4fc7a5f-2d28-11eb-9045-227918fa15ea','send-email.app','d4fc7a5e-2d28-11eb-9045-227918fa15ea','{\"key\":\"send-email\",\"name\":\"发送邮件\",\"description\":\"\",\"theme\":\"theme-1\",\"icon\":\"glyphicon-asterisk\",\"usersAccess\":null,\"groupsAccess\":null}'),
('d4fc7a60-2d28-11eb-9045-227918fa15ea','send-email.bpmn','d4fc7a5e-2d28-11eb-9045-227918fa15ea','<?xml version=\"1.0\" encoding=\"UTF-8\"?>\n<definitions xmlns=\"http://www.omg.org/spec/BPMN/20100524/MODEL\" xmlns:xsi=\"http://www.w3.org/2001/XMLSchema-instance\" xmlns:xsd=\"http://www.w3.org/2001/XMLSchema\" xmlns:flowable=\"http://flowable.org/bpmn\" xmlns:bpmndi=\"http://www.omg.org/spec/BPMN/20100524/DI\" xmlns:omgdc=\"http://www.omg.org/spec/DD/20100524/DC\" xmlns:omgdi=\"http://www.omg.org/spec/DD/20100524/DI\" typeLanguage=\"http://www.w3.org/2001/XMLSchema\" expressionLanguage=\"http://www.w3.org/1999/XPath\" targetNamespace=\"http://www.flowable.org/processdef\">\n  <process id=\"send-email\" name=\"发送邮件\" isExecutable=\"true\">\n    <startEvent id=\"startEvent1\" name=\"start\" flowable:initiator=\"initiator\" flowable:formFieldValidation=\"true\"></startEvent>\n    <sequenceFlow id=\"sid-B4DA1B3A-508B-4E50-8C7C-218F8E66DCFA\" sourceRef=\"startEvent1\" targetRef=\"sid-4329CEE2-F1D9-4BF6-9218-38C62659F72E\"></sequenceFlow>\n    <endEvent id=\"sid-E4D02A62-9237-4DB5-88D6-388754AE1687\" name=\"end\"></endEvent>\n    <sequenceFlow id=\"sid-9BAB4ACD-DA8A-4FEE-AD68-2649B32CD9E8\" sourceRef=\"sid-4329CEE2-F1D9-4BF6-9218-38C62659F72E\" targetRef=\"sid-E4D02A62-9237-4DB5-88D6-388754AE1687\"></sequenceFlow>\n    <serviceTask id=\"sid-4329CEE2-F1D9-4BF6-9218-38C62659F72E\" name=\"SendEmail\" flowable:type=\"mail\">\n      <extensionElements>\n        <flowable:field name=\"to\">\n          <flowable:expression><![CDATA[${emailTo}]]></flowable:expression>\n        </flowable:field>\n        <flowable:field name=\"from\">\n          <flowable:expression><![CDATA[${emailFrom}]]></flowable:expression>\n        </flowable:field>\n        <flowable:field name=\"subject\">\n          <flowable:expression><![CDATA[${emailSubject}]]></flowable:expression>\n        </flowable:field>\n        <flowable:field name=\"cc\">\n          <flowable:expression><![CDATA[${emailCC}]]></flowable:expression>\n        </flowable:field>\n        <flowable:field name=\"text\">\n          <flowable:expression><![CDATA[${emailContent}]]></flowable:expression>\n        </flowable:field>\n      </extensionElements>\n    </serviceTask>\n  </process>\n  <bpmndi:BPMNDiagram id=\"BPMNDiagram_send-email\">\n    <bpmndi:BPMNPlane bpmnElement=\"send-email\" id=\"BPMNPlane_send-email\">\n      <bpmndi:BPMNShape bpmnElement=\"startEvent1\" id=\"BPMNShape_startEvent1\">\n        <omgdc:Bounds height=\"30.0\" width=\"30.0\" x=\"100.0\" y=\"163.0\"></omgdc:Bounds>\n      </bpmndi:BPMNShape>\n      <bpmndi:BPMNShape bpmnElement=\"sid-E4D02A62-9237-4DB5-88D6-388754AE1687\" id=\"BPMNShape_sid-E4D02A62-9237-4DB5-88D6-388754AE1687\">\n        <omgdc:Bounds height=\"28.0\" width=\"28.0\" x=\"320.0\" y=\"164.0\"></omgdc:Bounds>\n      </bpmndi:BPMNShape>\n      <bpmndi:BPMNShape bpmnElement=\"sid-4329CEE2-F1D9-4BF6-9218-38C62659F72E\" id=\"BPMNShape_sid-4329CEE2-F1D9-4BF6-9218-38C62659F72E\">\n        <omgdc:Bounds height=\"80.0\" width=\"100.0\" x=\"175.0\" y=\"138.0\"></omgdc:Bounds>\n      </bpmndi:BPMNShape>\n      <bpmndi:BPMNEdge bpmnElement=\"sid-B4DA1B3A-508B-4E50-8C7C-218F8E66DCFA\" id=\"BPMNEdge_sid-B4DA1B3A-508B-4E50-8C7C-218F8E66DCFA\">\n        <omgdi:waypoint x=\"129.9499984899576\" y=\"178.0\"></omgdi:waypoint>\n        <omgdi:waypoint x=\"174.9999999999917\" y=\"178.0\"></omgdi:waypoint>\n      </bpmndi:BPMNEdge>\n      <bpmndi:BPMNEdge bpmnElement=\"sid-9BAB4ACD-DA8A-4FEE-AD68-2649B32CD9E8\" id=\"BPMNEdge_sid-9BAB4ACD-DA8A-4FEE-AD68-2649B32CD9E8\">\n        <omgdi:waypoint x=\"274.95000000000005\" y=\"178.0\"></omgdi:waypoint>\n        <omgdi:waypoint x=\"320.0\" y=\"178.0\"></omgdi:waypoint>\n      </bpmndi:BPMNEdge>\n    </bpmndi:BPMNPlane>\n  </bpmndi:BPMNDiagram>\n</definitions>'),
('f1be3861-2d24-11eb-84d4-227918fa15ea','send-email.app','f1be3860-2d24-11eb-84d4-227918fa15ea','{\"key\":\"send-email\",\"name\":\"发送邮件\",\"description\":\"\",\"theme\":\"theme-1\",\"icon\":\"glyphicon-asterisk\",\"usersAccess\":null,\"groupsAccess\":null}'),
('f1be3862-2d24-11eb-84d4-227918fa15ea','send-email.bpmn','f1be3860-2d24-11eb-84d4-227918fa15ea','<?xml version=\"1.0\" encoding=\"UTF-8\"?>\n<definitions xmlns=\"http://www.omg.org/spec/BPMN/20100524/MODEL\" xmlns:xsi=\"http://www.w3.org/2001/XMLSchema-instance\" xmlns:xsd=\"http://www.w3.org/2001/XMLSchema\" xmlns:flowable=\"http://flowable.org/bpmn\" xmlns:bpmndi=\"http://www.omg.org/spec/BPMN/20100524/DI\" xmlns:omgdc=\"http://www.omg.org/spec/DD/20100524/DC\" xmlns:omgdi=\"http://www.omg.org/spec/DD/20100524/DI\" typeLanguage=\"http://www.w3.org/2001/XMLSchema\" expressionLanguage=\"http://www.w3.org/1999/XPath\" targetNamespace=\"http://www.flowable.org/processdef\">\n  <process id=\"send-email\" name=\"发送邮件\" isExecutable=\"true\">\n    <startEvent id=\"startEvent1\" name=\"start\" flowable:initiator=\"initiator\" flowable:formFieldValidation=\"true\">\n      <extensionElements>\n        <flowable:formProperty id=\"emailFrom\" name=\"发件人\" type=\"string\" default=\"delta@flowable.com\"></flowable:formProperty>\n        <flowable:formProperty id=\"emailTo\" name=\"收件人\" type=\"string\" default=\"delta@flowable.com\"></flowable:formProperty>\n        <flowable:formProperty id=\"emailCC\" name=\"抄送\" type=\"string\"></flowable:formProperty>\n        <flowable:formProperty id=\"emailSubject\" name=\"主题\" type=\"string\" default=\"测试\"></flowable:formProperty>\n        <flowable:formProperty id=\"emailContent\" name=\"正文\" type=\"string\" default=\"这是一个测试邮件\"></flowable:formProperty>\n      </extensionElements>\n    </startEvent>\n    <sequenceFlow id=\"sid-B4DA1B3A-508B-4E50-8C7C-218F8E66DCFA\" sourceRef=\"startEvent1\" targetRef=\"sid-4329CEE2-F1D9-4BF6-9218-38C62659F72E\"></sequenceFlow>\n    <endEvent id=\"sid-E4D02A62-9237-4DB5-88D6-388754AE1687\" name=\"end\"></endEvent>\n    <sequenceFlow id=\"sid-9BAB4ACD-DA8A-4FEE-AD68-2649B32CD9E8\" sourceRef=\"sid-4329CEE2-F1D9-4BF6-9218-38C62659F72E\" targetRef=\"sid-E4D02A62-9237-4DB5-88D6-388754AE1687\"></sequenceFlow>\n    <serviceTask id=\"sid-4329CEE2-F1D9-4BF6-9218-38C62659F72E\" name=\"SendEmail\" flowable:type=\"mail\">\n      <extensionElements>\n        <flowable:field name=\"to\">\n          <flowable:expression><![CDATA[${emailTo}]]></flowable:expression>\n        </flowable:field>\n        <flowable:field name=\"from\">\n          <flowable:expression><![CDATA[${emailFrom}]]></flowable:expression>\n        </flowable:field>\n        <flowable:field name=\"subject\">\n          <flowable:expression><![CDATA[${emailSubject}]]></flowable:expression>\n        </flowable:field>\n        <flowable:field name=\"cc\">\n          <flowable:expression><![CDATA[${emailCC}]]></flowable:expression>\n        </flowable:field>\n        <flowable:field name=\"text\">\n          <flowable:expression><![CDATA[${emailContent}]]></flowable:expression>\n        </flowable:field>\n      </extensionElements>\n    </serviceTask>\n  </process>\n  <bpmndi:BPMNDiagram id=\"BPMNDiagram_send-email\">\n    <bpmndi:BPMNPlane bpmnElement=\"send-email\" id=\"BPMNPlane_send-email\">\n      <bpmndi:BPMNShape bpmnElement=\"startEvent1\" id=\"BPMNShape_startEvent1\">\n        <omgdc:Bounds height=\"30.0\" width=\"30.0\" x=\"100.0\" y=\"163.0\"></omgdc:Bounds>\n      </bpmndi:BPMNShape>\n      <bpmndi:BPMNShape bpmnElement=\"sid-E4D02A62-9237-4DB5-88D6-388754AE1687\" id=\"BPMNShape_sid-E4D02A62-9237-4DB5-88D6-388754AE1687\">\n        <omgdc:Bounds height=\"28.0\" width=\"28.0\" x=\"320.0\" y=\"164.0\"></omgdc:Bounds>\n      </bpmndi:BPMNShape>\n      <bpmndi:BPMNShape bpmnElement=\"sid-4329CEE2-F1D9-4BF6-9218-38C62659F72E\" id=\"BPMNShape_sid-4329CEE2-F1D9-4BF6-9218-38C62659F72E\">\n        <omgdc:Bounds height=\"80.0\" width=\"100.0\" x=\"175.0\" y=\"138.0\"></omgdc:Bounds>\n      </bpmndi:BPMNShape>\n      <bpmndi:BPMNEdge bpmnElement=\"sid-B4DA1B3A-508B-4E50-8C7C-218F8E66DCFA\" id=\"BPMNEdge_sid-B4DA1B3A-508B-4E50-8C7C-218F8E66DCFA\">\n        <omgdi:waypoint x=\"129.9499984899576\" y=\"178.0\"></omgdi:waypoint>\n        <omgdi:waypoint x=\"174.9999999999917\" y=\"178.0\"></omgdi:waypoint>\n      </bpmndi:BPMNEdge>\n      <bpmndi:BPMNEdge bpmnElement=\"sid-9BAB4ACD-DA8A-4FEE-AD68-2649B32CD9E8\" id=\"BPMNEdge_sid-9BAB4ACD-DA8A-4FEE-AD68-2649B32CD9E8\">\n        <omgdi:waypoint x=\"274.95000000000005\" y=\"178.0\"></omgdi:waypoint>\n        <omgdi:waypoint x=\"320.0\" y=\"178.0\"></omgdi:waypoint>\n      </bpmndi:BPMNEdge>\n    </bpmndi:BPMNPlane>\n  </bpmndi:BPMNDiagram>\n</definitions>'),
('faa1aaf6-2d29-11eb-9782-227918fa15ea','send-email.app','faa1aaf5-2d29-11eb-9782-227918fa15ea','{\"key\":\"send-email\",\"name\":\"发送邮件\",\"description\":\"\",\"theme\":\"theme-1\",\"icon\":\"glyphicon-asterisk\",\"usersAccess\":null,\"groupsAccess\":null}'),
('faa1aaf7-2d29-11eb-9782-227918fa15ea','send-email.bpmn','faa1aaf5-2d29-11eb-9782-227918fa15ea','<?xml version=\"1.0\" encoding=\"UTF-8\"?>\n<definitions xmlns=\"http://www.omg.org/spec/BPMN/20100524/MODEL\" xmlns:xsi=\"http://www.w3.org/2001/XMLSchema-instance\" xmlns:xsd=\"http://www.w3.org/2001/XMLSchema\" xmlns:flowable=\"http://flowable.org/bpmn\" xmlns:bpmndi=\"http://www.omg.org/spec/BPMN/20100524/DI\" xmlns:omgdc=\"http://www.omg.org/spec/DD/20100524/DC\" xmlns:omgdi=\"http://www.omg.org/spec/DD/20100524/DI\" typeLanguage=\"http://www.w3.org/2001/XMLSchema\" expressionLanguage=\"http://www.w3.org/1999/XPath\" targetNamespace=\"http://www.flowable.org/processdef\">\n  <process id=\"send-email\" name=\"发送邮件\" isExecutable=\"true\">\n    <startEvent id=\"startEvent1\" name=\"start\" flowable:initiator=\"initiator\" flowable:formFieldValidation=\"true\"></startEvent>\n    <sequenceFlow id=\"sid-B4DA1B3A-508B-4E50-8C7C-218F8E66DCFA\" sourceRef=\"startEvent1\" targetRef=\"sid-4329CEE2-F1D9-4BF6-9218-38C62659F72E\"></sequenceFlow>\n    <endEvent id=\"sid-E4D02A62-9237-4DB5-88D6-388754AE1687\" name=\"end\"></endEvent>\n    <sequenceFlow id=\"sid-9BAB4ACD-DA8A-4FEE-AD68-2649B32CD9E8\" sourceRef=\"sid-4329CEE2-F1D9-4BF6-9218-38C62659F72E\" targetRef=\"sid-E4D02A62-9237-4DB5-88D6-388754AE1687\"></sequenceFlow>\n    <serviceTask id=\"sid-4329CEE2-F1D9-4BF6-9218-38C62659F72E\" name=\"SendEmail\" flowable:type=\"mail\">\n      <extensionElements>\n        <flowable:field name=\"to\">\n          <flowable:expression><![CDATA[${emailTo}]]></flowable:expression>\n        </flowable:field>\n        <flowable:field name=\"from\">\n          <flowable:expression><![CDATA[${emailFrom}]]></flowable:expression>\n        </flowable:field>\n        <flowable:field name=\"subject\">\n          <flowable:expression><![CDATA[${emailSubject}]]></flowable:expression>\n        </flowable:field>\n        <flowable:field name=\"text\">\n          <flowable:expression><![CDATA[${emailContent}]]></flowable:expression>\n        </flowable:field>\n      </extensionElements>\n    </serviceTask>\n  </process>\n  <bpmndi:BPMNDiagram id=\"BPMNDiagram_send-email\">\n    <bpmndi:BPMNPlane bpmnElement=\"send-email\" id=\"BPMNPlane_send-email\">\n      <bpmndi:BPMNShape bpmnElement=\"startEvent1\" id=\"BPMNShape_startEvent1\">\n        <omgdc:Bounds height=\"30.0\" width=\"30.0\" x=\"100.0\" y=\"163.0\"></omgdc:Bounds>\n      </bpmndi:BPMNShape>\n      <bpmndi:BPMNShape bpmnElement=\"sid-E4D02A62-9237-4DB5-88D6-388754AE1687\" id=\"BPMNShape_sid-E4D02A62-9237-4DB5-88D6-388754AE1687\">\n        <omgdc:Bounds height=\"28.0\" width=\"28.0\" x=\"320.0\" y=\"164.0\"></omgdc:Bounds>\n      </bpmndi:BPMNShape>\n      <bpmndi:BPMNShape bpmnElement=\"sid-4329CEE2-F1D9-4BF6-9218-38C62659F72E\" id=\"BPMNShape_sid-4329CEE2-F1D9-4BF6-9218-38C62659F72E\">\n        <omgdc:Bounds height=\"80.0\" width=\"100.0\" x=\"180.0\" y=\"138.0\"></omgdc:Bounds>\n      </bpmndi:BPMNShape>\n      <bpmndi:BPMNEdge bpmnElement=\"sid-B4DA1B3A-508B-4E50-8C7C-218F8E66DCFA\" id=\"BPMNEdge_sid-B4DA1B3A-508B-4E50-8C7C-218F8E66DCFA\">\n        <omgdi:waypoint x=\"129.9499986183554\" y=\"178.0\"></omgdi:waypoint>\n        <omgdi:waypoint x=\"180.0\" y=\"178.0\"></omgdi:waypoint>\n      </bpmndi:BPMNEdge>\n      <bpmndi:BPMNEdge bpmnElement=\"sid-9BAB4ACD-DA8A-4FEE-AD68-2649B32CD9E8\" id=\"BPMNEdge_sid-9BAB4ACD-DA8A-4FEE-AD68-2649B32CD9E8\">\n        <omgdi:waypoint x=\"279.95000000000005\" y=\"178.0\"></omgdi:waypoint>\n        <omgdi:waypoint x=\"320.0\" y=\"178.0\"></omgdi:waypoint>\n      </bpmndi:BPMNEdge>\n    </bpmndi:BPMNPlane>\n  </bpmndi:BPMNDiagram>\n</definitions>'),
('fcbc33f1-2bcb-11eb-9e90-227918fa15ea','out-factory.bpmn','fcbc33f0-2bcb-11eb-9e90-227918fa15ea','<?xml version=\"1.0\" encoding=\"UTF-8\"?>\n<definitions xmlns=\"http://www.omg.org/spec/BPMN/20100524/MODEL\" xmlns:xsi=\"http://www.w3.org/2001/XMLSchema-instance\" xmlns:xsd=\"http://www.w3.org/2001/XMLSchema\" xmlns:flowable=\"http://flowable.org/bpmn\" xmlns:bpmndi=\"http://www.omg.org/spec/BPMN/20100524/DI\" xmlns:omgdc=\"http://www.omg.org/spec/DD/20100524/DC\" xmlns:omgdi=\"http://www.omg.org/spec/DD/20100524/DI\" typeLanguage=\"http://www.w3.org/2001/XMLSchema\" expressionLanguage=\"http://www.w3.org/1999/XPath\" targetNamespace=\"http://www.flowable.org/processdef\">\n  <process id=\"out-factory\" name=\"外出单\" isExecutable=\"true\">\n    <dataObject id=\"_FLOWABLE_SKIP_EXPRESSION_ENABLED\" name=\"_FLOWABLE_SKIP_EXPRESSION_ENABLED\" itemSubjectRef=\"xsd:boolean\">\n      <extensionElements>\n        <flowable:value>true</flowable:value>\n      </extensionElements>\n    </dataObject>\n    <dataObject id=\"manager\" name=\"所属领导\" itemSubjectRef=\"xsd:string\">\n      <extensionElements>\n        <flowable:value>manager</flowable:value>\n      </extensionElements>\n    </dataObject>\n    <startEvent id=\"startEvent1\" name=\"填单\" flowable:initiator=\"initiator\" flowable:formKey=\"out-factory\" flowable:formFieldValidation=\"true\"></startEvent>\n    <userTask id=\"sid-E086BDD7-66B2-409F-B18C-B682DD9172DB\" name=\"申请人确认\" flowable:assignee=\"${initiator}\" flowable:formKey=\"out-factory\" flowable:formFieldValidation=\"true\" flowable:skipExpression=\"${_FLOWABLE_SKIP_EXPRESSION_ENABLED==true}\">\n      <extensionElements>\n        <modeler:activiti-idm-initiator xmlns:modeler=\"http://flowable.org/modeler\"><![CDATA[true]]></modeler:activiti-idm-initiator>\n      </extensionElements>\n    </userTask>\n    <sequenceFlow id=\"sid-FB957372-CC09-424B-88F0-30C09C3C100F\" sourceRef=\"startEvent1\" targetRef=\"sid-E086BDD7-66B2-409F-B18C-B682DD9172DB\"></sequenceFlow>\n    <userTask id=\"sid-ABCBD09C-DB79-4EE8-BB28-96FEBAAFF175\" name=\"主管审核\" flowable:assignee=\"${manager}\" flowable:formKey=\"out-factory\" flowable:formFieldValidation=\"true\">\n      <extensionElements>\n        <flowable:taskListener event=\"create\" class=\"com.deltaww.flowapi.listener.AutoAssigneeListener\"></flowable:taskListener>\n        <modeler:initiator-can-complete xmlns:modeler=\"http://flowable.org/modeler\"><![CDATA[false]]></modeler:initiator-can-complete>\n      </extensionElements>\n    </userTask>\n    <sequenceFlow id=\"sid-D2A7423F-91E0-430D-AA1A-09A1C246CA40\" sourceRef=\"sid-E086BDD7-66B2-409F-B18C-B682DD9172DB\" targetRef=\"sid-ABCBD09C-DB79-4EE8-BB28-96FEBAAFF175\"></sequenceFlow>\n    <endEvent id=\"sid-52A44D3B-7206-486E-8F26-58E536F8AFDB\" name=\"结束\"></endEvent>\n    <sequenceFlow id=\"sid-C1DDC6AA-BE98-4CC6-AB71-8C8C99AEDC5C\" sourceRef=\"sid-ABCBD09C-DB79-4EE8-BB28-96FEBAAFF175\" targetRef=\"sid-52A44D3B-7206-486E-8F26-58E536F8AFDB\"></sequenceFlow>\n  </process>\n  <bpmndi:BPMNDiagram id=\"BPMNDiagram_out-factory\">\n    <bpmndi:BPMNPlane bpmnElement=\"out-factory\" id=\"BPMNPlane_out-factory\">\n      <bpmndi:BPMNShape bpmnElement=\"startEvent1\" id=\"BPMNShape_startEvent1\">\n        <omgdc:Bounds height=\"30.0\" width=\"30.0\" x=\"100.0\" y=\"163.0\"></omgdc:Bounds>\n      </bpmndi:BPMNShape>\n      <bpmndi:BPMNShape bpmnElement=\"sid-E086BDD7-66B2-409F-B18C-B682DD9172DB\" id=\"BPMNShape_sid-E086BDD7-66B2-409F-B18C-B682DD9172DB\">\n        <omgdc:Bounds height=\"80.0\" width=\"100.0\" x=\"175.0\" y=\"138.0\"></omgdc:Bounds>\n      </bpmndi:BPMNShape>\n      <bpmndi:BPMNShape bpmnElement=\"sid-ABCBD09C-DB79-4EE8-BB28-96FEBAAFF175\" id=\"BPMNShape_sid-ABCBD09C-DB79-4EE8-BB28-96FEBAAFF175\">\n        <omgdc:Bounds height=\"80.0\" width=\"100.0\" x=\"320.0\" y=\"138.0\"></omgdc:Bounds>\n      </bpmndi:BPMNShape>\n      <bpmndi:BPMNShape bpmnElement=\"sid-52A44D3B-7206-486E-8F26-58E536F8AFDB\" id=\"BPMNShape_sid-52A44D3B-7206-486E-8F26-58E536F8AFDB\">\n        <omgdc:Bounds height=\"28.0\" width=\"28.0\" x=\"465.0\" y=\"164.0\"></omgdc:Bounds>\n      </bpmndi:BPMNShape>\n      <bpmndi:BPMNEdge bpmnElement=\"sid-D2A7423F-91E0-430D-AA1A-09A1C246CA40\" id=\"BPMNEdge_sid-D2A7423F-91E0-430D-AA1A-09A1C246CA40\">\n        <omgdi:waypoint x=\"274.9499999999907\" y=\"178.0\"></omgdi:waypoint>\n        <omgdi:waypoint x=\"319.9999999999807\" y=\"178.0\"></omgdi:waypoint>\n      </bpmndi:BPMNEdge>\n      <bpmndi:BPMNEdge bpmnElement=\"sid-C1DDC6AA-BE98-4CC6-AB71-8C8C99AEDC5C\" id=\"BPMNEdge_sid-C1DDC6AA-BE98-4CC6-AB71-8C8C99AEDC5C\">\n        <omgdi:waypoint x=\"419.95000000000005\" y=\"178.0\"></omgdi:waypoint>\n        <omgdi:waypoint x=\"465.0\" y=\"178.0\"></omgdi:waypoint>\n      </bpmndi:BPMNEdge>\n      <bpmndi:BPMNEdge bpmnElement=\"sid-FB957372-CC09-424B-88F0-30C09C3C100F\" id=\"BPMNEdge_sid-FB957372-CC09-424B-88F0-30C09C3C100F\">\n        <omgdi:waypoint x=\"129.9499984899576\" y=\"178.0\"></omgdi:waypoint>\n        <omgdi:waypoint x=\"174.9999999999917\" y=\"178.0\"></omgdi:waypoint>\n      </bpmndi:BPMNEdge>\n    </bpmndi:BPMNPlane>\n  </bpmndi:BPMNDiagram>\n</definitions>'),
('fcbc33f2-2bcb-11eb-9e90-227918fa15ea','out-factory.app','fcbc33f0-2bcb-11eb-9e90-227918fa15ea','{\"key\":\"out-factory\",\"name\":\"外出单\",\"description\":\"\",\"theme\":\"theme-1\",\"icon\":\"glyphicon-asterisk\",\"usersAccess\":null,\"groupsAccess\":null}'),
('fcbc33f3-2bcb-11eb-9e90-227918fa15ea','form-out-factory.form','fcbc33f0-2bcb-11eb-9e90-227918fa15ea','{\"name\":\"外出单\",\"key\":\"out-factory\",\"version\":0,\"fields\":[{\"fieldType\":\"FormField\",\"id\":\"summary\",\"name\":\"主旨\",\"type\":\"text\",\"value\":null,\"required\":true,\"readOnly\":false,\"overrideId\":true,\"placeholder\":\"${summary}\",\"layout\":null},{\"fieldType\":\"FormField\",\"id\":\"empid\",\"name\":\"人员编号\",\"type\":\"integer\",\"value\":null,\"required\":true,\"readOnly\":false,\"overrideId\":true,\"placeholder\":\"${empid}\",\"layout\":null},{\"fieldType\":\"FormField\",\"id\":\"description\",\"name\":\"描述\",\"type\":\"multi-line-text\",\"value\":null,\"required\":true,\"readOnly\":false,\"overrideId\":true,\"placeholder\":\"${description}\",\"layout\":null}],\"outcomes\":[]}');

/*Table structure for table `ACT_CMMN_CASEDEF` */

DROP TABLE IF EXISTS `ACT_CMMN_CASEDEF`;

CREATE TABLE `ACT_CMMN_CASEDEF` (
  `ID_` varchar(255) NOT NULL,
  `REV_` int NOT NULL,
  `NAME_` varchar(255) DEFAULT NULL,
  `KEY_` varchar(255) NOT NULL,
  `VERSION_` int NOT NULL,
  `CATEGORY_` varchar(255) DEFAULT NULL,
  `DEPLOYMENT_ID_` varchar(255) DEFAULT NULL,
  `RESOURCE_NAME_` varchar(4000) DEFAULT NULL,
  `DESCRIPTION_` varchar(4000) DEFAULT NULL,
  `HAS_GRAPHICAL_NOTATION_` bit(1) DEFAULT NULL,
  `TENANT_ID_` varchar(255) DEFAULT '',
  `DGRM_RESOURCE_NAME_` varchar(4000) DEFAULT NULL,
  `HAS_START_FORM_KEY_` bit(1) DEFAULT NULL,
  PRIMARY KEY (`ID_`),
  UNIQUE KEY `ACT_IDX_CASE_DEF_UNIQ` (`KEY_`,`VERSION_`,`TENANT_ID_`),
  KEY `ACT_IDX_CASE_DEF_DPLY` (`DEPLOYMENT_ID_`),
  CONSTRAINT `ACT_FK_CASE_DEF_DPLY` FOREIGN KEY (`DEPLOYMENT_ID_`) REFERENCES `ACT_CMMN_DEPLOYMENT` (`ID_`)
) ENGINE=InnoDB DEFAULT CHARSET=utf8mb4 COLLATE=utf8mb4_0900_ai_ci;

/*Data for the table `ACT_CMMN_CASEDEF` */

/*Table structure for table `ACT_CMMN_DATABASECHANGELOG` */

DROP TABLE IF EXISTS `ACT_CMMN_DATABASECHANGELOG`;

CREATE TABLE `ACT_CMMN_DATABASECHANGELOG` (
  `ID` varchar(255) NOT NULL,
  `AUTHOR` varchar(255) NOT NULL,
  `FILENAME` varchar(255) NOT NULL,
  `DATEEXECUTED` datetime NOT NULL,
  `ORDEREXECUTED` int NOT NULL,
  `EXECTYPE` varchar(10) NOT NULL,
  `MD5SUM` varchar(35) DEFAULT NULL,
  `DESCRIPTION` varchar(255) DEFAULT NULL,
  `COMMENTS` varchar(255) DEFAULT NULL,
  `TAG` varchar(255) DEFAULT NULL,
  `LIQUIBASE` varchar(20) DEFAULT NULL,
  `CONTEXTS` varchar(255) DEFAULT NULL,
  `LABELS` varchar(255) DEFAULT NULL,
  `DEPLOYMENT_ID` varchar(10) DEFAULT NULL
) ENGINE=InnoDB DEFAULT CHARSET=utf8mb4 COLLATE=utf8mb4_0900_ai_ci;

/*Data for the table `ACT_CMMN_DATABASECHANGELOG` */

insert  into `ACT_CMMN_DATABASECHANGELOG`(`ID`,`AUTHOR`,`FILENAME`,`DATEEXECUTED`,`ORDEREXECUTED`,`EXECTYPE`,`MD5SUM`,`DESCRIPTION`,`COMMENTS`,`TAG`,`LIQUIBASE`,`CONTEXTS`,`LABELS`,`DEPLOYMENT_ID`) values 
('1','flowable','org/flowable/cmmn/db/liquibase/flowable-cmmn-db-changelog.xml','2020-11-20 09:29:34',1,'EXECUTED','8:8b4b922d90b05ff27483abefc9597aa6','createTable tableName=ACT_CMMN_DEPLOYMENT; createTable tableName=ACT_CMMN_DEPLOYMENT_RESOURCE; addForeignKeyConstraint baseTableName=ACT_CMMN_DEPLOYMENT_RESOURCE, constraintName=ACT_FK_CMMN_RSRC_DPL, referencedTableName=ACT_CMMN_DEPLOYMENT; create...','',NULL,'3.10.3',NULL,NULL,'5835775466'),
('2','flowable','org/flowable/cmmn/db/liquibase/flowable-cmmn-db-changelog.xml','2020-11-20 09:29:34',2,'EXECUTED','8:65e39b3d385706bb261cbeffe7533cbe','addColumn tableName=ACT_CMMN_CASEDEF; addColumn tableName=ACT_CMMN_DEPLOYMENT_RESOURCE; addColumn tableName=ACT_CMMN_RU_CASE_INST; addColumn tableName=ACT_CMMN_RU_PLAN_ITEM_INST','',NULL,'3.10.3',NULL,NULL,'5835775466'),
('3','flowable','org/flowable/cmmn/db/liquibase/flowable-cmmn-db-changelog.xml','2020-11-20 09:29:34',3,'EXECUTED','8:c01f6e802b49436b4489040da3012359','addColumn tableName=ACT_CMMN_RU_PLAN_ITEM_INST; addColumn tableName=ACT_CMMN_RU_CASE_INST; createIndex indexName=ACT_IDX_PLAN_ITEM_STAGE_INST, tableName=ACT_CMMN_RU_PLAN_ITEM_INST; addColumn tableName=ACT_CMMN_RU_PLAN_ITEM_INST; addColumn tableNam...','',NULL,'3.10.3',NULL,NULL,'5835775466'),
('4','flowable','org/flowable/cmmn/db/liquibase/flowable-cmmn-db-changelog.xml','2020-11-20 09:29:34',4,'EXECUTED','8:e40d29cb79345b7fb5afd38a7f0ba8fc','createTable tableName=ACT_CMMN_HI_PLAN_ITEM_INST; addColumn tableName=ACT_CMMN_RU_MIL_INST; addColumn tableName=ACT_CMMN_HI_MIL_INST','',NULL,'3.10.3',NULL,NULL,'5835775466'),
('5','flowable','org/flowable/cmmn/db/liquibase/flowable-cmmn-db-changelog.xml','2020-11-20 09:29:35',5,'EXECUTED','8:70349de472f87368dcdec971a10311a0','modifyDataType columnName=DEPLOY_TIME_, tableName=ACT_CMMN_DEPLOYMENT; modifyDataType columnName=START_TIME_, tableName=ACT_CMMN_RU_CASE_INST; modifyDataType columnName=START_TIME_, tableName=ACT_CMMN_RU_PLAN_ITEM_INST; modifyDataType columnName=T...','',NULL,'3.10.3',NULL,NULL,'5835775466'),
('6','flowable','org/flowable/cmmn/db/liquibase/flowable-cmmn-db-changelog.xml','2020-11-20 09:29:35',6,'EXECUTED','8:10e82e26a7fee94c32a92099c059c18c','createIndex indexName=ACT_IDX_CASE_DEF_UNIQ, tableName=ACT_CMMN_CASEDEF','',NULL,'3.10.3',NULL,NULL,'5835775466'),
('7','flowable','org/flowable/cmmn/db/liquibase/flowable-cmmn-db-changelog.xml','2020-11-20 09:29:35',7,'EXECUTED','8:530bc81a1e30618ccf4a2da1f7c6c043','renameColumn newColumnName=CREATE_TIME_, oldColumnName=START_TIME_, tableName=ACT_CMMN_RU_PLAN_ITEM_INST; renameColumn newColumnName=CREATE_TIME_, oldColumnName=CREATED_TIME_, tableName=ACT_CMMN_HI_PLAN_ITEM_INST; addColumn tableName=ACT_CMMN_RU_P...','',NULL,'3.10.3',NULL,NULL,'5835775466'),
('8','flowable','org/flowable/cmmn/db/liquibase/flowable-cmmn-db-changelog.xml','2020-11-20 09:29:35',8,'EXECUTED','8:e8c2eb1ce28bc301efe07e0e29757781','addColumn tableName=ACT_CMMN_HI_PLAN_ITEM_INST','',NULL,'3.10.3',NULL,NULL,'5835775466'),
('9','flowable','org/flowable/cmmn/db/liquibase/flowable-cmmn-db-changelog.xml','2020-11-20 09:29:35',9,'EXECUTED','8:4cb4782b9bdec5ced2a64c525aa7b3a0','addColumn tableName=ACT_CMMN_RU_PLAN_ITEM_INST; addColumn tableName=ACT_CMMN_HI_PLAN_ITEM_INST','',NULL,'3.10.3',NULL,NULL,'5835775466'),
('10','flowable','org/flowable/cmmn/db/liquibase/flowable-cmmn-db-changelog.xml','2020-11-20 09:29:36',10,'EXECUTED','8:341c16be247f5d17badc9809da8691f9','addColumn tableName=ACT_CMMN_RU_CASE_INST; addColumn tableName=ACT_CMMN_RU_CASE_INST; createIndex indexName=ACT_IDX_CASE_INST_REF_ID_, tableName=ACT_CMMN_RU_CASE_INST; addColumn tableName=ACT_CMMN_HI_CASE_INST; addColumn tableName=ACT_CMMN_HI_CASE...','',NULL,'3.10.3',NULL,NULL,'5835775466'),
('11','flowable','org/flowable/cmmn/db/liquibase/flowable-cmmn-db-changelog.xml','2020-11-20 09:29:36',11,'EXECUTED','8:d7c4da9276bcfffbfb0ebfb25e3f7b05','addColumn tableName=ACT_CMMN_RU_PLAN_ITEM_INST; addColumn tableName=ACT_CMMN_HI_PLAN_ITEM_INST','',NULL,'3.10.3',NULL,NULL,'5835775466'),
('12','flowable','org/flowable/cmmn/db/liquibase/flowable-cmmn-db-changelog.xml','2020-11-20 09:29:36',12,'EXECUTED','8:adf4ecc45f2aa9a44a5626b02e1d6f98','addColumn tableName=ACT_CMMN_RU_CASE_INST','',NULL,'3.10.3',NULL,NULL,'5835775466'),
('13','flowable','org/flowable/cmmn/db/liquibase/flowable-cmmn-db-changelog.xml','2020-11-20 09:29:36',13,'EXECUTED','8:7550626f964ab5518464709408333ec1','addColumn tableName=ACT_CMMN_RU_PLAN_ITEM_INST; addColumn tableName=ACT_CMMN_HI_PLAN_ITEM_INST','',NULL,'3.10.3',NULL,NULL,'5835775466');

/*Table structure for table `ACT_CMMN_DATABASECHANGELOGLOCK` */

DROP TABLE IF EXISTS `ACT_CMMN_DATABASECHANGELOGLOCK`;

CREATE TABLE `ACT_CMMN_DATABASECHANGELOGLOCK` (
  `ID` int NOT NULL,
  `LOCKED` bit(1) NOT NULL,
  `LOCKGRANTED` datetime DEFAULT NULL,
  `LOCKEDBY` varchar(255) DEFAULT NULL,
  PRIMARY KEY (`ID`)
) ENGINE=InnoDB DEFAULT CHARSET=utf8mb4 COLLATE=utf8mb4_0900_ai_ci;

/*Data for the table `ACT_CMMN_DATABASECHANGELOGLOCK` */

insert  into `ACT_CMMN_DATABASECHANGELOGLOCK`(`ID`,`LOCKED`,`LOCKGRANTED`,`LOCKEDBY`) values 
(1,'\0',NULL,NULL);

/*Table structure for table `ACT_CMMN_DEPLOYMENT` */

DROP TABLE IF EXISTS `ACT_CMMN_DEPLOYMENT`;

CREATE TABLE `ACT_CMMN_DEPLOYMENT` (
  `ID_` varchar(255) NOT NULL,
  `NAME_` varchar(255) DEFAULT NULL,
  `CATEGORY_` varchar(255) DEFAULT NULL,
  `KEY_` varchar(255) DEFAULT NULL,
  `DEPLOY_TIME_` datetime(3) DEFAULT NULL,
  `PARENT_DEPLOYMENT_ID_` varchar(255) DEFAULT NULL,
  `TENANT_ID_` varchar(255) DEFAULT '',
  PRIMARY KEY (`ID_`)
) ENGINE=InnoDB DEFAULT CHARSET=utf8mb4 COLLATE=utf8mb4_0900_ai_ci;

/*Data for the table `ACT_CMMN_DEPLOYMENT` */

/*Table structure for table `ACT_CMMN_DEPLOYMENT_RESOURCE` */

DROP TABLE IF EXISTS `ACT_CMMN_DEPLOYMENT_RESOURCE`;

CREATE TABLE `ACT_CMMN_DEPLOYMENT_RESOURCE` (
  `ID_` varchar(255) NOT NULL,
  `NAME_` varchar(255) DEFAULT NULL,
  `DEPLOYMENT_ID_` varchar(255) DEFAULT NULL,
  `RESOURCE_BYTES_` longblob,
  `GENERATED_` bit(1) DEFAULT NULL,
  PRIMARY KEY (`ID_`),
  KEY `ACT_IDX_CMMN_RSRC_DPL` (`DEPLOYMENT_ID_`),
  CONSTRAINT `ACT_FK_CMMN_RSRC_DPL` FOREIGN KEY (`DEPLOYMENT_ID_`) REFERENCES `ACT_CMMN_DEPLOYMENT` (`ID_`)
) ENGINE=InnoDB DEFAULT CHARSET=utf8mb4 COLLATE=utf8mb4_0900_ai_ci;

/*Data for the table `ACT_CMMN_DEPLOYMENT_RESOURCE` */

/*Table structure for table `ACT_CMMN_HI_CASE_INST` */

DROP TABLE IF EXISTS `ACT_CMMN_HI_CASE_INST`;

CREATE TABLE `ACT_CMMN_HI_CASE_INST` (
  `ID_` varchar(255) NOT NULL,
  `REV_` int NOT NULL,
  `BUSINESS_KEY_` varchar(255) DEFAULT NULL,
  `NAME_` varchar(255) DEFAULT NULL,
  `PARENT_ID_` varchar(255) DEFAULT NULL,
  `CASE_DEF_ID_` varchar(255) DEFAULT NULL,
  `STATE_` varchar(255) DEFAULT NULL,
  `START_TIME_` datetime(3) DEFAULT NULL,
  `END_TIME_` datetime(3) DEFAULT NULL,
  `START_USER_ID_` varchar(255) DEFAULT NULL,
  `CALLBACK_ID_` varchar(255) DEFAULT NULL,
  `CALLBACK_TYPE_` varchar(255) DEFAULT NULL,
  `TENANT_ID_` varchar(255) DEFAULT '',
  `REFERENCE_ID_` varchar(255) DEFAULT NULL,
  `REFERENCE_TYPE_` varchar(255) DEFAULT NULL,
  PRIMARY KEY (`ID_`)
) ENGINE=InnoDB DEFAULT CHARSET=utf8mb4 COLLATE=utf8mb4_0900_ai_ci;

/*Data for the table `ACT_CMMN_HI_CASE_INST` */

/*Table structure for table `ACT_CMMN_HI_MIL_INST` */

DROP TABLE IF EXISTS `ACT_CMMN_HI_MIL_INST`;

CREATE TABLE `ACT_CMMN_HI_MIL_INST` (
  `ID_` varchar(255) NOT NULL,
  `REV_` int NOT NULL,
  `NAME_` varchar(255) NOT NULL,
  `TIME_STAMP_` datetime(3) DEFAULT NULL,
  `CASE_INST_ID_` varchar(255) NOT NULL,
  `CASE_DEF_ID_` varchar(255) NOT NULL,
  `ELEMENT_ID_` varchar(255) NOT NULL,
  `TENANT_ID_` varchar(255) DEFAULT '',
  PRIMARY KEY (`ID_`)
) ENGINE=InnoDB DEFAULT CHARSET=utf8mb4 COLLATE=utf8mb4_0900_ai_ci;

/*Data for the table `ACT_CMMN_HI_MIL_INST` */

/*Table structure for table `ACT_CMMN_HI_PLAN_ITEM_INST` */

DROP TABLE IF EXISTS `ACT_CMMN_HI_PLAN_ITEM_INST`;

CREATE TABLE `ACT_CMMN_HI_PLAN_ITEM_INST` (
  `ID_` varchar(255) NOT NULL,
  `REV_` int NOT NULL,
  `NAME_` varchar(255) DEFAULT NULL,
  `STATE_` varchar(255) DEFAULT NULL,
  `CASE_DEF_ID_` varchar(255) DEFAULT NULL,
  `CASE_INST_ID_` varchar(255) DEFAULT NULL,
  `STAGE_INST_ID_` varchar(255) DEFAULT NULL,
  `IS_STAGE_` bit(1) DEFAULT NULL,
  `ELEMENT_ID_` varchar(255) DEFAULT NULL,
  `ITEM_DEFINITION_ID_` varchar(255) DEFAULT NULL,
  `ITEM_DEFINITION_TYPE_` varchar(255) DEFAULT NULL,
  `CREATE_TIME_` datetime(3) DEFAULT NULL,
  `LAST_AVAILABLE_TIME_` datetime(3) DEFAULT NULL,
  `LAST_ENABLED_TIME_` datetime(3) DEFAULT NULL,
  `LAST_DISABLED_TIME_` datetime(3) DEFAULT NULL,
  `LAST_STARTED_TIME_` datetime(3) DEFAULT NULL,
  `LAST_SUSPENDED_TIME_` datetime(3) DEFAULT NULL,
  `COMPLETED_TIME_` datetime(3) DEFAULT NULL,
  `OCCURRED_TIME_` datetime(3) DEFAULT NULL,
  `TERMINATED_TIME_` datetime(3) DEFAULT NULL,
  `EXIT_TIME_` datetime(3) DEFAULT NULL,
  `ENDED_TIME_` datetime(3) DEFAULT NULL,
  `LAST_UPDATED_TIME_` datetime(3) DEFAULT NULL,
  `START_USER_ID_` varchar(255) DEFAULT NULL,
  `REFERENCE_ID_` varchar(255) DEFAULT NULL,
  `REFERENCE_TYPE_` varchar(255) DEFAULT NULL,
  `TENANT_ID_` varchar(255) DEFAULT '',
  `ENTRY_CRITERION_ID_` varchar(255) DEFAULT NULL,
  `EXIT_CRITERION_ID_` varchar(255) DEFAULT NULL,
  `SHOW_IN_OVERVIEW_` bit(1) DEFAULT NULL,
  `EXTRA_VALUE_` varchar(255) DEFAULT NULL,
  `DERIVED_CASE_DEF_ID_` varchar(255) DEFAULT NULL,
  `LAST_UNAVAILABLE_TIME_` datetime(3) DEFAULT NULL,
  PRIMARY KEY (`ID_`)
) ENGINE=InnoDB DEFAULT CHARSET=utf8mb4 COLLATE=utf8mb4_0900_ai_ci;

/*Data for the table `ACT_CMMN_HI_PLAN_ITEM_INST` */

/*Table structure for table `ACT_CMMN_RU_CASE_INST` */

DROP TABLE IF EXISTS `ACT_CMMN_RU_CASE_INST`;

CREATE TABLE `ACT_CMMN_RU_CASE_INST` (
  `ID_` varchar(255) NOT NULL,
  `REV_` int NOT NULL,
  `BUSINESS_KEY_` varchar(255) DEFAULT NULL,
  `NAME_` varchar(255) DEFAULT NULL,
  `PARENT_ID_` varchar(255) DEFAULT NULL,
  `CASE_DEF_ID_` varchar(255) DEFAULT NULL,
  `STATE_` varchar(255) DEFAULT NULL,
  `START_TIME_` datetime(3) DEFAULT NULL,
  `START_USER_ID_` varchar(255) DEFAULT NULL,
  `CALLBACK_ID_` varchar(255) DEFAULT NULL,
  `CALLBACK_TYPE_` varchar(255) DEFAULT NULL,
  `TENANT_ID_` varchar(255) DEFAULT '',
  `LOCK_TIME_` datetime(3) DEFAULT NULL,
  `IS_COMPLETEABLE_` bit(1) DEFAULT NULL,
  `REFERENCE_ID_` varchar(255) DEFAULT NULL,
  `REFERENCE_TYPE_` varchar(255) DEFAULT NULL,
  `LOCK_OWNER_` varchar(255) DEFAULT NULL,
  PRIMARY KEY (`ID_`),
  KEY `ACT_IDX_CASE_INST_CASE_DEF` (`CASE_DEF_ID_`),
  KEY `ACT_IDX_CASE_INST_PARENT` (`PARENT_ID_`),
  KEY `ACT_IDX_CASE_INST_REF_ID_` (`REFERENCE_ID_`),
  CONSTRAINT `ACT_FK_CASE_INST_CASE_DEF` FOREIGN KEY (`CASE_DEF_ID_`) REFERENCES `ACT_CMMN_CASEDEF` (`ID_`)
) ENGINE=InnoDB DEFAULT CHARSET=utf8mb4 COLLATE=utf8mb4_0900_ai_ci;

/*Data for the table `ACT_CMMN_RU_CASE_INST` */

/*Table structure for table `ACT_CMMN_RU_MIL_INST` */

DROP TABLE IF EXISTS `ACT_CMMN_RU_MIL_INST`;

CREATE TABLE `ACT_CMMN_RU_MIL_INST` (
  `ID_` varchar(255) NOT NULL,
  `NAME_` varchar(255) NOT NULL,
  `TIME_STAMP_` datetime(3) DEFAULT NULL,
  `CASE_INST_ID_` varchar(255) NOT NULL,
  `CASE_DEF_ID_` varchar(255) NOT NULL,
  `ELEMENT_ID_` varchar(255) NOT NULL,
  `TENANT_ID_` varchar(255) DEFAULT '',
  PRIMARY KEY (`ID_`),
  KEY `ACT_IDX_MIL_CASE_DEF` (`CASE_DEF_ID_`),
  KEY `ACT_IDX_MIL_CASE_INST` (`CASE_INST_ID_`),
  CONSTRAINT `ACT_FK_MIL_CASE_DEF` FOREIGN KEY (`CASE_DEF_ID_`) REFERENCES `ACT_CMMN_CASEDEF` (`ID_`),
  CONSTRAINT `ACT_FK_MIL_CASE_INST` FOREIGN KEY (`CASE_INST_ID_`) REFERENCES `ACT_CMMN_RU_CASE_INST` (`ID_`)
) ENGINE=InnoDB DEFAULT CHARSET=utf8mb4 COLLATE=utf8mb4_0900_ai_ci;

/*Data for the table `ACT_CMMN_RU_MIL_INST` */

/*Table structure for table `ACT_CMMN_RU_PLAN_ITEM_INST` */

DROP TABLE IF EXISTS `ACT_CMMN_RU_PLAN_ITEM_INST`;

CREATE TABLE `ACT_CMMN_RU_PLAN_ITEM_INST` (
  `ID_` varchar(255) NOT NULL,
  `REV_` int NOT NULL,
  `CASE_DEF_ID_` varchar(255) DEFAULT NULL,
  `CASE_INST_ID_` varchar(255) DEFAULT NULL,
  `STAGE_INST_ID_` varchar(255) DEFAULT NULL,
  `IS_STAGE_` bit(1) DEFAULT NULL,
  `ELEMENT_ID_` varchar(255) DEFAULT NULL,
  `NAME_` varchar(255) DEFAULT NULL,
  `STATE_` varchar(255) DEFAULT NULL,
  `CREATE_TIME_` datetime(3) DEFAULT NULL,
  `START_USER_ID_` varchar(255) DEFAULT NULL,
  `REFERENCE_ID_` varchar(255) DEFAULT NULL,
  `REFERENCE_TYPE_` varchar(255) DEFAULT NULL,
  `TENANT_ID_` varchar(255) DEFAULT '',
  `ITEM_DEFINITION_ID_` varchar(255) DEFAULT NULL,
  `ITEM_DEFINITION_TYPE_` varchar(255) DEFAULT NULL,
  `IS_COMPLETEABLE_` bit(1) DEFAULT NULL,
  `IS_COUNT_ENABLED_` bit(1) DEFAULT NULL,
  `VAR_COUNT_` int DEFAULT NULL,
  `SENTRY_PART_INST_COUNT_` int DEFAULT NULL,
  `LAST_AVAILABLE_TIME_` datetime(3) DEFAULT NULL,
  `LAST_ENABLED_TIME_` datetime(3) DEFAULT NULL,
  `LAST_DISABLED_TIME_` datetime(3) DEFAULT NULL,
  `LAST_STARTED_TIME_` datetime(3) DEFAULT NULL,
  `LAST_SUSPENDED_TIME_` datetime(3) DEFAULT NULL,
  `COMPLETED_TIME_` datetime(3) DEFAULT NULL,
  `OCCURRED_TIME_` datetime(3) DEFAULT NULL,
  `TERMINATED_TIME_` datetime(3) DEFAULT NULL,
  `EXIT_TIME_` datetime(3) DEFAULT NULL,
  `ENDED_TIME_` datetime(3) DEFAULT NULL,
  `ENTRY_CRITERION_ID_` varchar(255) DEFAULT NULL,
  `EXIT_CRITERION_ID_` varchar(255) DEFAULT NULL,
  `EXTRA_VALUE_` varchar(255) DEFAULT NULL,
  `DERIVED_CASE_DEF_ID_` varchar(255) DEFAULT NULL,
  `LAST_UNAVAILABLE_TIME_` datetime(3) DEFAULT NULL,
  PRIMARY KEY (`ID_`),
  KEY `ACT_IDX_PLAN_ITEM_CASE_DEF` (`CASE_DEF_ID_`),
  KEY `ACT_IDX_PLAN_ITEM_CASE_INST` (`CASE_INST_ID_`),
  KEY `ACT_IDX_PLAN_ITEM_STAGE_INST` (`STAGE_INST_ID_`),
  CONSTRAINT `ACT_FK_PLAN_ITEM_CASE_DEF` FOREIGN KEY (`CASE_DEF_ID_`) REFERENCES `ACT_CMMN_CASEDEF` (`ID_`),
  CONSTRAINT `ACT_FK_PLAN_ITEM_CASE_INST` FOREIGN KEY (`CASE_INST_ID_`) REFERENCES `ACT_CMMN_RU_CASE_INST` (`ID_`)
) ENGINE=InnoDB DEFAULT CHARSET=utf8mb4 COLLATE=utf8mb4_0900_ai_ci;

/*Data for the table `ACT_CMMN_RU_PLAN_ITEM_INST` */

/*Table structure for table `ACT_CMMN_RU_SENTRY_PART_INST` */

DROP TABLE IF EXISTS `ACT_CMMN_RU_SENTRY_PART_INST`;

CREATE TABLE `ACT_CMMN_RU_SENTRY_PART_INST` (
  `ID_` varchar(255) NOT NULL,
  `REV_` int NOT NULL,
  `CASE_DEF_ID_` varchar(255) DEFAULT NULL,
  `CASE_INST_ID_` varchar(255) DEFAULT NULL,
  `PLAN_ITEM_INST_ID_` varchar(255) DEFAULT NULL,
  `ON_PART_ID_` varchar(255) DEFAULT NULL,
  `IF_PART_ID_` varchar(255) DEFAULT NULL,
  `TIME_STAMP_` datetime(3) DEFAULT NULL,
  PRIMARY KEY (`ID_`),
  KEY `ACT_IDX_SENTRY_CASE_DEF` (`CASE_DEF_ID_`),
  KEY `ACT_IDX_SENTRY_CASE_INST` (`CASE_INST_ID_`),
  KEY `ACT_IDX_SENTRY_PLAN_ITEM` (`PLAN_ITEM_INST_ID_`),
  CONSTRAINT `ACT_FK_SENTRY_CASE_DEF` FOREIGN KEY (`CASE_DEF_ID_`) REFERENCES `ACT_CMMN_CASEDEF` (`ID_`),
  CONSTRAINT `ACT_FK_SENTRY_CASE_INST` FOREIGN KEY (`CASE_INST_ID_`) REFERENCES `ACT_CMMN_RU_CASE_INST` (`ID_`),
  CONSTRAINT `ACT_FK_SENTRY_PLAN_ITEM` FOREIGN KEY (`PLAN_ITEM_INST_ID_`) REFERENCES `ACT_CMMN_RU_PLAN_ITEM_INST` (`ID_`)
) ENGINE=InnoDB DEFAULT CHARSET=utf8mb4 COLLATE=utf8mb4_0900_ai_ci;

/*Data for the table `ACT_CMMN_RU_SENTRY_PART_INST` */

/*Table structure for table `ACT_CO_CONTENT_ITEM` */

DROP TABLE IF EXISTS `ACT_CO_CONTENT_ITEM`;

CREATE TABLE `ACT_CO_CONTENT_ITEM` (
  `ID_` varchar(255) NOT NULL,
  `NAME_` varchar(255) NOT NULL,
  `MIME_TYPE_` varchar(255) DEFAULT NULL,
  `TASK_ID_` varchar(255) DEFAULT NULL,
  `PROC_INST_ID_` varchar(255) DEFAULT NULL,
  `CONTENT_STORE_ID_` varchar(255) DEFAULT NULL,
  `CONTENT_STORE_NAME_` varchar(255) DEFAULT NULL,
  `FIELD_` varchar(400) DEFAULT NULL,
  `CONTENT_AVAILABLE_` bit(1) DEFAULT b'0',
  `CREATED_` timestamp(6) NULL DEFAULT NULL,
  `CREATED_BY_` varchar(255) DEFAULT NULL,
  `LAST_MODIFIED_` timestamp(6) NULL DEFAULT NULL,
  `LAST_MODIFIED_BY_` varchar(255) DEFAULT NULL,
  `CONTENT_SIZE_` bigint DEFAULT '0',
  `TENANT_ID_` varchar(255) DEFAULT NULL,
  `SCOPE_ID_` varchar(255) DEFAULT NULL,
  `SCOPE_TYPE_` varchar(255) DEFAULT NULL,
  PRIMARY KEY (`ID_`),
  KEY `idx_contitem_taskid` (`TASK_ID_`),
  KEY `idx_contitem_procid` (`PROC_INST_ID_`),
  KEY `idx_contitem_scope` (`SCOPE_ID_`,`SCOPE_TYPE_`)
) ENGINE=InnoDB DEFAULT CHARSET=utf8mb4 COLLATE=utf8mb4_0900_ai_ci;

/*Data for the table `ACT_CO_CONTENT_ITEM` */

/*Table structure for table `ACT_CO_DATABASECHANGELOG` */

DROP TABLE IF EXISTS `ACT_CO_DATABASECHANGELOG`;

CREATE TABLE `ACT_CO_DATABASECHANGELOG` (
  `ID` varchar(255) NOT NULL,
  `AUTHOR` varchar(255) NOT NULL,
  `FILENAME` varchar(255) NOT NULL,
  `DATEEXECUTED` datetime NOT NULL,
  `ORDEREXECUTED` int NOT NULL,
  `EXECTYPE` varchar(10) NOT NULL,
  `MD5SUM` varchar(35) DEFAULT NULL,
  `DESCRIPTION` varchar(255) DEFAULT NULL,
  `COMMENTS` varchar(255) DEFAULT NULL,
  `TAG` varchar(255) DEFAULT NULL,
  `LIQUIBASE` varchar(20) DEFAULT NULL,
  `CONTEXTS` varchar(255) DEFAULT NULL,
  `LABELS` varchar(255) DEFAULT NULL,
  `DEPLOYMENT_ID` varchar(10) DEFAULT NULL
) ENGINE=InnoDB DEFAULT CHARSET=utf8mb4 COLLATE=utf8mb4_0900_ai_ci;

/*Data for the table `ACT_CO_DATABASECHANGELOG` */

insert  into `ACT_CO_DATABASECHANGELOG`(`ID`,`AUTHOR`,`FILENAME`,`DATEEXECUTED`,`ORDEREXECUTED`,`EXECTYPE`,`MD5SUM`,`DESCRIPTION`,`COMMENTS`,`TAG`,`LIQUIBASE`,`CONTEXTS`,`LABELS`,`DEPLOYMENT_ID`) values 
('1','activiti','org/flowable/content/db/liquibase/flowable-content-db-changelog.xml','2020-11-20 09:29:33',1,'EXECUTED','8:7644d7165cfe799200a2abdd3419e8b6','createTable tableName=ACT_CO_CONTENT_ITEM; createIndex indexName=idx_contitem_taskid, tableName=ACT_CO_CONTENT_ITEM; createIndex indexName=idx_contitem_procid, tableName=ACT_CO_CONTENT_ITEM','',NULL,'3.10.3',NULL,NULL,'5835774898'),
('2','flowable','org/flowable/content/db/liquibase/flowable-content-db-changelog.xml','2020-11-20 09:29:33',2,'EXECUTED','8:fe7b11ac7dbbf9c43006b23bbab60bab','addColumn tableName=ACT_CO_CONTENT_ITEM; createIndex indexName=idx_contitem_scope, tableName=ACT_CO_CONTENT_ITEM','',NULL,'3.10.3',NULL,NULL,'5835774898');

/*Table structure for table `ACT_CO_DATABASECHANGELOGLOCK` */

DROP TABLE IF EXISTS `ACT_CO_DATABASECHANGELOGLOCK`;

CREATE TABLE `ACT_CO_DATABASECHANGELOGLOCK` (
  `ID` int NOT NULL,
  `LOCKED` bit(1) NOT NULL,
  `LOCKGRANTED` datetime DEFAULT NULL,
  `LOCKEDBY` varchar(255) DEFAULT NULL,
  PRIMARY KEY (`ID`)
) ENGINE=InnoDB DEFAULT CHARSET=utf8mb4 COLLATE=utf8mb4_0900_ai_ci;

/*Data for the table `ACT_CO_DATABASECHANGELOGLOCK` */

insert  into `ACT_CO_DATABASECHANGELOGLOCK`(`ID`,`LOCKED`,`LOCKGRANTED`,`LOCKEDBY`) values 
(1,'\0',NULL,NULL);

/*Table structure for table `ACT_DE_DATABASECHANGELOG` */

DROP TABLE IF EXISTS `ACT_DE_DATABASECHANGELOG`;

CREATE TABLE `ACT_DE_DATABASECHANGELOG` (
  `ID` varchar(255) NOT NULL,
  `AUTHOR` varchar(255) NOT NULL,
  `FILENAME` varchar(255) NOT NULL,
  `DATEEXECUTED` datetime NOT NULL,
  `ORDEREXECUTED` int NOT NULL,
  `EXECTYPE` varchar(10) NOT NULL,
  `MD5SUM` varchar(35) DEFAULT NULL,
  `DESCRIPTION` varchar(255) DEFAULT NULL,
  `COMMENTS` varchar(255) DEFAULT NULL,
  `TAG` varchar(255) DEFAULT NULL,
  `LIQUIBASE` varchar(20) DEFAULT NULL,
  `CONTEXTS` varchar(255) DEFAULT NULL,
  `LABELS` varchar(255) DEFAULT NULL,
  `DEPLOYMENT_ID` varchar(10) DEFAULT NULL
) ENGINE=InnoDB DEFAULT CHARSET=utf8mb4 COLLATE=utf8mb4_0900_ai_ci;

/*Data for the table `ACT_DE_DATABASECHANGELOG` */

insert  into `ACT_DE_DATABASECHANGELOG`(`ID`,`AUTHOR`,`FILENAME`,`DATEEXECUTED`,`ORDEREXECUTED`,`EXECTYPE`,`MD5SUM`,`DESCRIPTION`,`COMMENTS`,`TAG`,`LIQUIBASE`,`CONTEXTS`,`LABELS`,`DEPLOYMENT_ID`) values 
('1','flowable','META-INF/liquibase/flowable-modeler-app-db-changelog.xml','2020-11-20 09:29:38',1,'EXECUTED','8:e70d1d9d3899a734296b2514ccc71501','createTable tableName=ACT_DE_MODEL; createIndex indexName=idx_proc_mod_created, tableName=ACT_DE_MODEL; createTable tableName=ACT_DE_MODEL_HISTORY; createIndex indexName=idx_proc_mod_history_proc, tableName=ACT_DE_MODEL_HISTORY; createTable tableN...','',NULL,'3.10.3',NULL,NULL,'5835780044'),
('3','flowable','META-INF/liquibase/flowable-modeler-app-db-changelog.xml','2020-11-20 09:29:38',2,'EXECUTED','8:3a9143bef2e45f2316231cc1369138b6','addColumn tableName=ACT_DE_MODEL; addColumn tableName=ACT_DE_MODEL_HISTORY','',NULL,'3.10.3',NULL,NULL,'5835780044');

/*Table structure for table `ACT_DE_DATABASECHANGELOGLOCK` */

DROP TABLE IF EXISTS `ACT_DE_DATABASECHANGELOGLOCK`;

CREATE TABLE `ACT_DE_DATABASECHANGELOGLOCK` (
  `ID` int NOT NULL,
  `LOCKED` bit(1) NOT NULL,
  `LOCKGRANTED` datetime DEFAULT NULL,
  `LOCKEDBY` varchar(255) DEFAULT NULL,
  PRIMARY KEY (`ID`)
) ENGINE=InnoDB DEFAULT CHARSET=utf8mb4 COLLATE=utf8mb4_0900_ai_ci;

/*Data for the table `ACT_DE_DATABASECHANGELOGLOCK` */

insert  into `ACT_DE_DATABASECHANGELOGLOCK`(`ID`,`LOCKED`,`LOCKGRANTED`,`LOCKEDBY`) values 
(1,'\0',NULL,NULL);

/*Table structure for table `ACT_DE_MODEL` */

DROP TABLE IF EXISTS `ACT_DE_MODEL`;

CREATE TABLE `ACT_DE_MODEL` (
  `id` varchar(255) NOT NULL,
  `name` varchar(400) NOT NULL,
  `model_key` varchar(400) NOT NULL,
  `description` varchar(4000) DEFAULT NULL,
  `model_comment` varchar(4000) DEFAULT NULL,
  `created` datetime(6) DEFAULT NULL,
  `created_by` varchar(255) DEFAULT NULL,
  `last_updated` datetime(6) DEFAULT NULL,
  `last_updated_by` varchar(255) DEFAULT NULL,
  `version` int DEFAULT NULL,
  `model_editor_json` longtext,
  `thumbnail` longblob,
  `model_type` int DEFAULT NULL,
  `tenant_id` varchar(255) DEFAULT NULL,
  PRIMARY KEY (`id`),
  KEY `idx_proc_mod_created` (`created_by`)
) ENGINE=InnoDB DEFAULT CHARSET=utf8mb4 COLLATE=utf8mb4_0900_ai_ci;

/*Data for the table `ACT_DE_MODEL` */

insert  into `ACT_DE_MODEL`(`id`,`name`,`model_key`,`description`,`model_comment`,`created`,`created_by`,`last_updated`,`last_updated_by`,`version`,`model_editor_json`,`thumbnail`,`model_type`,`tenant_id`) values 
('1670ce87-2bc7-11eb-9d15-227918fa15ea','外出单','out-factory','',NULL,'2020-11-21 00:59:23.370000','admin','2020-11-26 00:48:51.704000','manager',1,'{\"modelId\":\"1670ce87-2bc7-11eb-9d15-227918fa15ea\",\"bounds\":{\"lowerRight\":{\"x\":1200,\"y\":1050},\"upperLeft\":{\"x\":0,\"y\":0}},\"properties\":{\"process_id\":\"out-factory\",\"name\":\"外出单\",\"documentation\":\"\",\"process_author\":\"\",\"process_version\":\"\",\"process_namespace\":\"固定流程表單\",\"process_historylevel\":\"\",\"isexecutable\":true,\"dataproperties\":\"null\",\"executionlisteners\":\"\",\"eventlisteners\":{\"eventListeners\":[{\"event\":\"PROCESS_STARTED\",\"implementation\":\"com.deltaww.flowapi.listener.ResolverManagerListener\",\"className\":\"com.deltaww.flowapi.listener.ResolverManagerListener\",\"delegateExpression\":\"\",\"retrowEvent\":false,\"fields\":[],\"events\":[{\"event\":\"PROCESS_STARTED\",\"$$hashKey\":\"object:2234\"}],\"$$hashKey\":\"uiGrid-003H\"}]},\"signaldefinitions\":\"\",\"messagedefinitions\":\"\",\"escalationdefinitions\":\"\",\"process_potentialstarteruser\":\"\",\"process_potentialstartergroup\":\"\",\"iseagerexecutionfetch\":\"false\"},\"childShapes\":[{\"resourceId\":\"startEvent1\",\"properties\":{\"overrideid\":\"\",\"name\":\"填单\",\"documentation\":\"\",\"executionlisteners\":\"\",\"initiator\":\"\",\"formkeydefinition\":\"\",\"formreference\":{\"id\":\"e5975ad8-2bc7-11eb-9d15-227918fa15ea\",\"name\":\"外出单\",\"key\":\"out-factory\"},\"formfieldvalidation\":true,\"formproperties\":null},\"stencil\":{\"id\":\"StartNoneEvent\"},\"childShapes\":[],\"outgoing\":[{\"resourceId\":\"sid-FB957372-CC09-424B-88F0-30C09C3C100F\"}],\"bounds\":{\"lowerRight\":{\"x\":130,\"y\":193},\"upperLeft\":{\"x\":100,\"y\":163}},\"dockers\":[]},{\"resourceId\":\"sid-E086BDD7-66B2-409F-B18C-B682DD9172DB\",\"properties\":{\"overrideid\":\"\",\"name\":\"申请人确认\",\"documentation\":\"\",\"asynchronousdefinition\":\"false\",\"exclusivedefinition\":\"false\",\"executionlisteners\":\"\",\"multiinstance_type\":\"None\",\"multiinstance_cardinality\":\"\",\"multiinstance_collection\":\"\",\"multiinstance_variable\":\"\",\"multiinstance_condition\":\"\",\"isforcompensation\":\"false\",\"usertaskassignment\":{\"assignment\":{\"type\":\"idm\",\"idm\":{\"type\":\"initiator\"}}},\"formkeydefinition\":\"\",\"formreference\":{\"id\":\"e5975ad8-2bc7-11eb-9d15-227918fa15ea\",\"name\":\"外出单\",\"key\":\"out-factory\"},\"formfieldvalidation\":true,\"duedatedefinition\":\"\",\"prioritydefinition\":\"\",\"formproperties\":\"\",\"tasklisteners\":\"\",\"skipexpression\":\"${skip}\",\"categorydefinition\":\"\",\"taskidvariablename\":\"\"},\"stencil\":{\"id\":\"UserTask\"},\"childShapes\":[],\"outgoing\":[{\"resourceId\":\"sid-D2A7423F-91E0-430D-AA1A-09A1C246CA40\"}],\"bounds\":{\"lowerRight\":{\"x\":275,\"y\":218},\"upperLeft\":{\"x\":175,\"y\":138}},\"dockers\":[]},{\"resourceId\":\"sid-FB957372-CC09-424B-88F0-30C09C3C100F\",\"properties\":{\"overrideid\":\"\",\"name\":\"\",\"documentation\":\"\",\"conditionsequenceflow\":\"\",\"executionlisteners\":\"\",\"defaultflow\":\"false\",\"skipexpression\":\"\"},\"stencil\":{\"id\":\"SequenceFlow\"},\"childShapes\":[],\"outgoing\":[{\"resourceId\":\"sid-E086BDD7-66B2-409F-B18C-B682DD9172DB\"}],\"bounds\":{\"lowerRight\":{\"x\":174.15625,\"y\":178},\"upperLeft\":{\"x\":130.609375,\"y\":178}},\"dockers\":[{\"x\":15,\"y\":15},{\"x\":50,\"y\":40}],\"target\":{\"resourceId\":\"sid-E086BDD7-66B2-409F-B18C-B682DD9172DB\"}},{\"resourceId\":\"sid-ABCBD09C-DB79-4EE8-BB28-96FEBAAFF175\",\"properties\":{\"overrideid\":\"\",\"name\":\"主管审核\",\"documentation\":\"\",\"asynchronousdefinition\":\"false\",\"exclusivedefinition\":\"false\",\"executionlisteners\":\"\",\"multiinstance_type\":\"None\",\"multiinstance_cardinality\":\"\",\"multiinstance_collection\":\"\",\"multiinstance_variable\":\"\",\"multiinstance_condition\":\"\",\"isforcompensation\":\"false\",\"usertaskassignment\":{\"assignment\":{\"type\":\"static\",\"assignee\":\"${manager}\"}},\"formkeydefinition\":\"\",\"formreference\":{\"id\":\"e5975ad8-2bc7-11eb-9d15-227918fa15ea\",\"name\":\"外出单\",\"key\":\"out-factory\"},\"formfieldvalidation\":true,\"duedatedefinition\":\"\",\"prioritydefinition\":\"\",\"formproperties\":\"\",\"tasklisteners\":null,\"skipexpression\":\"${manager==initiator}\",\"categorydefinition\":\"\",\"taskidvariablename\":\"\"},\"stencil\":{\"id\":\"UserTask\"},\"childShapes\":[],\"outgoing\":[{\"resourceId\":\"sid-C1DDC6AA-BE98-4CC6-AB71-8C8C99AEDC5C\"}],\"bounds\":{\"lowerRight\":{\"x\":420,\"y\":218},\"upperLeft\":{\"x\":320,\"y\":138}},\"dockers\":[]},{\"resourceId\":\"sid-D2A7423F-91E0-430D-AA1A-09A1C246CA40\",\"properties\":{\"overrideid\":\"\",\"name\":\"\",\"documentation\":\"\",\"conditionsequenceflow\":\"\",\"executionlisteners\":\"\",\"defaultflow\":\"false\",\"skipexpression\":\"\"},\"stencil\":{\"id\":\"SequenceFlow\"},\"childShapes\":[],\"outgoing\":[{\"resourceId\":\"sid-ABCBD09C-DB79-4EE8-BB28-96FEBAAFF175\"}],\"bounds\":{\"lowerRight\":{\"x\":319.15625,\"y\":178},\"upperLeft\":{\"x\":275.84375,\"y\":178}},\"dockers\":[{\"x\":50,\"y\":40},{\"x\":50,\"y\":40}],\"target\":{\"resourceId\":\"sid-ABCBD09C-DB79-4EE8-BB28-96FEBAAFF175\"}},{\"resourceId\":\"sid-52A44D3B-7206-486E-8F26-58E536F8AFDB\",\"properties\":{\"overrideid\":\"\",\"name\":\"结束\",\"documentation\":\"\",\"executionlisteners\":\"\"},\"stencil\":{\"id\":\"EndNoneEvent\"},\"childShapes\":[],\"outgoing\":[],\"bounds\":{\"lowerRight\":{\"x\":493,\"y\":192},\"upperLeft\":{\"x\":465,\"y\":164}},\"dockers\":[]},{\"resourceId\":\"sid-C1DDC6AA-BE98-4CC6-AB71-8C8C99AEDC5C\",\"properties\":{\"overrideid\":\"\",\"name\":\"\",\"documentation\":\"\",\"conditionsequenceflow\":\"\",\"executionlisteners\":\"\",\"defaultflow\":\"false\",\"skipexpression\":\"\"},\"stencil\":{\"id\":\"SequenceFlow\"},\"childShapes\":[],\"outgoing\":[{\"resourceId\":\"sid-52A44D3B-7206-486E-8F26-58E536F8AFDB\"}],\"bounds\":{\"lowerRight\":{\"x\":464.375,\"y\":178},\"upperLeft\":{\"x\":420.390625,\"y\":178}},\"dockers\":[{\"x\":50,\"y\":40},{\"x\":14,\"y\":14}],\"target\":{\"resourceId\":\"sid-52A44D3B-7206-486E-8F26-58E536F8AFDB\"}}],\"stencil\":{\"id\":\"BPMNDiagram\"},\"stencilset\":{\"namespace\":\"http://b3mn.org/stencilset/bpmn2.0#\",\"url\":\"../editor/stencilsets/bpmn2.0/bpmn2.0.json\"}}','PNG\r\n\Z\n\0\0\0\rIHDR\0\0\0\0\0\0@\0\0\0Քj\0\0IDATxOw9xavaGv@;`HmF2@q$	$!sf	36cB˴d6Cp\0j~HkZ}~z%4O><}~?OE\0\0\0\0\0\0\0\0\0ۈRj_2hT\rW\"btqYĘCCCjvvV[ݻwQ}R#n<j}, Mr0fhsf}gꟘA%\"W̩}|I˗/ʿ~̉s1D__h9s//r9їɀ_9B__&{r9їtj/ys/70Ӕ&^}M/̉cN5)=ɑ#Gyy>pر?vNsM_r\\gΜy<zCroi8|:guS-JZ|ήx72jiiI	͛*lp8\\I	?ZC;^קUW7]J^;^Q۱U]]];Oѷ8ttHCІT[1==-h	֗\'~zJyӧWkjj\'}7/-jT_G~Wv_A*R>/o_`Ns\ry7Rs_111n}0\'G5/K/\\\Ze.^hr)i}fDUJi9}WfrEM\0ǺEO/ݻw/m5####m.)sګ1ڧqCCâ555-e{asyV@99}mwB^WdgsP}al)hN?oRcǷ|?{4iqWW׳Ĭy1g>ɓ\'-E}+WX\rsv3TS}2;d	}\\lz,,,<0Ͽt:\'m6O8r]X\'ˆZ++BPQ\\nMT~KZ+kvvvvmSu-k	?wLz7nݺ9p۷of\\s_q!ҒxnW_MM͢j/cN5aWtur3n[]tIommmUϟ&쳴U-\0\\k׮Mo_6|絵V}Mzs8E\\I+]m~$veq\'Ϻ\'~+ l-yM.9їx~̉cN%s/\'}	?ǜK	?D_O1\'~9?G_xFdem/X M˖r0ԏڜck`Cwy:33\ZIDѥ\n},a{Tlg3\Z+c/\0\0\0\0\0\0\0\0\0\0\0\0\0\0\0\0\0\0\01e]J1\0\0\0\0IENDB`',0,''),
('29d7751a-2d58-11eb-b88c-227918fa15ea','返廠申請單','rehire-form','',NULL,'2020-11-23 00:50:24.459000','admin','2020-11-23 00:51:13.197000','admin',1,'{\"modelId\":\"29d7751a-2d58-11eb-b88c-227918fa15ea\",\"bounds\":{\"lowerRight\":{\"x\":1200,\"y\":1050},\"upperLeft\":{\"x\":0,\"y\":0}},\"properties\":{\"process_id\":\"rehire-form\",\"name\":\"返廠申請單\",\"documentation\":\"\",\"process_author\":\"\",\"process_version\":\"\",\"process_namespace\":\"http://www.flowable.org/processdef\",\"process_historylevel\":\"\",\"isexecutable\":true,\"dataproperties\":\"\",\"executionlisteners\":\"\",\"eventlisteners\":\"\",\"signaldefinitions\":\"\",\"messagedefinitions\":\"\",\"escalationdefinitions\":\"\",\"process_potentialstarteruser\":\"\",\"process_potentialstartergroup\":\"\",\"iseagerexecutionfetch\":\"false\"},\"childShapes\":[{\"resourceId\":\"startEvent1\",\"properties\":{\"overrideid\":\"\",\"name\":\"\",\"documentation\":\"\",\"executionlisteners\":\"\",\"initiator\":\"\",\"formkeydefinition\":\"\",\"formreference\":{\"id\":\"46afcbbb-2d58-11eb-b88c-227918fa15ea\",\"name\":\"返廠申請單\",\"key\":\"rehire-form\"},\"formfieldvalidation\":true,\"formproperties\":\"\"},\"stencil\":{\"id\":\"StartNoneEvent\"},\"childShapes\":[],\"outgoing\":[{\"resourceId\":\"sid-345367B5-F2D6-40E7-A1B1-D802F28D51BD\"}],\"bounds\":{\"lowerRight\":{\"x\":130,\"y\":193},\"upperLeft\":{\"x\":100,\"y\":163}},\"dockers\":[]},{\"resourceId\":\"sid-0F6E5EC1-F13F-4EB9-95B0-306DE8FC4399\",\"properties\":{\"overrideid\":\"\",\"name\":\"\",\"documentation\":\"\",\"asynchronousdefinition\":\"false\",\"exclusivedefinition\":\"false\",\"executionlisteners\":\"\",\"multiinstance_type\":\"None\",\"multiinstance_cardinality\":\"\",\"multiinstance_collection\":\"\",\"multiinstance_variable\":\"\",\"multiinstance_condition\":\"\",\"isforcompensation\":\"false\",\"usertaskassignment\":\"\",\"formkeydefinition\":\"\",\"formreference\":\"\",\"formfieldvalidation\":true,\"duedatedefinition\":\"\",\"prioritydefinition\":\"\",\"formproperties\":\"\",\"tasklisteners\":\"\",\"skipexpression\":\"\",\"categorydefinition\":\"\",\"taskidvariablename\":\"\"},\"stencil\":{\"id\":\"UserTask\"},\"childShapes\":[],\"outgoing\":[{\"resourceId\":\"sid-6A43BA7B-9987-46BC-AB2A-44F15554599B\"}],\"bounds\":{\"lowerRight\":{\"x\":275,\"y\":218},\"upperLeft\":{\"x\":175,\"y\":138}},\"dockers\":[]},{\"resourceId\":\"sid-345367B5-F2D6-40E7-A1B1-D802F28D51BD\",\"properties\":{\"overrideid\":\"\",\"name\":\"\",\"documentation\":\"\",\"conditionsequenceflow\":\"\",\"executionlisteners\":\"\",\"defaultflow\":\"false\",\"skipexpression\":\"\"},\"stencil\":{\"id\":\"SequenceFlow\"},\"childShapes\":[],\"outgoing\":[{\"resourceId\":\"sid-0F6E5EC1-F13F-4EB9-95B0-306DE8FC4399\"}],\"bounds\":{\"lowerRight\":{\"x\":174.15625,\"y\":178},\"upperLeft\":{\"x\":130.609375,\"y\":178}},\"dockers\":[{\"x\":15,\"y\":15},{\"x\":50,\"y\":40}],\"target\":{\"resourceId\":\"sid-0F6E5EC1-F13F-4EB9-95B0-306DE8FC4399\"}},{\"resourceId\":\"sid-28104B17-66FC-492B-8654-D19352BABECE\",\"properties\":{\"overrideid\":\"\",\"name\":\"\",\"documentation\":\"\",\"executionlisteners\":\"\"},\"stencil\":{\"id\":\"EndNoneEvent\"},\"childShapes\":[],\"outgoing\":[],\"bounds\":{\"lowerRight\":{\"x\":348,\"y\":192},\"upperLeft\":{\"x\":320,\"y\":164}},\"dockers\":[]},{\"resourceId\":\"sid-6A43BA7B-9987-46BC-AB2A-44F15554599B\",\"properties\":{\"overrideid\":\"\",\"name\":\"\",\"documentation\":\"\",\"conditionsequenceflow\":\"\",\"executionlisteners\":\"\",\"defaultflow\":\"false\",\"skipexpression\":\"\"},\"stencil\":{\"id\":\"SequenceFlow\"},\"childShapes\":[],\"outgoing\":[{\"resourceId\":\"sid-28104B17-66FC-492B-8654-D19352BABECE\"}],\"bounds\":{\"lowerRight\":{\"x\":319.375,\"y\":178},\"upperLeft\":{\"x\":275.390625,\"y\":178}},\"dockers\":[{\"x\":50,\"y\":40},{\"x\":14,\"y\":14}],\"target\":{\"resourceId\":\"sid-28104B17-66FC-492B-8654-D19352BABECE\"}}],\"stencil\":{\"id\":\"BPMNDiagram\"},\"stencilset\":{\"namespace\":\"http://b3mn.org/stencilset/bpmn2.0#\",\"url\":\"../editor/stencilsets/bpmn2.0/bpmn2.0.json\"}}','PNG\r\n\Z\n\0\0\0\rIHDR\0\0\0\0\0\0T\0\0\0}_\0\0IDATxMLTW].袋.\\vE,&m\ZQcJpRTIIhI1\r]5UGmL,iIJt@)00x{gDG7}8/7sl\0\0\0\0\0\0\0\0U1ly\'l	JxY`ڵkfzzDQ\"ɘ1W^}(w-4C\"bF%s]`\"!Rлz-DHi]&حnsweQ#RB|46w.5{\Z\\#RB\Z]bVqCJHwO$R#RR\"% wIǑ)!\rRH(G>4MuBsCJHKKfYRqCJH:獳	zJTJ)ƄBZ_\'c\"%@WɘPNDDJpOi\"\"%J % %RRH	H`7JF\n\n\n]|yq~~$ҟߕ~{߾}5xB%tʸ@ `&&&QM86ׯ_͈௥o\"%R߿m~0e!|z޽ʿOY㚚>Wϟ?077gΝ;7+tjϞ=\"%RfKψK<\Zoz{{M__ZuJV}ֶ=z4Ys哤)2;D-ZZZȈbN#sA3W\ZMsss\ZE\"_ &R殔q!oXÛ瓓ky<y2_3dB>+3}()YyU..\\x5XQ!_Nfr)sS5^#$#D^sEF$ǏE7wH\ZَHIUV!FhQ(-C,<;;는ZO4#%RfHi#lNu-9r$vkjjO>mܤᮼ:	]CܑrsnCjiֲcǎ\rI Ћ4 kXB-+es.a|+M{%h~V+++.<O8֔>\'[^u\\2X>?uṰx|b,;5\rNf	zz2gbT(֢\ZۍO%Lg {Rf9esnb͔_stjOfṯkJ\n=9^豮)ږr:5eT_aJ${y\'nJY__\',`@VSꊞ(+zVdȊ־vtt)YlSwH]\"Hr\n{С匼KDO\'):Nd<eSSSԉ`d;*3ng_FeeȺTVV7{ e6{<GnGjC?*))yӳ׭vuuӝ͎؊ٝ9sTUURP-HJ9>DytWXX8+<v{H.Ve_gW۱yLHz0\"EEE^f&H%y0\'=HRR\"% %H	HI % %RR\"%RR\"%\0R\"% %R\"% %RRH	HRR\"%6H|DDz\"NNOO#)C.E thhcJ>C]`@\'-ra;!$\0\0\0\0\0\0\0\0\0\0\0\0\0\0\0\0\0d\'F*}\0\0\0\0IENDB`',0,''),
('45c41353-2d55-11eb-b88c-227918fa15ea','MES需求变更','mes-requirement','',NULL,'2020-11-23 00:29:43.088000','admin','2020-11-26 03:06:26.992000','manager',1,'{\"name\":\"MES需求变更\",\"key\":\"mes-requirement\",\"version\":0,\"fields\":[{\"fieldType\":\"FormField\",\"id\":\"summary\",\"name\":\"主旨\",\"type\":\"text\",\"value\":null,\"required\":false,\"readOnly\":false,\"overrideId\":true,\"placeholder\":\"${summary}\",\"layout\":null},{\"fieldType\":\"FormField\",\"id\":\"empid\",\"name\":\"提案人员\",\"type\":\"text\",\"value\":null,\"required\":false,\"readOnly\":false,\"overrideId\":true,\"placeholder\":\"${empid}\",\"layout\":null},{\"fieldType\":\"FormField\",\"id\":\"description\",\"name\":\"需求变更描述\",\"type\":\"multi-line-text\",\"value\":null,\"required\":false,\"readOnly\":false,\"overrideId\":true,\"placeholder\":\"${description}\",\"layout\":null},{\"fieldType\":\"FormField\",\"id\":\"_FLOWABLE_SKIP_EXPRESSION_ENABLED\",\"name\":\"允許跳過\",\"type\":\"boolean\",\"value\":null,\"required\":false,\"readOnly\":false,\"overrideId\":true,\"placeholder\":null,\"layout\":null},{\"fieldType\":\"FormField\",\"id\":\"skip\",\"name\":\"是否跳過\",\"type\":\"boolean\",\"value\":null,\"required\":false,\"readOnly\":false,\"overrideId\":true,\"placeholder\":null,\"layout\":null},{\"fieldType\":\"FormField\",\"id\":\"assigneeListVar\",\"name\":\"核簽流程\",\"type\":\"text\",\"value\":null,\"required\":false,\"readOnly\":true,\"overrideId\":true,\"placeholder\":\"manager;COORDINATOR;DEV TL;PSM;MESM;PM\",\"layout\":null},{\"fieldType\":\"FormField\",\"id\":\"assigneelist\",\"name\":\"核簽流程\",\"type\":\"multi-line-text\",\"value\":null,\"required\":true,\"readOnly\":false,\"overrideId\":true,\"placeholder\":\"${assigneelist}\",\"layout\":null}],\"outcomes\":[]}','PNG\r\n\Z\n\0\0\0\rIHDR\0\0,\0\0\0\0\0\0/\n\0\0	IDATxKY\Zݍ\rӍ1\"Sm0ZdƤ0DbLKDkS&J쇝1ߦ7Η|u^|x~®뽈\08x//\0\0_\0\0\0\0\0\0\0\0\0?~\0;\r588OjaahVVVt):uJ=RDTO \0~VWWW_<w7`\0H4XDDhkk\"\",\"\"\"R\Z޶j>XSSSk:yۖ\ZV6խ[K8/W󒤏>HDd7݉Ȧ&\0D\0```````````Ϟ=tE566O?ɓ\'\\#oM\0%:e2+\"ܬgϞUqFk׮_өă\ZSoo_NBAY㏊r9;w.Cx;p\rDK\0Q-!DdED61XDdSMknnNǏӧ_<-$]rE|$-U,%IS[[,\"J&l`@,\06,\06,\06,\06,\06,\06,\06,\06,\06,\06,\06\rVTRSSݭ5Ê-..VmjjޮyE޽Pkkk\0~k``@GÇ믿P(Tݿ_]]]*\nZZZRGG٩POO߯PKKߧ\0\'rr/*\"tA\r*\"T__{*Tj힞=\\rYnJ%rԿ\0˗֦\\.bEW6U.SKKf5>>l6~AoٳgfW6\07`\0W$Q;݉&lb&lb&lb&lb&lb&lb&lb&lb&lb&lb&lb&lb&lb&l`mmm@mnnV\0 M\0\0\0\0\0\0\0\0\0\0\0\0\0UP((\"tyE*5\0H~ܹ߯SŢfggd4::;wjyyY\r\r\rwΜ9OU믿V}}\"B?\"B:v옺Р?C|^~>۷o_EDhrr566V!h666^````````````````QڱcvkLѣG_6CTP:tH͊r9ڵKjmmU\\VCC>}|>={諯J\0Te5>>58qB}jZ|^w9\07eEFFF422ihiiI###MMMi~~rh\'`mnn\"/%```````````````#`jeeE===J%͛z>|~w~K\0%\ZFr9T*ǚҒ\"ٙ!\rVggfgguUte\nE.\\_~r}GGS?(\0IX,ޮ3gΨT*Q]]]Z]]533%\r\r\rU,J7n`F\"\"F[[[y`MTZYYѝ;wtΝ>vނjԔ$immMƆ߿yȸm}$illl[JDqlbȦ\0````````````#T^F;wNׯ_ױc499[n)\"tqjooQ͚O\0<%\Zbk׮)Ç\r\r\riqqQz/B\n_VggT*O_~ڪ^=\\Yoo.]\0`\0H4X/_[__`\"BAD61XDdED61XDdED61XDdED61XDdED61XDdED61XDdED61XDdED61XDdED61XDdED61XDdED61XDdED61XDdED61XDdED61XDdSMk}}\0j\0ib\0`\0`\0`\0`\0`\0`\0`\0`\0`\0䰌.\0\0\0\0IENDB`',2,''),
('46afcbbb-2d58-11eb-b88c-227918fa15ea','返廠申請單','rehire-form','',NULL,'2020-11-23 00:51:13.123000','admin','2020-11-23 00:51:19.252000','admin',1,'{\"name\":\"返廠申請單\",\"key\":\"rehire-form\",\"version\":0,\"fields\":[{\"fieldType\":\"FormField\",\"id\":\"label\",\"name\":\"Label\",\"type\":\"text\",\"value\":null,\"required\":false,\"readOnly\":false,\"overrideId\":false,\"placeholder\":null,\"layout\":null},{\"fieldType\":\"FormField\",\"id\":\"label\",\"name\":\"Label\",\"type\":\"multi-line-text\",\"value\":null,\"required\":false,\"readOnly\":false,\"overrideId\":false,\"placeholder\":null,\"layout\":null}],\"outcomes\":[]}','PNG\r\n\Z\n\0\0\0\rIHDR\0\0,\0\0\0l\0\0\0R\0\0IDATx!K,QaM674ZI~	M&vWOX)o8a^k\0\0b, b, b, b, b, NuyyY:;;꺮...V׵^k^~(w`j몵VWWWZ3Xv\Zz}}an\ZqC;, b4X4UKRLKRLKRLKRLA\rPGGGussSurrRfJJnZ,5C}||y=??tTIM:XUUuwwWժ^^^j8sURx$0\'0X@0X@0X@0X@0X@i6g?\0ϋŢNOOz||Z===yԷ_.՚ib, bdIDKRLKRLKRLKRLKRLKRLKRLKRLKRLKRLKRLKRLKRLKRLKRLKRLKRLKRLKRLKRLKRLKRLKRLKRLKRLKRLKRLKRL?>X\0s2X@0X@0X@0X@0X@0X@0X@0X@0X@0X@0X@0X@0X@0X@0X@0X@0X@!eAԿ/\0\0\0\0IENDB`',2,''),
('534cb54d-2d58-11eb-b88c-227918fa15ea','返廠申請單','rehire-form','','','2020-11-23 00:51:34.284000','admin','2020-11-23 00:51:48.931000','admin',2,'{\"models\":[{\"id\":\"29d7751a-2d58-11eb-b88c-227918fa15ea\",\"name\":\"返廠申請單\",\"version\":1,\"modelType\":0,\"description\":\"\",\"stencilSetId\":null,\"createdBy\":\"admin\",\"lastUpdatedBy\":\"admin\",\"lastUpdated\":\"2020-11-23T06:51:13.197+00:00\"}],\"theme\":\"theme-1\",\"icon\":\"glyphicon-asterisk\"}',NULL,3,''),
('5920a125-2d56-11eb-b88c-227918fa15ea','联络单','liaison','',NULL,'2020-11-23 00:37:25.068000','admin','2020-11-23 00:39:00.439000','admin',1,'{\"name\":\"联络单\",\"key\":\"liaison\",\"version\":0,\"fields\":[{\"fieldType\":\"FormField\",\"id\":\"subject\",\"name\":\"主题\",\"type\":\"text\",\"value\":null,\"required\":false,\"readOnly\":false,\"overrideId\":true,\"placeholder\":\"${subject}\",\"layout\":null},{\"fieldType\":\"FormField\",\"id\":\"department\",\"name\":\"接收单位\",\"type\":\"text\",\"value\":null,\"required\":false,\"readOnly\":false,\"overrideId\":true,\"placeholder\":\"${department}\",\"layout\":null},{\"fieldType\":\"FormField\",\"id\":\"content\",\"name\":\"正文\",\"type\":\"multi-line-text\",\"value\":null,\"required\":false,\"readOnly\":false,\"overrideId\":true,\"placeholder\":\"${content}\",\"layout\":null}],\"outcomes\":[]}','PNG\r\n\Z\n\0\0\0\rIHDR\0\0,\0\0\0o\0\0\0V\0\0IDATxݿk{aa9EU`DVA;ChEAچ:x\Z^x}:YnwHNP_\0e2P0X@(`e,a2&_4wh?~^3KKK˅ǏΏfDӜ:u*ɓ\'˗\\zC7~?|5kkkY[[h4Ǐ;?me,KT&%LKR2Mu2rܺu+>B::WR>XgϞ`0ȯ_rʕlmmutMu={$Y]]͋/hxŭ2`t`e,a2P0X@(`e,1`pxZ޽Kk-ie0d8v~$0&|=իWC<y/ڵki޽{tRΟ?@}\rb߿dee%Ν;i̙3z~czuvwwsk}}=iƍG7o\n;Pɒ2,Ie2Xd$i577oyyn޼_*鷚`;wE_U/鷛`$ɧO۷[%3,Ie:0X@(`e,a2P0X@(i˗ݻw;?}{=zh!h._|euu5,--e{{c;Pɒ2,Ie2Xd$`I*T&%LKR2,Ie2Xd$`I*T&%LKR2,Ie2Xd$`I*T&%LKR2,Ie2Xd$K(`e,a2P0X@(`e\r9σ~\0\0\0\0IENDB`',2,''),
('5c4e9a62-2d54-11eb-b88c-227918fa15ea','MES需求变更','mes-requirement','',NULL,'2020-11-23 00:23:10.662000','admin','2020-11-25 23:40:37.108000','manager',1,'{\"modelId\":\"5c4e9a62-2d54-11eb-b88c-227918fa15ea\",\"bounds\":{\"lowerRight\":{\"x\":1200,\"y\":1050},\"upperLeft\":{\"x\":0,\"y\":0}},\"properties\":{\"process_id\":\"mes-requirement\",\"name\":\"MES需求变更\",\"documentation\":\"\",\"process_author\":\"\",\"process_version\":\"\",\"process_namespace\":\"自定義流程表單\",\"process_historylevel\":\"\",\"isexecutable\":true,\"dataproperties\":\"\",\"executionlisteners\":\"\",\"eventlisteners\":\"{\\\"eventListeners\\\":[{\\\"event\\\":\\\"PROCESS_STARTED\\\",\\\"implementation\\\":\\\"com.deltaww.flowapi.listener.ResolverAssigneeListener\\\",\\\"className\\\":\\\"com.deltaww.flowapi.listener.ResolverAssigneeListener\\\",\\\"delegateExpression\\\":\\\"\\\",\\\"retrowEvent\\\":false,\\\"$$hashKey\\\":\\\"uiGrid-0009\\\",\\\"fields\\\":[],\\\"events\\\":[{\\\"event\\\":\\\"PROCESS_STARTED\\\",\\\"$$hashKey\\\":\\\"object:5750\\\"}]}]}\",\"signaldefinitions\":\"\",\"messagedefinitions\":\"\",\"escalationdefinitions\":\"\",\"process_potentialstarteruser\":\"\",\"process_potentialstartergroup\":\"\",\"iseagerexecutionfetch\":\"false\"},\"childShapes\":[{\"resourceId\":\"startEvent1\",\"properties\":{\"overrideid\":\"\",\"name\":\"填单\",\"documentation\":\"\",\"executionlisteners\":\"\",\"initiator\":\"\",\"formkeydefinition\":\"\",\"formreference\":{\"id\":\"45c41353-2d55-11eb-b88c-227918fa15ea\",\"name\":\"MES需求变更\",\"key\":\"mes-requirement\"},\"formfieldvalidation\":true,\"formproperties\":\"\"},\"stencil\":{\"id\":\"StartNoneEvent\"},\"childShapes\":[],\"outgoing\":[{\"resourceId\":\"sid-07BACF0C-406A-4E40-A1FC-00A0BC020C59\"}],\"bounds\":{\"lowerRight\":{\"x\":130,\"y\":193},\"upperLeft\":{\"x\":100,\"y\":163}},\"dockers\":[]},{\"resourceId\":\"sid-33868E85-5876-4712-9136-27C22F40C24D\",\"properties\":{\"overrideid\":\"\",\"name\":\"填单人确认\",\"documentation\":\"\",\"asynchronousdefinition\":\"false\",\"exclusivedefinition\":\"false\",\"executionlisteners\":\"\",\"multiinstance_type\":\"None\",\"multiinstance_cardinality\":\"\",\"multiinstance_collection\":\"\",\"multiinstance_variable\":\"\",\"multiinstance_condition\":\"\",\"isforcompensation\":\"false\",\"usertaskassignment\":{\"assignment\":{\"type\":\"idm\",\"idm\":{\"type\":\"initiator\"}}},\"formkeydefinition\":\"\",\"formreference\":{\"id\":\"45c41353-2d55-11eb-b88c-227918fa15ea\",\"name\":\"MES需求变更\",\"key\":\"mes-requirement\"},\"formfieldvalidation\":true,\"duedatedefinition\":\"\",\"prioritydefinition\":\"\",\"formproperties\":\"\",\"tasklisteners\":\"\",\"skipexpression\":\"${skip}\",\"categorydefinition\":\"\",\"taskidvariablename\":\"\"},\"stencil\":{\"id\":\"UserTask\"},\"childShapes\":[],\"outgoing\":[{\"resourceId\":\"sid-9D4E7218-A416-4E13-8129-6902D1CEDBD3\"}],\"bounds\":{\"lowerRight\":{\"x\":275,\"y\":218},\"upperLeft\":{\"x\":175,\"y\":138}},\"dockers\":[]},{\"resourceId\":\"sid-07BACF0C-406A-4E40-A1FC-00A0BC020C59\",\"properties\":{\"overrideid\":\"\",\"name\":\"\",\"documentation\":\"\",\"conditionsequenceflow\":\"\",\"executionlisteners\":\"\",\"defaultflow\":\"false\",\"skipexpression\":\"\"},\"stencil\":{\"id\":\"SequenceFlow\"},\"childShapes\":[],\"outgoing\":[{\"resourceId\":\"sid-33868E85-5876-4712-9136-27C22F40C24D\"}],\"bounds\":{\"lowerRight\":{\"x\":174.15625,\"y\":178},\"upperLeft\":{\"x\":130.609375,\"y\":178}},\"dockers\":[{\"x\":15,\"y\":15},{\"x\":50,\"y\":40}],\"target\":{\"resourceId\":\"sid-33868E85-5876-4712-9136-27C22F40C24D\"}},{\"resourceId\":\"sid-9E02A53C-8F0C-4B08-A7ED-46875520B424\",\"properties\":{\"overrideid\":\"\",\"name\":\"提案部门主管\",\"documentation\":\"\",\"asynchronousdefinition\":\"false\",\"exclusivedefinition\":\"false\",\"executionlisteners\":\"\",\"multiinstance_type\":\"None\",\"multiinstance_cardinality\":\"\",\"multiinstance_collection\":\"\",\"multiinstance_variable\":\"\",\"multiinstance_condition\":\"\",\"isforcompensation\":\"false\",\"usertaskassignment\":{\"assignment\":{\"type\":\"static\"}},\"formkeydefinition\":\"\",\"formreference\":{\"id\":\"45c41353-2d55-11eb-b88c-227918fa15ea\",\"name\":\"MES需求变更\",\"key\":\"mes-requirement\"},\"formfieldvalidation\":true,\"duedatedefinition\":\"\",\"prioritydefinition\":\"\",\"formproperties\":\"\",\"tasklisteners\":\"\",\"skipexpression\":\"\",\"categorydefinition\":\"\",\"taskidvariablename\":\"\"},\"stencil\":{\"id\":\"UserTask\"},\"childShapes\":[],\"outgoing\":[{\"resourceId\":\"sid-3B1C7B5B-E126-4DBE-9960-3332CA8953FC\"}],\"bounds\":{\"lowerRight\":{\"x\":420,\"y\":218},\"upperLeft\":{\"x\":320,\"y\":138}},\"dockers\":[]},{\"resourceId\":\"sid-9D4E7218-A416-4E13-8129-6902D1CEDBD3\",\"properties\":{\"overrideid\":\"\",\"name\":\"\",\"documentation\":\"\",\"conditionsequenceflow\":\"\",\"executionlisteners\":\"\",\"defaultflow\":\"false\",\"skipexpression\":\"\"},\"stencil\":{\"id\":\"SequenceFlow\"},\"childShapes\":[],\"outgoing\":[{\"resourceId\":\"sid-9E02A53C-8F0C-4B08-A7ED-46875520B424\"}],\"bounds\":{\"lowerRight\":{\"x\":319.15625,\"y\":178},\"upperLeft\":{\"x\":275.84375,\"y\":178}},\"dockers\":[{\"x\":50,\"y\":40},{\"x\":50,\"y\":40}],\"target\":{\"resourceId\":\"sid-9E02A53C-8F0C-4B08-A7ED-46875520B424\"}},{\"resourceId\":\"sid-962F5DA8-4C49-46EC-AC02-75726D74F3BD\",\"properties\":{\"overrideid\":\"\",\"name\":\"Coordinator\",\"documentation\":\"\",\"asynchronousdefinition\":\"false\",\"exclusivedefinition\":\"false\",\"executionlisteners\":\"\",\"multiinstance_type\":\"None\",\"multiinstance_cardinality\":\"\",\"multiinstance_collection\":\"\",\"multiinstance_variable\":\"\",\"multiinstance_condition\":\"\",\"isforcompensation\":\"false\",\"usertaskassignment\":\"\",\"formkeydefinition\":\"\",\"formreference\":{\"id\":\"45c41353-2d55-11eb-b88c-227918fa15ea\",\"name\":\"MES需求变更\",\"key\":\"mes-requirement\"},\"formfieldvalidation\":true,\"duedatedefinition\":\"\",\"prioritydefinition\":\"\",\"formproperties\":\"\",\"tasklisteners\":\"\",\"skipexpression\":\"\",\"categorydefinition\":\"\",\"taskidvariablename\":\"\"},\"stencil\":{\"id\":\"UserTask\"},\"childShapes\":[],\"outgoing\":[{\"resourceId\":\"sid-75B89205-F7AD-4B61-9772-F69F67FC5A4B\"}],\"bounds\":{\"lowerRight\":{\"x\":565,\"y\":218},\"upperLeft\":{\"x\":465,\"y\":138}},\"dockers\":[]},{\"resourceId\":\"sid-3B1C7B5B-E126-4DBE-9960-3332CA8953FC\",\"properties\":{\"overrideid\":\"\",\"name\":\"\",\"documentation\":\"\",\"conditionsequenceflow\":\"\",\"executionlisteners\":\"\",\"defaultflow\":\"false\",\"skipexpression\":\"\"},\"stencil\":{\"id\":\"SequenceFlow\"},\"childShapes\":[],\"outgoing\":[{\"resourceId\":\"sid-962F5DA8-4C49-46EC-AC02-75726D74F3BD\"}],\"bounds\":{\"lowerRight\":{\"x\":464.15625,\"y\":178},\"upperLeft\":{\"x\":420.84375,\"y\":178}},\"dockers\":[{\"x\":50,\"y\":40},{\"x\":50,\"y\":40}],\"target\":{\"resourceId\":\"sid-962F5DA8-4C49-46EC-AC02-75726D74F3BD\"}},{\"resourceId\":\"sid-712F5FB9-B139-4A54-B5F0-0C9963B866D6\",\"properties\":{\"overrideid\":\"\",\"name\":\"DEV TL\",\"documentation\":\"\",\"asynchronousdefinition\":\"false\",\"exclusivedefinition\":\"false\",\"executionlisteners\":\"\",\"multiinstance_type\":\"None\",\"multiinstance_cardinality\":\"\",\"multiinstance_collection\":\"\",\"multiinstance_variable\":\"\",\"multiinstance_condition\":\"\",\"isforcompensation\":\"false\",\"usertaskassignment\":\"\",\"formkeydefinition\":\"\",\"formreference\":{\"id\":\"45c41353-2d55-11eb-b88c-227918fa15ea\",\"name\":\"MES需求变更\",\"key\":\"mes-requirement\"},\"formfieldvalidation\":true,\"duedatedefinition\":\"\",\"prioritydefinition\":\"\",\"formproperties\":\"\",\"tasklisteners\":\"\",\"skipexpression\":\"\",\"categorydefinition\":\"\",\"taskidvariablename\":\"\"},\"stencil\":{\"id\":\"UserTask\"},\"childShapes\":[],\"outgoing\":[{\"resourceId\":\"sid-2090AF02-C11C-4993-9CC4-F4D95E4F6C72\"}],\"bounds\":{\"lowerRight\":{\"x\":710,\"y\":218},\"upperLeft\":{\"x\":610,\"y\":138}},\"dockers\":[]},{\"resourceId\":\"sid-75B89205-F7AD-4B61-9772-F69F67FC5A4B\",\"properties\":{\"overrideid\":\"\",\"name\":\"\",\"documentation\":\"\",\"conditionsequenceflow\":\"\",\"executionlisteners\":\"\",\"defaultflow\":\"false\",\"skipexpression\":\"\"},\"stencil\":{\"id\":\"SequenceFlow\"},\"childShapes\":[],\"outgoing\":[{\"resourceId\":\"sid-712F5FB9-B139-4A54-B5F0-0C9963B866D6\"}],\"bounds\":{\"lowerRight\":{\"x\":609.15625,\"y\":178},\"upperLeft\":{\"x\":565.84375,\"y\":178}},\"dockers\":[{\"x\":50,\"y\":40},{\"x\":50,\"y\":40}],\"target\":{\"resourceId\":\"sid-712F5FB9-B139-4A54-B5F0-0C9963B866D6\"}},{\"resourceId\":\"sid-1B1D89A5-C026-4A31-927F-32BD7888BD59\",\"properties\":{\"overrideid\":\"\",\"name\":\"PSM\",\"documentation\":\"\",\"asynchronousdefinition\":\"false\",\"exclusivedefinition\":\"false\",\"executionlisteners\":\"\",\"multiinstance_type\":\"None\",\"multiinstance_cardinality\":\"\",\"multiinstance_collection\":\"\",\"multiinstance_variable\":\"\",\"multiinstance_condition\":\"\",\"isforcompensation\":\"false\",\"usertaskassignment\":\"\",\"formkeydefinition\":\"\",\"formreference\":{\"id\":\"45c41353-2d55-11eb-b88c-227918fa15ea\",\"name\":\"MES需求变更\",\"key\":\"mes-requirement\"},\"formfieldvalidation\":true,\"duedatedefinition\":\"\",\"prioritydefinition\":\"\",\"formproperties\":\"\",\"tasklisteners\":\"\",\"skipexpression\":\"\",\"categorydefinition\":\"\",\"taskidvariablename\":\"\"},\"stencil\":{\"id\":\"UserTask\"},\"childShapes\":[],\"outgoing\":[{\"resourceId\":\"sid-6F9F2036-70B8-4F2E-AF81-4B54AA19CD43\"}],\"bounds\":{\"lowerRight\":{\"x\":275,\"y\":335},\"upperLeft\":{\"x\":175,\"y\":255}},\"dockers\":[]},{\"resourceId\":\"sid-A57DF6D0-FE5C-4D32-B8EC-ECEA13271C76\",\"properties\":{\"overrideid\":\"\",\"name\":\"MESM\",\"documentation\":\"\",\"asynchronousdefinition\":\"false\",\"exclusivedefinition\":\"false\",\"executionlisteners\":\"\",\"multiinstance_type\":\"None\",\"multiinstance_cardinality\":\"\",\"multiinstance_collection\":\"\",\"multiinstance_variable\":\"\",\"multiinstance_condition\":\"\",\"isforcompensation\":\"false\",\"usertaskassignment\":\"\",\"formkeydefinition\":\"\",\"formreference\":{\"id\":\"45c41353-2d55-11eb-b88c-227918fa15ea\",\"name\":\"MES需求变更\",\"key\":\"mes-requirement\"},\"formfieldvalidation\":true,\"duedatedefinition\":\"\",\"prioritydefinition\":\"\",\"formproperties\":\"\",\"tasklisteners\":\"\",\"skipexpression\":\"\",\"categorydefinition\":\"\",\"taskidvariablename\":\"\"},\"stencil\":{\"id\":\"UserTask\"},\"childShapes\":[],\"outgoing\":[{\"resourceId\":\"sid-C4E02C10-B6FB-47DF-8F9F-346B5D75275C\"}],\"bounds\":{\"lowerRight\":{\"x\":420,\"y\":335},\"upperLeft\":{\"x\":320,\"y\":255}},\"dockers\":[]},{\"resourceId\":\"sid-6F9F2036-70B8-4F2E-AF81-4B54AA19CD43\",\"properties\":{\"overrideid\":\"\",\"name\":\"\",\"documentation\":\"\",\"conditionsequenceflow\":\"\",\"executionlisteners\":\"\",\"defaultflow\":\"false\",\"skipexpression\":\"\"},\"stencil\":{\"id\":\"SequenceFlow\"},\"childShapes\":[],\"outgoing\":[{\"resourceId\":\"sid-A57DF6D0-FE5C-4D32-B8EC-ECEA13271C76\"}],\"bounds\":{\"lowerRight\":{\"x\":319.15625,\"y\":295},\"upperLeft\":{\"x\":275.84375,\"y\":295}},\"dockers\":[{\"x\":50,\"y\":40},{\"x\":50,\"y\":40}],\"target\":{\"resourceId\":\"sid-A57DF6D0-FE5C-4D32-B8EC-ECEA13271C76\"}},{\"resourceId\":\"sid-18F650C5-F8DF-4D17-AD0B-FCCB1F242C4D\",\"properties\":{\"overrideid\":\"\",\"name\":\"PM\",\"documentation\":\"\",\"asynchronousdefinition\":\"false\",\"exclusivedefinition\":\"false\",\"executionlisteners\":\"\",\"multiinstance_type\":\"None\",\"multiinstance_cardinality\":\"\",\"multiinstance_collection\":\"\",\"multiinstance_variable\":\"\",\"multiinstance_condition\":\"\",\"isforcompensation\":\"false\",\"usertaskassignment\":\"\",\"formkeydefinition\":\"\",\"formreference\":{\"id\":\"45c41353-2d55-11eb-b88c-227918fa15ea\",\"name\":\"MES需求变更\",\"key\":\"mes-requirement\"},\"formfieldvalidation\":true,\"duedatedefinition\":\"\",\"prioritydefinition\":\"\",\"formproperties\":\"\",\"tasklisteners\":\"\",\"skipexpression\":\"\",\"categorydefinition\":\"\",\"taskidvariablename\":\"\"},\"stencil\":{\"id\":\"UserTask\"},\"childShapes\":[],\"outgoing\":[{\"resourceId\":\"sid-19C22622-BF57-43FF-BE8C-D74EDD41782F\"}],\"bounds\":{\"lowerRight\":{\"x\":565,\"y\":335},\"upperLeft\":{\"x\":465,\"y\":255}},\"dockers\":[]},{\"resourceId\":\"sid-C4E02C10-B6FB-47DF-8F9F-346B5D75275C\",\"properties\":{\"overrideid\":\"\",\"name\":\"\",\"documentation\":\"\",\"conditionsequenceflow\":\"\",\"executionlisteners\":\"\",\"defaultflow\":\"false\",\"skipexpression\":\"\"},\"stencil\":{\"id\":\"SequenceFlow\"},\"childShapes\":[],\"outgoing\":[{\"resourceId\":\"sid-18F650C5-F8DF-4D17-AD0B-FCCB1F242C4D\"}],\"bounds\":{\"lowerRight\":{\"x\":464.15625,\"y\":295},\"upperLeft\":{\"x\":420.84375,\"y\":295}},\"dockers\":[{\"x\":50,\"y\":40},{\"x\":50,\"y\":40}],\"target\":{\"resourceId\":\"sid-18F650C5-F8DF-4D17-AD0B-FCCB1F242C4D\"}},{\"resourceId\":\"sid-2090AF02-C11C-4993-9CC4-F4D95E4F6C72\",\"properties\":{\"overrideid\":\"\",\"name\":\"\",\"documentation\":\"\",\"conditionsequenceflow\":\"\",\"executionlisteners\":\"\",\"defaultflow\":\"false\",\"skipexpression\":\"\"},\"stencil\":{\"id\":\"SequenceFlow\"},\"childShapes\":[],\"outgoing\":[{\"resourceId\":\"sid-1B1D89A5-C026-4A31-927F-32BD7888BD59\"}],\"bounds\":{\"lowerRight\":{\"x\":660,\"y\":254.625},\"upperLeft\":{\"x\":225,\"y\":218.18749999999994}},\"dockers\":[{\"x\":50,\"y\":40},{\"x\":660,\"y\":234.99999999999994},{\"x\":225,\"y\":234.99999999999994},{\"x\":50,\"y\":40}],\"target\":{\"resourceId\":\"sid-1B1D89A5-C026-4A31-927F-32BD7888BD59\"}},{\"resourceId\":\"sid-4C4E0E45-0E10-40C1-A1A5-B4BC491F8E1E\",\"properties\":{\"overrideid\":\"\",\"name\":\"结束\",\"documentation\":\"\",\"executionlisteners\":\"\"},\"stencil\":{\"id\":\"EndNoneEvent\"},\"childShapes\":[],\"outgoing\":[],\"bounds\":{\"lowerRight\":{\"x\":638,\"y\":309},\"upperLeft\":{\"x\":610,\"y\":281}},\"dockers\":[]},{\"resourceId\":\"sid-19C22622-BF57-43FF-BE8C-D74EDD41782F\",\"properties\":{\"overrideid\":\"\",\"name\":\"\",\"documentation\":\"\",\"conditionsequenceflow\":\"\",\"executionlisteners\":\"\",\"defaultflow\":\"false\",\"skipexpression\":\"\"},\"stencil\":{\"id\":\"SequenceFlow\"},\"childShapes\":[],\"outgoing\":[{\"resourceId\":\"sid-4C4E0E45-0E10-40C1-A1A5-B4BC491F8E1E\"}],\"bounds\":{\"lowerRight\":{\"x\":609.375,\"y\":295},\"upperLeft\":{\"x\":565.390625,\"y\":295}},\"dockers\":[{\"x\":50,\"y\":40},{\"x\":14,\"y\":14}],\"target\":{\"resourceId\":\"sid-4C4E0E45-0E10-40C1-A1A5-B4BC491F8E1E\"}}],\"stencil\":{\"id\":\"BPMNDiagram\"},\"stencilset\":{\"namespace\":\"http://b3mn.org/stencilset/bpmn2.0#\",\"url\":\"../editor/stencilsets/bpmn2.0/bpmn2.0.json\"}}','PNG\r\n\Z\n\0\0\0\rIHDR\0\0\0\0\0b\0\0\0wUU\0\0IDATxKi]\'ڤ<R\n=<,TJ=<K-DZRZ\nnLmզjLHčq&}<)|;3{\0\0\0\0\0\0\0\0\0\0nMkkkSd`vvVh3lDx㌳/,,\rd2\"og5D%ti=[)]\n+{Koݜ纣xRNWiShY}/utvg3ZU\n,mop*D\ZȕK5s=(	W֊N݋\Z\":{y@%D(S!W΍rFrooB¹v~We\rBn	8|$20;::6&\'\'B)3px?\"xsYZ[[D\"={eX__###Lx|TPzWW׎z?EgDќqq(28\\`ppi2&Cʊ~yTbgSMt6\\xqW@\nNXds5VY5!!b}(}tql79\'\np8v&[q=8=\'$s	oq. gccc[_t~___\"3\nn޼}Tܾ}/gp&g$W9:,Le;_r03,\\8勉\n03B\ng@gB!D8p&D(	78\"Χrhj8^oi7w]I$/t1T荳9]WbXt:NǄVm-x㌳Hs2	ԔJ4\ZY&z{]\04@ ?\Z\0pl,Fc*\05?\0:UHJ\0@M\0*\0DTK\Z*\0DJx_h`4Py9\"T\Z!D\0\0B\0BxNE\0!+\ng#T\0MkkkSd@=JNgLض-K94E5rLF7n?DoS?k[=[)]kgPz셷P=\riչk:=Rӧ춷P4C1,&8\'6ѹ^!FNjc\\E]S!4Uh٫1>rxٗ\Zo!D	Z.1k\"	h,q>2<Wx7Εf2(U`D\"q155%kwww	>f 2 *$_~fE1\\NܸqxV=@csg	Ddai9\Zo\09,aJg Ioo/\Z2%L6ѹ;G5Cdd D5Vṯ	KWu\Z2Р!fDg?kf\"k]Μoy!UOtufbbBTsu&\ZoKwdooH]48Dݢբ%wXx|Ψ%3\Zo=Gr6?39+^u5AXx!B\"!B\"!B\"@c3ԏrhj8^oi5xL\"x.HRDoS?kX,<??:Nj*۶т7Π)C;\'IM#zT~UDoS?k\0\0\0\0\0\0\0\0\0\0\0\0\0\0\0\0\0\0\0\0\0\0zw\Zec\0\0\0\0IENDB`',0,''),
('5eef80ba-2bc8-11eb-9d15-227918fa15ea','外出单','out-factory','','','2020-11-21 01:08:35.114000','admin','2020-11-26 00:49:02.596000','manager',13,'{\"models\":[{\"id\":\"1670ce87-2bc7-11eb-9d15-227918fa15ea\",\"name\":\"外出单\",\"version\":1,\"modelType\":0,\"description\":\"\",\"stencilSetId\":null,\"createdBy\":\"admin\",\"lastUpdatedBy\":\"admin\",\"lastUpdated\":\"2020-11-21T07:08:14.341+00:00\"}],\"theme\":\"theme-1\",\"icon\":\"glyphicon-asterisk\"}',NULL,3,''),
('8e54d196-2d57-11eb-b88c-227918fa15ea','FI廠商代碼申請單','vendor-code-request-form','',NULL,'2020-11-23 00:46:03.568000','admin','2020-11-23 00:46:51.838000','admin',1,'{\"modelId\":\"8e54d196-2d57-11eb-b88c-227918fa15ea\",\"bounds\":{\"lowerRight\":{\"x\":1200,\"y\":1050},\"upperLeft\":{\"x\":0,\"y\":0}},\"properties\":{\"process_id\":\"vendor-code-request-form\",\"name\":\"FI廠商代碼申請單\",\"documentation\":\"\",\"process_author\":\"\",\"process_version\":\"\",\"process_namespace\":\"http://www.flowable.org/processdef\",\"process_historylevel\":\"\",\"isexecutable\":true,\"dataproperties\":\"\",\"executionlisteners\":\"\",\"eventlisteners\":\"\",\"signaldefinitions\":\"\",\"messagedefinitions\":\"\",\"escalationdefinitions\":\"\",\"process_potentialstarteruser\":\"\",\"process_potentialstartergroup\":\"\",\"iseagerexecutionfetch\":\"false\"},\"childShapes\":[{\"resourceId\":\"startEvent1\",\"properties\":{\"overrideid\":\"\",\"name\":\"\",\"documentation\":\"\",\"executionlisteners\":\"\",\"initiator\":\"\",\"formkeydefinition\":\"\",\"formreference\":{\"id\":\"aae549c7-2d57-11eb-b88c-227918fa15ea\",\"name\":\"FI厂商代码申请单\",\"key\":\"vendor-code-request-form\"},\"formfieldvalidation\":true,\"formproperties\":\"\"},\"stencil\":{\"id\":\"StartNoneEvent\"},\"childShapes\":[],\"outgoing\":[{\"resourceId\":\"sid-E3CDDACB-2B12-4398-966D-C78588092BD6\"}],\"bounds\":{\"lowerRight\":{\"x\":130,\"y\":193},\"upperLeft\":{\"x\":100,\"y\":163}},\"dockers\":[]},{\"resourceId\":\"sid-BC344DB7-47CA-4885-B01D-746CE6AA1B47\",\"properties\":{\"overrideid\":\"\",\"name\":\"\",\"documentation\":\"\",\"asynchronousdefinition\":\"false\",\"exclusivedefinition\":\"false\",\"executionlisteners\":\"\",\"multiinstance_type\":\"None\",\"multiinstance_cardinality\":\"\",\"multiinstance_collection\":\"\",\"multiinstance_variable\":\"\",\"multiinstance_condition\":\"\",\"isforcompensation\":\"false\",\"usertaskassignment\":\"\",\"formkeydefinition\":\"\",\"formreference\":\"\",\"formfieldvalidation\":true,\"duedatedefinition\":\"\",\"prioritydefinition\":\"\",\"formproperties\":\"\",\"tasklisteners\":\"\",\"skipexpression\":\"\",\"categorydefinition\":\"\",\"taskidvariablename\":\"\"},\"stencil\":{\"id\":\"UserTask\"},\"childShapes\":[],\"outgoing\":[{\"resourceId\":\"sid-61149916-1C68-428E-987A-8C94F5454F96\"}],\"bounds\":{\"lowerRight\":{\"x\":275,\"y\":218},\"upperLeft\":{\"x\":175,\"y\":138}},\"dockers\":[]},{\"resourceId\":\"sid-E3CDDACB-2B12-4398-966D-C78588092BD6\",\"properties\":{\"overrideid\":\"\",\"name\":\"\",\"documentation\":\"\",\"conditionsequenceflow\":\"\",\"executionlisteners\":\"\",\"defaultflow\":\"false\",\"skipexpression\":\"\"},\"stencil\":{\"id\":\"SequenceFlow\"},\"childShapes\":[],\"outgoing\":[{\"resourceId\":\"sid-BC344DB7-47CA-4885-B01D-746CE6AA1B47\"}],\"bounds\":{\"lowerRight\":{\"x\":174.15625,\"y\":178},\"upperLeft\":{\"x\":130.609375,\"y\":178}},\"dockers\":[{\"x\":15,\"y\":15},{\"x\":50,\"y\":40}],\"target\":{\"resourceId\":\"sid-BC344DB7-47CA-4885-B01D-746CE6AA1B47\"}},{\"resourceId\":\"sid-860C90D4-77B6-4336-A684-FBD28C95B009\",\"properties\":{\"overrideid\":\"\",\"name\":\"\",\"documentation\":\"\",\"executionlisteners\":\"\"},\"stencil\":{\"id\":\"EndNoneEvent\"},\"childShapes\":[],\"outgoing\":[],\"bounds\":{\"lowerRight\":{\"x\":348,\"y\":192},\"upperLeft\":{\"x\":320,\"y\":164}},\"dockers\":[]},{\"resourceId\":\"sid-61149916-1C68-428E-987A-8C94F5454F96\",\"properties\":{\"overrideid\":\"\",\"name\":\"\",\"documentation\":\"\",\"conditionsequenceflow\":\"\",\"executionlisteners\":\"\",\"defaultflow\":\"false\",\"skipexpression\":\"\"},\"stencil\":{\"id\":\"SequenceFlow\"},\"childShapes\":[],\"outgoing\":[{\"resourceId\":\"sid-860C90D4-77B6-4336-A684-FBD28C95B009\"}],\"bounds\":{\"lowerRight\":{\"x\":319.375,\"y\":178},\"upperLeft\":{\"x\":275.390625,\"y\":178}},\"dockers\":[{\"x\":50,\"y\":40},{\"x\":14,\"y\":14}],\"target\":{\"resourceId\":\"sid-860C90D4-77B6-4336-A684-FBD28C95B009\"}}],\"stencil\":{\"id\":\"BPMNDiagram\"},\"stencilset\":{\"namespace\":\"http://b3mn.org/stencilset/bpmn2.0#\",\"url\":\"../editor/stencilsets/bpmn2.0/bpmn2.0.json\"}}','PNG\r\n\Z\n\0\0\0\rIHDR\0\0\0\0\0\0T\0\0\0}_\0\0IDATxMLTW].袋.\\vE,&m\ZQcJpRTIIhI1\r]5UGmL,iIJt@)00x{gDG7}8/7sl\0\0\0\0\0\0\0\0U1ly\'l	JxY`ڵkfzzDQ\"ɘ1W^}(w-4C\"bF%s]`\"!Rлz-DHi]&حnsweQ#RB|46w.5{\Z\\#RB\Z]bVqCJHwO$R#RR\"% wIǑ)!\rRH(G>4MuBsCJHKKfYRqCJH:獳	zJTJ)ƄBZ_\'c\"%@WɘPNDDJpOi\"\"%J % %RRH	H`7JF\n\n\n]|yq~~$ҟߕ~{߾}5xB%tʸ@ `&&&QM86ׯ_͈௥o\"%R߿m~0e!|z޽ʿOY㚚>Wϟ?077gΝ;7+tjϞ=\"%RfKψK<\Zoz{{M__ZuJV}ֶ=z4Ys哤)2;D-ZZZȈbN#sA3W\ZMsss\ZE\"_ &R殔q!oXÛ瓓ky<y2_3dB>+3}()YyU..\\x5XQ!_Nfr)sS5^#$#D^sEF$ǏE7wH\ZَHIUV!FhQ(-C,<;;는ZO4#%RfHi#lNu-9r$vkjjO>mܤᮼ:	]CܑrsnCjiֲcǎ\rI Ћ4 kXB-+es.a|+M{%h~V+++.<O8֔>\'[^u\\2X>?uṰx|b,;5\rNf	zz2gbT(֢\ZۍO%Lg {Rf9esnb͔_stjOfṯkJ\n=9^豮)ږr:5eT_aJ${y\'nJY__\',`@VSꊞ(+zVdȊ־vtt)YlSwH]\"Hr\n{С匼KDO\'):Nd<eSSSԉ`d;*3ng_FeeȺTVV7{ e6{<GnGjC?*))yӳ׭vuuӝ͎؊ٝ9sTUURP-HJ9>DytWXX8+<v{H.Ve_gW۱yLHz0\"EEE^f&H%y0\'=HRR\"% %H	HI % %RR\"%RR\"%\0R\"% %R\"% %RRH	HRR\"%6H|DDz\"NNOO#)C.E thhcJ>C]`@\'-ra;!$\0\0\0\0\0\0\0\0\0\0\0\0\0\0\0\0\0d\'F*}\0\0\0\0IENDB`',0,''),
('9231a865-2d55-11eb-b88c-227918fa15ea','MES需求变更','mes-requirement','','','2020-11-23 00:31:51.313000','admin','2020-11-26 03:06:40.244000','manager',4,'{\"models\":[{\"id\":\"5c4e9a62-2d54-11eb-b88c-227918fa15ea\",\"name\":\"MES需求变更\",\"version\":1,\"modelType\":0,\"description\":\"\",\"stencilSetId\":null,\"createdBy\":\"admin\",\"lastUpdatedBy\":\"admin\",\"lastUpdated\":\"2020-11-23T06:29:43.197+00:00\"}],\"theme\":\"theme-1\",\"icon\":\"glyphicon-asterisk\"}',NULL,3,''),
('a02ca5f7-2d56-11eb-b88c-227918fa15ea','联络单','liaison','','','2020-11-23 00:39:24.265000','admin','2020-11-23 00:39:37.768000','admin',2,'{\"models\":[{\"id\":\"fbbf99a4-2d55-11eb-b88c-227918fa15ea\",\"name\":\"联络单\",\"version\":1,\"modelType\":0,\"description\":\"\",\"stencilSetId\":null,\"createdBy\":\"admin\",\"lastUpdatedBy\":\"admin\",\"lastUpdated\":\"2020-11-23T06:37:25.131+00:00\"}],\"theme\":\"theme-1\",\"icon\":\"glyphicon-asterisk\"}',NULL,3,''),
('aae549c7-2d57-11eb-b88c-227918fa15ea','FI厂商代码申请单','vendor-code-request-form','',NULL,'2020-11-23 00:46:51.749000','admin','2020-11-23 00:47:00.055000','admin',1,'{\"name\":\"FI厂商代码申请单\",\"key\":\"vendor-code-request-form\",\"version\":0,\"fields\":[{\"fieldType\":\"FormField\",\"id\":\"label\",\"name\":\"Label\",\"type\":\"text\",\"value\":null,\"required\":false,\"readOnly\":false,\"overrideId\":false,\"placeholder\":null,\"layout\":null},{\"fieldType\":\"FormField\",\"id\":\"label\",\"name\":\"Label\",\"type\":\"multi-line-text\",\"value\":null,\"required\":false,\"readOnly\":false,\"overrideId\":false,\"placeholder\":null,\"layout\":null}],\"outcomes\":[]}','PNG\r\n\Z\n\0\0\0\rIHDR\0\0,\0\0\0l\0\0\0R\0\0IDATx!K,QaM674ZI~	M&vWOX)o8a^k\0\0b, b, b, b, b, NuyyY:;;꺮...V׵^k^~(w`j몵VWWWZ3Xv\Zz}}an\ZqC;, b4X4UKRLKRLKRLKRLA\rPGGGussSurrRfJJnZ,5C}||y=??tTIM:XUUuwwWժ^^^j8sURx$0\'0X@0X@0X@0X@0X@i6g?\0ϋŢNOOz||Z===yԷ_.՚ib, bdIDKRLKRLKRLKRLKRLKRLKRLKRLKRLKRLKRLKRLKRLKRLKRLKRLKRLKRLKRLKRLKRLKRLKRLKRLKRLKRLKRLKRL?>X\0s2X@0X@0X@0X@0X@0X@0X@0X@0X@0X@0X@0X@0X@0X@0X@0X@0X@!eAԿ/\0\0\0\0IENDB`',2,''),
('c506bdcb-2d57-11eb-b88c-227918fa15ea','FI厂商代码申请单','vendor-code-request-form','','','2020-11-23 00:47:35.589000','admin','2020-11-23 00:47:51.500000','admin',2,'{\"models\":[{\"id\":\"8e54d196-2d57-11eb-b88c-227918fa15ea\",\"name\":\"FI廠商代碼申請單\",\"version\":1,\"modelType\":0,\"description\":\"\",\"stencilSetId\":null,\"createdBy\":\"admin\",\"lastUpdatedBy\":\"admin\",\"lastUpdated\":\"2020-11-23T06:46:51.838+00:00\"}],\"theme\":\"theme-1\",\"icon\":\"glyphicon-asterisk\"}',NULL,3,''),
('e5975ad8-2bc7-11eb-9d15-227918fa15ea','外出单','out-factory','',NULL,'2020-11-21 01:05:11.531000','admin','2020-11-25 19:04:21.849000','manager',1,'{\"name\":\"外出单\",\"key\":\"out-factory\",\"version\":0,\"fields\":[{\"fieldType\":\"FormField\",\"id\":\"summary\",\"name\":\"主旨\",\"type\":\"text\",\"value\":null,\"required\":true,\"readOnly\":false,\"overrideId\":true,\"placeholder\":\"${summary}\",\"layout\":null},{\"fieldType\":\"FormField\",\"id\":\"empid\",\"name\":\"人员编号\",\"type\":\"integer\",\"value\":null,\"required\":true,\"readOnly\":false,\"overrideId\":true,\"placeholder\":\"${empid}\",\"layout\":null},{\"fieldType\":\"FormField\",\"id\":\"_FLOWABLE_SKIP_EXPRESSION_ENABLED\",\"name\":\"允许跳过\",\"type\":\"boolean\",\"value\":null,\"required\":false,\"readOnly\":true,\"overrideId\":true,\"placeholder\":null,\"layout\":null},{\"fieldType\":\"FormField\",\"id\":\"skip\",\"name\":\"是否跳过\",\"type\":\"boolean\",\"value\":null,\"required\":false,\"readOnly\":true,\"overrideId\":true,\"placeholder\":null,\"layout\":null},{\"fieldType\":\"FormField\",\"id\":\"manager\",\"name\":\"所属主管\",\"type\":\"text\",\"value\":null,\"required\":false,\"readOnly\":true,\"overrideId\":true,\"placeholder\":\"manager\",\"layout\":null},{\"fieldType\":\"FormField\",\"id\":\"description\",\"name\":\"描述\",\"type\":\"multi-line-text\",\"value\":null,\"required\":true,\"readOnly\":false,\"overrideId\":true,\"placeholder\":\"${description}\",\"layout\":null}],\"outcomes\":[]}','PNG\r\n\Z\n\0\0\0\rIHDR\0\0,\0\0\0\0\0\05p\0\0[IDATxK{WZjѾunI)c-LZ!H(-IC\"QʱłaTF|-zV@͹N7ל^P7\\_!\0b\0`\0`\0`\0`\0`\0`\0`\0`\0`\0؈<XRI!)˩[\n!Z[[(\0_uxx:::ѡ|>1\0ۉIبP\"\rӧOfgg{!\0o`ijQRa#lbȦƆӧON\"jV>ޞ$)N֭[T*d2qKDZYY$ڵk`QxlbȦ\0ĉ```````````\0:`E!͛z޽{)466V}}OOb?ȃ7yF!r9ee488~jzzZ<db?ȃvvv絶499ϟkbbB_~7`\0؈4X\0p~uEDT\n\"\"\",\"\"\",\"\"\",\"\"\"j2X\0\'\r\r\r\r\r\r\r\r\r\r\r\rBjmmUACCC\n߉??tΝ;}rYdR*\nשVkkBP{{rrڔL&`8VTRAԫWTAgwލp\0~\"\rVRM_<~JƩʊVVV~{^}\0ʇPܿ_tg*۷J&Z\\\\fffb?ƆܬyEdRKKK|j9`j_DBDBJ$י3gd2)HO:>>M_<~JF*J\ZSACCC*JRJRBJRhzzZBA;;;[z\Z\Z\ZMOOknnN!555U_S,nhh\ZX\0\"\rׯJ477Rt:>uuuZZZȈ}YǏc?Hmoo+PuwwٳgfQ6⢖f511\0;\0\0\'/\"ӨR0XDED61XDdSluxxXӈު`yI˗utttƍ8%\"`^*x$)q/Wܔ$uuu\\.K~?~,yǛDdSM\0````````````iT*4>>;w(+a-,,K_|(\0)`P(P((jkkKt:C\0ԿHI]rEW^U\\Ȉ鴊b\0oWLFccc\ZǏ۫^=z(c\07t`#`@M`\">lb&lb&lb&lb&lb&lb&lb&lb&lb&lb&lb&lb&lb&lbȦ\0ĉ```````````R\'\0\0\0\0IENDB`',2,''),
('fbbf99a4-2d55-11eb-b88c-227918fa15ea','联络单','liaison','',NULL,'2020-11-23 00:34:48.150000','admin','2020-11-23 00:37:25.131000','admin',1,'{\"modelId\":\"fbbf99a4-2d55-11eb-b88c-227918fa15ea\",\"bounds\":{\"lowerRight\":{\"x\":1200,\"y\":1050},\"upperLeft\":{\"x\":0,\"y\":0}},\"properties\":{\"process_id\":\"liaison\",\"name\":\"联络单\",\"documentation\":\"\",\"process_author\":\"\",\"process_version\":\"\",\"process_namespace\":\"http://www.flowable.org/processdef\",\"process_historylevel\":\"\",\"isexecutable\":true,\"dataproperties\":\"\",\"executionlisteners\":\"\",\"eventlisteners\":\"\",\"signaldefinitions\":\"\",\"messagedefinitions\":\"\",\"escalationdefinitions\":\"\",\"process_potentialstarteruser\":\"\",\"process_potentialstartergroup\":\"\",\"iseagerexecutionfetch\":\"false\"},\"childShapes\":[{\"resourceId\":\"startEvent1\",\"properties\":{\"overrideid\":\"\",\"name\":\"填单\",\"documentation\":\"\",\"executionlisteners\":\"\",\"initiator\":\"\",\"formkeydefinition\":\"\",\"formreference\":{\"id\":\"5920a125-2d56-11eb-b88c-227918fa15ea\",\"name\":\"联络单\",\"key\":\"liaison\"},\"formfieldvalidation\":true,\"formproperties\":\"\"},\"stencil\":{\"id\":\"StartNoneEvent\"},\"childShapes\":[],\"outgoing\":[{\"resourceId\":\"sid-8837ACC1-9927-4EF2-AB27-6113B895B400\"}],\"bounds\":{\"lowerRight\":{\"x\":130,\"y\":193},\"upperLeft\":{\"x\":100,\"y\":163}},\"dockers\":[]},{\"resourceId\":\"sid-BB836425-7C40-48DC-A59E-2AD704CA7DF1\",\"properties\":{\"overrideid\":\"\",\"name\":\"填单人确认\",\"documentation\":\"\",\"asynchronousdefinition\":\"false\",\"exclusivedefinition\":\"false\",\"executionlisteners\":\"\",\"multiinstance_type\":\"None\",\"multiinstance_cardinality\":\"\",\"multiinstance_collection\":\"\",\"multiinstance_variable\":\"\",\"multiinstance_condition\":\"\",\"isforcompensation\":\"false\",\"usertaskassignment\":\"\",\"formkeydefinition\":\"\",\"formreference\":\"\",\"formfieldvalidation\":true,\"duedatedefinition\":\"\",\"prioritydefinition\":\"\",\"formproperties\":\"\",\"tasklisteners\":\"\",\"skipexpression\":\"\",\"categorydefinition\":\"\",\"taskidvariablename\":\"\"},\"stencil\":{\"id\":\"UserTask\"},\"childShapes\":[],\"outgoing\":[{\"resourceId\":\"sid-7BA30D19-708A-4A69-A05E-3B5FC38E05C5\"}],\"bounds\":{\"lowerRight\":{\"x\":275,\"y\":218},\"upperLeft\":{\"x\":175,\"y\":138}},\"dockers\":[]},{\"resourceId\":\"sid-8837ACC1-9927-4EF2-AB27-6113B895B400\",\"properties\":{\"overrideid\":\"\",\"name\":\"\",\"documentation\":\"\",\"conditionsequenceflow\":\"\",\"executionlisteners\":\"\",\"defaultflow\":\"false\",\"skipexpression\":\"\"},\"stencil\":{\"id\":\"SequenceFlow\"},\"childShapes\":[],\"outgoing\":[{\"resourceId\":\"sid-BB836425-7C40-48DC-A59E-2AD704CA7DF1\"}],\"bounds\":{\"lowerRight\":{\"x\":174.15625,\"y\":178},\"upperLeft\":{\"x\":130.609375,\"y\":178}},\"dockers\":[{\"x\":15,\"y\":15},{\"x\":50,\"y\":40}],\"target\":{\"resourceId\":\"sid-BB836425-7C40-48DC-A59E-2AD704CA7DF1\"}},{\"resourceId\":\"sid-B77C750E-DE59-438E-B87C-E2ACA53B76E1\",\"properties\":{\"overrideid\":\"\",\"name\":\"审核中\",\"documentation\":\"\",\"asynchronousdefinition\":\"false\",\"exclusivedefinition\":\"false\",\"executionlisteners\":\"\",\"multiinstance_type\":\"None\",\"multiinstance_cardinality\":\"\",\"multiinstance_collection\":\"\",\"multiinstance_variable\":\"\",\"multiinstance_condition\":\"\",\"isforcompensation\":\"false\",\"usertaskassignment\":\"\",\"formkeydefinition\":\"\",\"formreference\":\"\",\"formfieldvalidation\":true,\"duedatedefinition\":\"\",\"prioritydefinition\":\"\",\"formproperties\":\"\",\"tasklisteners\":\"\",\"skipexpression\":\"\",\"categorydefinition\":\"\",\"taskidvariablename\":\"\"},\"stencil\":{\"id\":\"UserTask\"},\"childShapes\":[],\"outgoing\":[{\"resourceId\":\"sid-0255207B-6BE7-449E-8B53-6D87AF68964A\"}],\"bounds\":{\"lowerRight\":{\"x\":420,\"y\":218},\"upperLeft\":{\"x\":320,\"y\":138}},\"dockers\":[]},{\"resourceId\":\"sid-7BA30D19-708A-4A69-A05E-3B5FC38E05C5\",\"properties\":{\"overrideid\":\"\",\"name\":\"\",\"documentation\":\"\",\"conditionsequenceflow\":\"\",\"executionlisteners\":\"\",\"defaultflow\":\"false\",\"skipexpression\":\"\"},\"stencil\":{\"id\":\"SequenceFlow\"},\"childShapes\":[],\"outgoing\":[{\"resourceId\":\"sid-B77C750E-DE59-438E-B87C-E2ACA53B76E1\"}],\"bounds\":{\"lowerRight\":{\"x\":319.15625,\"y\":178},\"upperLeft\":{\"x\":275.84375,\"y\":178}},\"dockers\":[{\"x\":50,\"y\":40},{\"x\":50,\"y\":40}],\"target\":{\"resourceId\":\"sid-B77C750E-DE59-438E-B87C-E2ACA53B76E1\"}},{\"resourceId\":\"sid-7387C76A-E91A-40AA-A84A-11C8155AD7C0\",\"properties\":{\"overrideid\":\"\",\"name\":\"结束\",\"documentation\":\"\",\"executionlisteners\":\"\"},\"stencil\":{\"id\":\"EndNoneEvent\"},\"childShapes\":[],\"outgoing\":[],\"bounds\":{\"lowerRight\":{\"x\":493,\"y\":192},\"upperLeft\":{\"x\":465,\"y\":164}},\"dockers\":[]},{\"resourceId\":\"sid-0255207B-6BE7-449E-8B53-6D87AF68964A\",\"properties\":{\"overrideid\":\"\",\"name\":\"\",\"documentation\":\"\",\"conditionsequenceflow\":\"\",\"executionlisteners\":\"\",\"defaultflow\":\"false\",\"skipexpression\":\"\"},\"stencil\":{\"id\":\"SequenceFlow\"},\"childShapes\":[],\"outgoing\":[{\"resourceId\":\"sid-7387C76A-E91A-40AA-A84A-11C8155AD7C0\"}],\"bounds\":{\"lowerRight\":{\"x\":464.375,\"y\":178},\"upperLeft\":{\"x\":420.390625,\"y\":178}},\"dockers\":[{\"x\":50,\"y\":40},{\"x\":14,\"y\":14}],\"target\":{\"resourceId\":\"sid-7387C76A-E91A-40AA-A84A-11C8155AD7C0\"}}],\"stencil\":{\"id\":\"BPMNDiagram\"},\"stencilset\":{\"namespace\":\"http://b3mn.org/stencilset/bpmn2.0#\",\"url\":\"../editor/stencilsets/bpmn2.0/bpmn2.0.json\"}}','PNG\r\n\Z\n\0\0\0\rIHDR\0\0\0\0\0\0@\0\0\0Քj\0\0IDATxOw9xavaGv@;`HmF2@q$	$!sf	36cB˴d6Cp\0j~HkZ}~z%4O><}~?OE\0\0\0\0\0\0\0\0\0ۈRj_2hT\rW\"btqYĘCCCjvvV[ݻwQ}R#n<j}, Mr0fhsf}gꟘA%\"W̩}|I˗/ʿ~̉s1D__h9s//r9їɀ_9B__&{r9їtj/ys/70Ӕ&^}M/̉cN5)=ɑ#Gyy>pر?vNsM_r\\gΜy<zCroi8|:guS-JZ|ήx72jiiI	͛*lp8\\I	?ZC;^קUW7]J^;^Q۱U]]];Oѷ8ttHCІT[1==-h	֗\'~zJyӧWkjj\'}7/-jT_G~Wv_A*R>/o_`Ns\ry7Rs_111n}0\'G5/K/\\\Ze.^hr)i}fDUJi9}WfrEM\0ǺEO/ݻw/m5####m.)sګ1ڧqCCâ555-e{asyV@99}mwB^WdgsP}al)hN?oRcǷ|?{4iqWW׳Ĭy1g>ɓ\'-E}+WX\rsv3TS}2;d	}\\lz,,,<0Ͽt:\'m6O8r]X\'ˆZ++BPQ\\nMT~KZ+kvvvvmSu-k	?wLz7nݺ9p۷of\\s_q!ҒxnW_MM͢j/cN5aWtur3n[]tIommmUϟ&쳴U-\0\\k׮Mo_6|絵V}Mzs8E\\I+]m~$veq\'Ϻ\'~+ l-yM.9їx~̉cN%s/\'}	?ǜK	?D_O1\'~9?G_xFdem/X M˖r0ԏڜck`Cwy:33\ZIDѥ\n},a{Tlg3\Z+c/\0\0\0\0\0\0\0\0\0\0\0\0\0\0\0\0\0\0\01e]J1\0\0\0\0IENDB`',0,'');

/*Table structure for table `ACT_DE_MODEL_HISTORY` */

DROP TABLE IF EXISTS `ACT_DE_MODEL_HISTORY`;

CREATE TABLE `ACT_DE_MODEL_HISTORY` (
  `id` varchar(255) NOT NULL,
  `name` varchar(400) NOT NULL,
  `model_key` varchar(400) NOT NULL,
  `description` varchar(4000) DEFAULT NULL,
  `model_comment` varchar(4000) DEFAULT NULL,
  `created` datetime(6) DEFAULT NULL,
  `created_by` varchar(255) DEFAULT NULL,
  `last_updated` datetime(6) DEFAULT NULL,
  `last_updated_by` varchar(255) DEFAULT NULL,
  `removal_date` datetime(6) DEFAULT NULL,
  `version` int DEFAULT NULL,
  `model_editor_json` longtext,
  `model_id` varchar(255) NOT NULL,
  `model_type` int DEFAULT NULL,
  `tenant_id` varchar(255) DEFAULT NULL,
  PRIMARY KEY (`id`),
  KEY `idx_proc_mod_history_proc` (`model_id`)
) ENGINE=InnoDB DEFAULT CHARSET=utf8mb4 COLLATE=utf8mb4_0900_ai_ci;

/*Data for the table `ACT_DE_MODEL_HISTORY` */

insert  into `ACT_DE_MODEL_HISTORY`(`id`,`name`,`model_key`,`description`,`model_comment`,`created`,`created_by`,`last_updated`,`last_updated_by`,`removal_date`,`version`,`model_editor_json`,`model_id`,`model_type`,`tenant_id`) values 
('00142c59-2e08-11eb-bbd8-227918fa15ea','外出单','out-factory','','','2020-11-21 01:08:35.114000','admin','2020-11-23 21:49:06.087000','admin',NULL,7,'{\"models\":[{\"id\":\"1670ce87-2bc7-11eb-9d15-227918fa15ea\",\"name\":\"外出单\",\"version\":1,\"modelType\":0,\"description\":\"\",\"stencilSetId\":null,\"createdBy\":\"admin\",\"lastUpdatedBy\":\"admin\",\"lastUpdated\":\"2020-11-21T07:08:14.341+00:00\"}],\"theme\":\"theme-1\",\"icon\":\"glyphicon-asterisk\"}','5eef80ba-2bc8-11eb-9d15-227918fa15ea',3,''),
('069ce254-2fab-11eb-acf0-227918fa15ea','外出单','out-factory','','','2020-11-21 01:08:35.114000','admin','2020-11-25 23:48:36.179000','manager',NULL,11,'{\"models\":[{\"id\":\"1670ce87-2bc7-11eb-9d15-227918fa15ea\",\"name\":\"外出单\",\"version\":1,\"modelType\":0,\"description\":\"\",\"stencilSetId\":null,\"createdBy\":\"admin\",\"lastUpdatedBy\":\"admin\",\"lastUpdated\":\"2020-11-21T07:08:14.341+00:00\"}],\"theme\":\"theme-1\",\"icon\":\"glyphicon-asterisk\"}','5eef80ba-2bc8-11eb-9d15-227918fa15ea',3,''),
('07b181d1-2fbd-11eb-924a-227918fa15ea','MES需求变更','mes-requirement','','','2020-11-23 00:31:51.313000','admin','2020-11-26 01:57:28.933000','manager',NULL,2,'{\"models\":[{\"id\":\"5c4e9a62-2d54-11eb-b88c-227918fa15ea\",\"name\":\"MES需求变更\",\"version\":1,\"modelType\":0,\"description\":\"\",\"stencilSetId\":null,\"createdBy\":\"admin\",\"lastUpdatedBy\":\"admin\",\"lastUpdated\":\"2020-11-23T06:29:43.197+00:00\"}],\"theme\":\"theme-1\",\"icon\":\"glyphicon-asterisk\"}','9231a865-2d55-11eb-b88c-227918fa15ea',3,''),
('59d16cce-2bc9-11eb-9d15-227918fa15ea','外出单','out-factory','','','2020-11-21 01:08:35.114000','admin','2020-11-21 01:15:36.025000','admin',NULL,2,'{\"models\":[{\"id\":\"1670ce87-2bc7-11eb-9d15-227918fa15ea\",\"name\":\"外出单\",\"version\":1,\"modelType\":0,\"description\":\"\",\"stencilSetId\":null,\"createdBy\":\"admin\",\"lastUpdatedBy\":\"admin\",\"lastUpdated\":\"2020-11-21T07:08:14.341+00:00\"}],\"theme\":\"theme-1\",\"icon\":\"glyphicon-asterisk\"}','5eef80ba-2bc8-11eb-9d15-227918fa15ea',3,''),
('5c07a9bf-2d58-11eb-b88c-227918fa15ea','返廠申請單','rehire-form','','','2020-11-23 00:51:34.284000','admin','2020-11-23 00:51:48.931000','admin',NULL,1,'{\"models\":[{\"id\":\"29d7751a-2d58-11eb-b88c-227918fa15ea\",\"name\":\"返廠申請單\",\"version\":1,\"modelType\":0,\"description\":\"\",\"stencilSetId\":null,\"createdBy\":\"admin\",\"lastUpdatedBy\":\"admin\",\"lastUpdated\":\"2020-11-23T06:51:13.197+00:00\"}],\"theme\":\"theme-1\",\"icon\":\"glyphicon-asterisk\"}','534cb54d-2d58-11eb-b88c-227918fa15ea',3,''),
('5f1fb78e-2f82-11eb-bdfc-227918fa15ea','外出单','out-factory','','','2020-11-21 01:08:35.114000','admin','2020-11-25 18:57:35.310000','manager',NULL,9,'{\"models\":[{\"id\":\"1670ce87-2bc7-11eb-9d15-227918fa15ea\",\"name\":\"外出单\",\"version\":1,\"modelType\":0,\"description\":\"\",\"stencilSetId\":null,\"createdBy\":\"admin\",\"lastUpdatedBy\":\"admin\",\"lastUpdated\":\"2020-11-21T07:08:14.341+00:00\"}],\"theme\":\"theme-1\",\"icon\":\"glyphicon-asterisk\"}','5eef80ba-2bc8-11eb-9d15-227918fa15ea',3,''),
('60140d51-2f83-11eb-bdfc-227918fa15ea','外出单','out-factory','','','2020-11-21 01:08:35.114000','admin','2020-11-25 19:04:46.408000','manager',NULL,10,'{\"models\":[{\"id\":\"1670ce87-2bc7-11eb-9d15-227918fa15ea\",\"name\":\"外出单\",\"version\":1,\"modelType\":0,\"description\":\"\",\"stencilSetId\":null,\"createdBy\":\"admin\",\"lastUpdatedBy\":\"admin\",\"lastUpdated\":\"2020-11-21T07:08:14.341+00:00\"}],\"theme\":\"theme-1\",\"icon\":\"glyphicon-asterisk\"}','5eef80ba-2bc8-11eb-9d15-227918fa15ea',3,''),
('673da99c-2bc8-11eb-9d15-227918fa15ea','外出单','out-factory','','','2020-11-21 01:08:35.114000','admin','2020-11-21 01:08:49.048000','admin',NULL,1,'{\"models\":[{\"id\":\"1670ce87-2bc7-11eb-9d15-227918fa15ea\",\"name\":\"外出单\",\"version\":1,\"modelType\":0,\"description\":\"\",\"stencilSetId\":null,\"createdBy\":\"admin\",\"lastUpdatedBy\":\"admin\",\"lastUpdated\":\"2020-11-21T07:08:14.341+00:00\"}],\"theme\":\"theme-1\",\"icon\":\"glyphicon-asterisk\"}','5eef80ba-2bc8-11eb-9d15-227918fa15ea',3,''),
('6d819305-2e03-11eb-8edb-227918fa15ea','外出单','out-factory','','','2020-11-21 01:08:35.114000','admin','2020-11-23 21:16:22.192000','admin',NULL,5,'{\"models\":[{\"id\":\"1670ce87-2bc7-11eb-9d15-227918fa15ea\",\"name\":\"外出单\",\"version\":1,\"modelType\":0,\"description\":\"\",\"stencilSetId\":null,\"createdBy\":\"admin\",\"lastUpdatedBy\":\"admin\",\"lastUpdated\":\"2020-11-21T07:08:14.341+00:00\"}],\"theme\":\"theme-1\",\"icon\":\"glyphicon-asterisk\"}','5eef80ba-2bc8-11eb-9d15-227918fa15ea',3,''),
('7820345b-2fb3-11eb-a9f3-227918fa15ea','外出单','out-factory','','','2020-11-21 01:08:35.114000','admin','2020-11-26 00:49:02.596000','manager',NULL,12,'{\"models\":[{\"id\":\"1670ce87-2bc7-11eb-9d15-227918fa15ea\",\"name\":\"外出单\",\"version\":1,\"modelType\":0,\"description\":\"\",\"stencilSetId\":null,\"createdBy\":\"admin\",\"lastUpdatedBy\":\"admin\",\"lastUpdated\":\"2020-11-21T07:08:14.341+00:00\"}],\"theme\":\"theme-1\",\"icon\":\"glyphicon-asterisk\"}','5eef80ba-2bc8-11eb-9d15-227918fa15ea',3,''),
('78482ee3-2e06-11eb-84ba-227918fa15ea','外出单','out-factory','','','2020-11-21 01:08:35.114000','admin','2020-11-23 21:38:08.761000','admin',NULL,6,'{\"models\":[{\"id\":\"1670ce87-2bc7-11eb-9d15-227918fa15ea\",\"name\":\"外出单\",\"version\":1,\"modelType\":0,\"description\":\"\",\"stencilSetId\":null,\"createdBy\":\"admin\",\"lastUpdatedBy\":\"admin\",\"lastUpdated\":\"2020-11-21T07:08:14.341+00:00\"}],\"theme\":\"theme-1\",\"icon\":\"glyphicon-asterisk\"}','5eef80ba-2bc8-11eb-9d15-227918fa15ea',3,''),
('9c5bbd37-2d55-11eb-b88c-227918fa15ea','MES需求变更','mes-requirement','','','2020-11-23 00:31:51.313000','admin','2020-11-23 00:32:08.366000','admin',NULL,1,'{\"models\":[{\"id\":\"5c4e9a62-2d54-11eb-b88c-227918fa15ea\",\"name\":\"MES需求变更\",\"version\":1,\"modelType\":0,\"description\":\"\",\"stencilSetId\":null,\"createdBy\":\"admin\",\"lastUpdatedBy\":\"admin\",\"lastUpdated\":\"2020-11-23T06:29:43.197+00:00\"}],\"theme\":\"theme-1\",\"icon\":\"glyphicon-asterisk\"}','9231a865-2d55-11eb-b88c-227918fa15ea',3,''),
('9f2238d4-2e0b-11eb-b42b-227918fa15ea','外出单','out-factory','','','2020-11-21 01:08:35.114000','admin','2020-11-23 22:15:01.427000','admin',NULL,8,'{\"models\":[{\"id\":\"1670ce87-2bc7-11eb-9d15-227918fa15ea\",\"name\":\"外出单\",\"version\":1,\"modelType\":0,\"description\":\"\",\"stencilSetId\":null,\"createdBy\":\"admin\",\"lastUpdatedBy\":\"admin\",\"lastUpdated\":\"2020-11-21T07:08:14.341+00:00\"}],\"theme\":\"theme-1\",\"icon\":\"glyphicon-asterisk\"}','5eef80ba-2bc8-11eb-9d15-227918fa15ea',3,''),
('a62f087e-2e00-11eb-8699-227918fa15ea','外出单','out-factory','','','2020-11-21 01:08:35.114000','admin','2020-11-23 20:56:28.791000','admin',NULL,4,'{\"models\":[{\"id\":\"1670ce87-2bc7-11eb-9d15-227918fa15ea\",\"name\":\"外出单\",\"version\":1,\"modelType\":0,\"description\":\"\",\"stencilSetId\":null,\"createdBy\":\"admin\",\"lastUpdatedBy\":\"admin\",\"lastUpdated\":\"2020-11-21T07:08:14.341+00:00\"}],\"theme\":\"theme-1\",\"icon\":\"glyphicon-asterisk\"}','5eef80ba-2bc8-11eb-9d15-227918fa15ea',3,''),
('a8390ae9-2d56-11eb-b88c-227918fa15ea','联络单','liaison','','','2020-11-23 00:39:24.265000','admin','2020-11-23 00:39:37.768000','admin',NULL,1,'{\"models\":[{\"id\":\"fbbf99a4-2d55-11eb-b88c-227918fa15ea\",\"name\":\"联络单\",\"version\":1,\"modelType\":0,\"description\":\"\",\"stencilSetId\":null,\"createdBy\":\"admin\",\"lastUpdatedBy\":\"admin\",\"lastUpdated\":\"2020-11-23T06:37:25.131+00:00\"}],\"theme\":\"theme-1\",\"icon\":\"glyphicon-asterisk\"}','a02ca5f7-2d56-11eb-b88c-227918fa15ea',3,''),
('b2114b67-2fc6-11eb-8a65-227918fa15ea','MES需求变更','mes-requirement','','','2020-11-23 00:31:51.313000','admin','2020-11-26 03:06:40.244000','manager',NULL,3,'{\"models\":[{\"id\":\"5c4e9a62-2d54-11eb-b88c-227918fa15ea\",\"name\":\"MES需求变更\",\"version\":1,\"modelType\":0,\"description\":\"\",\"stencilSetId\":null,\"createdBy\":\"admin\",\"lastUpdatedBy\":\"admin\",\"lastUpdated\":\"2020-11-23T06:29:43.197+00:00\"}],\"theme\":\"theme-1\",\"icon\":\"glyphicon-asterisk\"}','9231a865-2d55-11eb-b88c-227918fa15ea',3,''),
('bd89797a-2d57-11eb-b88c-227918fa15ea','FI','vendor-code-request-form','',NULL,'2020-11-23 00:47:10.170000','admin','2020-11-23 00:47:10.170000','admin','2020-11-23 00:47:23.024000',1,'{}','b5e01c19-2d57-11eb-b88c-227918fa15ea',3,''),
('be76d613-2d29-11eb-b92b-227918fa15ea','发送邮件','send-email','','','2020-11-22 18:43:32.307000','admin','2020-11-22 19:18:07.726000','admin',NULL,3,'{\"models\":[{\"id\":\"e0d829dc-2d23-11eb-84d4-227918fa15ea\",\"name\":\"发送邮件\",\"version\":1,\"modelType\":0,\"description\":\"\",\"stencilSetId\":null,\"createdBy\":\"admin\",\"lastUpdatedBy\":\"admin\",\"lastUpdated\":\"2020-11-23T00:43:07.638+00:00\"}],\"theme\":\"theme-1\",\"icon\":\"glyphicon-asterisk\"}','e96a6b2d-2d24-11eb-84d4-227918fa15ea',3,''),
('ce82913d-2d57-11eb-b88c-227918fa15ea','FI厂商代码申请单','vendor-code-request-form','','','2020-11-23 00:47:35.589000','admin','2020-11-23 00:47:51.500000','admin',NULL,1,'{\"models\":[{\"id\":\"8e54d196-2d57-11eb-b88c-227918fa15ea\",\"name\":\"FI廠商代碼申請單\",\"version\":1,\"modelType\":0,\"description\":\"\",\"stencilSetId\":null,\"createdBy\":\"admin\",\"lastUpdatedBy\":\"admin\",\"lastUpdated\":\"2020-11-23T06:46:51.838+00:00\"}],\"theme\":\"theme-1\",\"icon\":\"glyphicon-asterisk\"}','c506bdcb-2d57-11eb-b88c-227918fa15ea',3,''),
('d4f4b22d-2d28-11eb-9045-227918fa15ea','发送邮件','send-email','','','2020-11-22 18:43:32.307000','admin','2020-11-22 19:11:35.968000','admin',NULL,2,'{\"models\":[{\"id\":\"e0d829dc-2d23-11eb-84d4-227918fa15ea\",\"name\":\"发送邮件\",\"version\":1,\"modelType\":0,\"description\":\"\",\"stencilSetId\":null,\"createdBy\":\"admin\",\"lastUpdatedBy\":\"admin\",\"lastUpdated\":\"2020-11-23T00:43:07.638+00:00\"}],\"theme\":\"theme-1\",\"icon\":\"glyphicon-asterisk\"}','e96a6b2d-2d24-11eb-84d4-227918fa15ea',3,''),
('ed426c58-2f7e-11eb-bdfc-227918fa15ea','发送邮件','send-email','','','2020-11-22 18:43:32.307000','admin','2020-11-22 19:19:48.608000','admin','2020-11-25 18:32:55.787000',5,'{\"models\":[{\"id\":\"e0d829dc-2d23-11eb-84d4-227918fa15ea\",\"name\":\"发送邮件\",\"version\":1,\"modelType\":0,\"description\":\"\",\"stencilSetId\":null,\"createdBy\":\"admin\",\"lastUpdatedBy\":\"admin\",\"lastUpdated\":\"2020-11-23T00:43:07.638+00:00\"}],\"theme\":\"theme-1\",\"icon\":\"glyphicon-asterisk\"}','e96a6b2d-2d24-11eb-84d4-227918fa15ea',3,''),
('f1af6c4f-2d24-11eb-84d4-227918fa15ea','发送邮件','send-email','','','2020-11-22 18:43:32.307000','admin','2020-11-22 18:43:46.181000','admin',NULL,1,'{\"models\":[{\"id\":\"e0d829dc-2d23-11eb-84d4-227918fa15ea\",\"name\":\"发送邮件\",\"version\":1,\"modelType\":0,\"description\":\"\",\"stencilSetId\":null,\"createdBy\":\"admin\",\"lastUpdatedBy\":\"admin\",\"lastUpdated\":\"2020-11-23T00:43:07.638+00:00\"}],\"theme\":\"theme-1\",\"icon\":\"glyphicon-asterisk\"}','e96a6b2d-2d24-11eb-84d4-227918fa15ea',3,''),
('f33eb08e-2f90-11eb-9d05-227918fa15ea','发送邮件','send-email','',NULL,'2020-11-22 18:36:07.533000','admin','2020-11-22 19:19:38.292000','admin','2020-11-25 20:41:56.770000',1,'{\"modelId\":\"e0d829dc-2d23-11eb-84d4-227918fa15ea\",\"bounds\":{\"lowerRight\":{\"x\":1200,\"y\":1050},\"upperLeft\":{\"x\":0,\"y\":0}},\"properties\":{\"process_id\":\"send-email\",\"name\":\"发送邮件\",\"documentation\":\"\",\"process_author\":\"\",\"process_version\":\"\",\"process_namespace\":\"http://www.flowable.org/processdef\",\"process_historylevel\":\"\",\"isexecutable\":true,\"dataproperties\":\"\",\"executionlisteners\":\"\",\"eventlisteners\":\"\",\"signaldefinitions\":\"\",\"messagedefinitions\":\"\",\"escalationdefinitions\":\"\",\"process_potentialstarteruser\":\"\",\"process_potentialstartergroup\":\"\",\"iseagerexecutionfetch\":\"false\"},\"childShapes\":[{\"resourceId\":\"startEvent1\",\"properties\":{\"overrideid\":\"\",\"name\":\"start\",\"documentation\":\"\",\"executionlisteners\":\"\",\"initiator\":\"\",\"formkeydefinition\":\"\",\"formreference\":\"\",\"formfieldvalidation\":true,\"formproperties\":null},\"stencil\":{\"id\":\"StartNoneEvent\"},\"childShapes\":[],\"outgoing\":[{\"resourceId\":\"sid-B4DA1B3A-508B-4E50-8C7C-218F8E66DCFA\"}],\"bounds\":{\"lowerRight\":{\"x\":130,\"y\":193},\"upperLeft\":{\"x\":100,\"y\":163}},\"dockers\":[]},{\"resourceId\":\"sid-B4DA1B3A-508B-4E50-8C7C-218F8E66DCFA\",\"properties\":{\"overrideid\":\"\",\"name\":\"\",\"documentation\":\"\",\"conditionsequenceflow\":\"\",\"executionlisteners\":\"\",\"defaultflow\":\"false\",\"skipexpression\":\"\"},\"stencil\":{\"id\":\"SequenceFlow\"},\"childShapes\":[],\"outgoing\":[{\"resourceId\":\"sid-4329CEE2-F1D9-4BF6-9218-38C62659F72E\"}],\"bounds\":{\"lowerRight\":{\"x\":179.5859375,\"y\":178},\"upperLeft\":{\"x\":130.375,\"y\":178}},\"dockers\":[{\"x\":15,\"y\":15},{\"x\":50,\"y\":40}],\"target\":{\"resourceId\":\"sid-4329CEE2-F1D9-4BF6-9218-38C62659F72E\"}},{\"resourceId\":\"sid-E4D02A62-9237-4DB5-88D6-388754AE1687\",\"properties\":{\"overrideid\":\"\",\"name\":\"end\",\"documentation\":\"\",\"executionlisteners\":\"\"},\"stencil\":{\"id\":\"EndNoneEvent\"},\"childShapes\":[],\"outgoing\":[],\"bounds\":{\"lowerRight\":{\"x\":348,\"y\":192},\"upperLeft\":{\"x\":320,\"y\":164}},\"dockers\":[]},{\"resourceId\":\"sid-9BAB4ACD-DA8A-4FEE-AD68-2649B32CD9E8\",\"properties\":{\"overrideid\":\"\",\"name\":\"\",\"documentation\":\"\",\"conditionsequenceflow\":\"\",\"executionlisteners\":\"\",\"defaultflow\":\"false\",\"skipexpression\":\"\"},\"stencil\":{\"id\":\"SequenceFlow\"},\"childShapes\":[],\"outgoing\":[{\"resourceId\":\"sid-E4D02A62-9237-4DB5-88D6-388754AE1687\"}],\"bounds\":{\"lowerRight\":{\"x\":320,\"y\":178},\"upperLeft\":{\"x\":280.5625,\"y\":178}},\"dockers\":[{\"x\":50,\"y\":40},{\"x\":14,\"y\":14}],\"target\":{\"resourceId\":\"sid-E4D02A62-9237-4DB5-88D6-388754AE1687\"}},{\"resourceId\":\"sid-4329CEE2-F1D9-4BF6-9218-38C62659F72E\",\"properties\":{\"overrideid\":\"\",\"name\":\"SendEmail\",\"documentation\":\"\",\"asynchronousdefinition\":\"false\",\"exclusivedefinition\":\"false\",\"executionlisteners\":\"\",\"multiinstance_type\":\"None\",\"multiinstance_cardinality\":\"\",\"multiinstance_collection\":\"\",\"multiinstance_variable\":\"\",\"multiinstance_condition\":\"\",\"isforcompensation\":\"false\",\"mailtaskheaders\":\"\",\"mailtaskto\":\"${emailTo}\",\"mailtaskfrom\":\"${emailFrom}\",\"mailtasksubject\":\"${emailSubject}\",\"mailtaskcc\":\"\",\"mailtaskbcc\":\"\",\"mailtasktext\":\"${emailContent}\",\"mailtasktextvar\":\"\",\"mailtaskhtml\":\"\",\"mailtaskhtmlvar\":\"\",\"mailtaskcharset\":\"\",\"type\":\"http://b3mn.org/stencilset/bpmn2.0#UserTask\",\"usertaskassignment\":\"\",\"formkeydefinition\":\"\",\"formreference\":\"\",\"formfieldvalidation\":true,\"duedatedefinition\":\"\",\"prioritydefinition\":\"\",\"formproperties\":\"\",\"tasklisteners\":\"\",\"skipexpression\":\"\",\"categorydefinition\":\"\",\"taskidvariablename\":\"\"},\"stencil\":{\"id\":\"MailTask\"},\"childShapes\":[],\"outgoing\":[{\"resourceId\":\"sid-9BAB4ACD-DA8A-4FEE-AD68-2649B32CD9E8\"}],\"bounds\":{\"lowerRight\":{\"x\":280,\"y\":218},\"upperLeft\":{\"x\":180,\"y\":138}},\"dockers\":[]}],\"stencil\":{\"id\":\"BPMNDiagram\"},\"stencilset\":{\"namespace\":\"http://b3mn.org/stencilset/bpmn2.0#\",\"url\":\"../editor/stencilsets/bpmn2.0/bpmn2.0.json\"}}','e0d829dc-2d23-11eb-84d4-227918fa15ea',0,''),
('fa9798d4-2d29-11eb-9782-227918fa15ea','发送邮件','send-email','','','2020-11-22 18:43:32.307000','admin','2020-11-22 19:19:48.608000','admin',NULL,4,'{\"models\":[{\"id\":\"e0d829dc-2d23-11eb-84d4-227918fa15ea\",\"name\":\"发送邮件\",\"version\":1,\"modelType\":0,\"description\":\"\",\"stencilSetId\":null,\"createdBy\":\"admin\",\"lastUpdatedBy\":\"admin\",\"lastUpdated\":\"2020-11-23T00:43:07.638+00:00\"}],\"theme\":\"theme-1\",\"icon\":\"glyphicon-asterisk\"}','e96a6b2d-2d24-11eb-84d4-227918fa15ea',3,''),
('fcb5a43f-2bcb-11eb-9e90-227918fa15ea','外出单','out-factory','','','2020-11-21 01:08:35.114000','admin','2020-11-21 01:34:28.305000','admin',NULL,3,'{\"models\":[{\"id\":\"1670ce87-2bc7-11eb-9d15-227918fa15ea\",\"name\":\"外出单\",\"version\":1,\"modelType\":0,\"description\":\"\",\"stencilSetId\":null,\"createdBy\":\"admin\",\"lastUpdatedBy\":\"admin\",\"lastUpdated\":\"2020-11-21T07:08:14.341+00:00\"}],\"theme\":\"theme-1\",\"icon\":\"glyphicon-asterisk\"}','5eef80ba-2bc8-11eb-9d15-227918fa15ea',3,'');

/*Table structure for table `ACT_DE_MODEL_RELATION` */

DROP TABLE IF EXISTS `ACT_DE_MODEL_RELATION`;

CREATE TABLE `ACT_DE_MODEL_RELATION` (
  `id` varchar(255) NOT NULL,
  `parent_model_id` varchar(255) DEFAULT NULL,
  `model_id` varchar(255) DEFAULT NULL,
  `relation_type` varchar(255) DEFAULT NULL,
  PRIMARY KEY (`id`),
  KEY `fk_relation_parent` (`parent_model_id`),
  KEY `fk_relation_child` (`model_id`),
  CONSTRAINT `fk_relation_child` FOREIGN KEY (`model_id`) REFERENCES `ACT_DE_MODEL` (`id`),
  CONSTRAINT `fk_relation_parent` FOREIGN KEY (`parent_model_id`) REFERENCES `ACT_DE_MODEL` (`id`)
) ENGINE=InnoDB DEFAULT CHARSET=utf8mb4 COLLATE=utf8mb4_0900_ai_ci;

/*Data for the table `ACT_DE_MODEL_RELATION` */

insert  into `ACT_DE_MODEL_RELATION`(`id`,`parent_model_id`,`model_id`,`relation_type`) values 
('45fb9e14-2d55-11eb-b88c-227918fa15ea','5c4e9a62-2d54-11eb-b88c-227918fa15ea','45c41353-2d55-11eb-b88c-227918fa15ea','form-model'),
('46e1d83c-2d58-11eb-b88c-227918fa15ea','29d7751a-2d58-11eb-b88c-227918fa15ea','46afcbbb-2d58-11eb-b88c-227918fa15ea','form-model'),
('52bf1499-2bc8-11eb-9d15-227918fa15ea','1670ce87-2bc7-11eb-9d15-227918fa15ea','e5975ad8-2bc7-11eb-9d15-227918fa15ea','form-model'),
('5950fff6-2d56-11eb-b88c-227918fa15ea','fbbf99a4-2d55-11eb-b88c-227918fa15ea','5920a125-2d56-11eb-b88c-227918fa15ea','form-model'),
('59ba103e-2d58-11eb-b88c-227918fa15ea','534cb54d-2d58-11eb-b88c-227918fa15ea','29d7751a-2d58-11eb-b88c-227918fa15ea','process-model'),
('6415b5ab-2bc8-11eb-9d15-227918fa15ea','5eef80ba-2bc8-11eb-9d15-227918fa15ea','1670ce87-2bc7-11eb-9d15-227918fa15ea','process-model'),
('972311b6-2d55-11eb-b88c-227918fa15ea','9231a865-2d55-11eb-b88c-227918fa15ea','5c4e9a62-2d54-11eb-b88c-227918fa15ea','process-model'),
('a58b9e28-2d56-11eb-b88c-227918fa15ea','a02ca5f7-2d56-11eb-b88c-227918fa15ea','fbbf99a4-2d55-11eb-b88c-227918fa15ea','process-model'),
('ab188ec8-2d57-11eb-b88c-227918fa15ea','8e54d196-2d57-11eb-b88c-227918fa15ea','aae549c7-2d57-11eb-b88c-227918fa15ea','form-model'),
('cb93fccc-2d57-11eb-b88c-227918fa15ea','c506bdcb-2d57-11eb-b88c-227918fa15ea','8e54d196-2d57-11eb-b88c-227918fa15ea','process-model');

/*Table structure for table `ACT_DMN_DATABASECHANGELOG` */

DROP TABLE IF EXISTS `ACT_DMN_DATABASECHANGELOG`;

CREATE TABLE `ACT_DMN_DATABASECHANGELOG` (
  `ID` varchar(255) NOT NULL,
  `AUTHOR` varchar(255) NOT NULL,
  `FILENAME` varchar(255) NOT NULL,
  `DATEEXECUTED` datetime NOT NULL,
  `ORDEREXECUTED` int NOT NULL,
  `EXECTYPE` varchar(10) NOT NULL,
  `MD5SUM` varchar(35) DEFAULT NULL,
  `DESCRIPTION` varchar(255) DEFAULT NULL,
  `COMMENTS` varchar(255) DEFAULT NULL,
  `TAG` varchar(255) DEFAULT NULL,
  `LIQUIBASE` varchar(20) DEFAULT NULL,
  `CONTEXTS` varchar(255) DEFAULT NULL,
  `LABELS` varchar(255) DEFAULT NULL,
  `DEPLOYMENT_ID` varchar(10) DEFAULT NULL
) ENGINE=InnoDB DEFAULT CHARSET=utf8mb4 COLLATE=utf8mb4_0900_ai_ci;

/*Data for the table `ACT_DMN_DATABASECHANGELOG` */

insert  into `ACT_DMN_DATABASECHANGELOG`(`ID`,`AUTHOR`,`FILENAME`,`DATEEXECUTED`,`ORDEREXECUTED`,`EXECTYPE`,`MD5SUM`,`DESCRIPTION`,`COMMENTS`,`TAG`,`LIQUIBASE`,`CONTEXTS`,`LABELS`,`DEPLOYMENT_ID`) values 
('1','activiti','org/flowable/dmn/db/liquibase/flowable-dmn-db-changelog.xml','2020-11-20 09:29:31',1,'EXECUTED','8:c8701f1c71018b55029f450b2e9a10a1','createTable tableName=ACT_DMN_DEPLOYMENT; createTable tableName=ACT_DMN_DEPLOYMENT_RESOURCE; createTable tableName=ACT_DMN_DECISION_TABLE','',NULL,'3.10.3',NULL,NULL,'5835773114'),
('2','flowable','org/flowable/dmn/db/liquibase/flowable-dmn-db-changelog.xml','2020-11-20 09:29:31',2,'EXECUTED','8:47f94b27feb7df8a30d4e338c7bd5fb8','createTable tableName=ACT_DMN_HI_DECISION_EXECUTION','',NULL,'3.10.3',NULL,NULL,'5835773114'),
('3','flowable','org/flowable/dmn/db/liquibase/flowable-dmn-db-changelog.xml','2020-11-20 09:29:31',3,'EXECUTED','8:ac17eae89fbdccb6e08daf3c7797b579','addColumn tableName=ACT_DMN_HI_DECISION_EXECUTION','',NULL,'3.10.3',NULL,NULL,'5835773114'),
('4','flowable','org/flowable/dmn/db/liquibase/flowable-dmn-db-changelog.xml','2020-11-20 09:29:31',4,'EXECUTED','8:f73aabc4529e7292c2942073d1cff6f9','dropColumn columnName=PARENT_DEPLOYMENT_ID_, tableName=ACT_DMN_DECISION_TABLE','',NULL,'3.10.3',NULL,NULL,'5835773114'),
('5','flowable','org/flowable/dmn/db/liquibase/flowable-dmn-db-changelog.xml','2020-11-20 09:29:31',5,'EXECUTED','8:3e03528582dd4eeb4eb41f9b9539140d','modifyDataType columnName=DEPLOY_TIME_, tableName=ACT_DMN_DEPLOYMENT; modifyDataType columnName=START_TIME_, tableName=ACT_DMN_HI_DECISION_EXECUTION; modifyDataType columnName=END_TIME_, tableName=ACT_DMN_HI_DECISION_EXECUTION','',NULL,'3.10.3',NULL,NULL,'5835773114'),
('6','flowable','org/flowable/dmn/db/liquibase/flowable-dmn-db-changelog.xml','2020-11-20 09:29:31',6,'EXECUTED','8:646c6a061e0b6e8a62e69844ff96abb0','createIndex indexName=ACT_IDX_DEC_TBL_UNIQ, tableName=ACT_DMN_DECISION_TABLE','',NULL,'3.10.3',NULL,NULL,'5835773114'),
('7','flowable','org/flowable/dmn/db/liquibase/flowable-dmn-db-changelog.xml','2020-11-20 09:29:32',7,'EXECUTED','8:215a499ff7ae77685b55355245b8b708','dropIndex indexName=ACT_IDX_DEC_TBL_UNIQ, tableName=ACT_DMN_DECISION_TABLE; renameTable newTableName=ACT_DMN_DECISION, oldTableName=ACT_DMN_DECISION_TABLE; createIndex indexName=ACT_IDX_DMN_DEC_UNIQ, tableName=ACT_DMN_DECISION','',NULL,'3.10.3',NULL,NULL,'5835773114'),
('8','flowable','org/flowable/dmn/db/liquibase/flowable-dmn-db-changelog.xml','2020-11-20 09:29:32',8,'EXECUTED','8:5355bee389318afed91a11702f2df032','addColumn tableName=ACT_DMN_DECISION','',NULL,'3.10.3',NULL,NULL,'5835773114');

/*Table structure for table `ACT_DMN_DATABASECHANGELOGLOCK` */

DROP TABLE IF EXISTS `ACT_DMN_DATABASECHANGELOGLOCK`;

CREATE TABLE `ACT_DMN_DATABASECHANGELOGLOCK` (
  `ID` int NOT NULL,
  `LOCKED` bit(1) NOT NULL,
  `LOCKGRANTED` datetime DEFAULT NULL,
  `LOCKEDBY` varchar(255) DEFAULT NULL,
  PRIMARY KEY (`ID`)
) ENGINE=InnoDB DEFAULT CHARSET=utf8mb4 COLLATE=utf8mb4_0900_ai_ci;

/*Data for the table `ACT_DMN_DATABASECHANGELOGLOCK` */

insert  into `ACT_DMN_DATABASECHANGELOGLOCK`(`ID`,`LOCKED`,`LOCKGRANTED`,`LOCKEDBY`) values 
(1,'\0',NULL,NULL);

/*Table structure for table `ACT_DMN_DECISION` */

DROP TABLE IF EXISTS `ACT_DMN_DECISION`;

CREATE TABLE `ACT_DMN_DECISION` (
  `ID_` varchar(255) NOT NULL,
  `NAME_` varchar(255) DEFAULT NULL,
  `VERSION_` int DEFAULT NULL,
  `KEY_` varchar(255) DEFAULT NULL,
  `CATEGORY_` varchar(255) DEFAULT NULL,
  `DEPLOYMENT_ID_` varchar(255) DEFAULT NULL,
  `TENANT_ID_` varchar(255) DEFAULT NULL,
  `RESOURCE_NAME_` varchar(255) DEFAULT NULL,
  `DESCRIPTION_` varchar(255) DEFAULT NULL,
  `DECISION_TYPE_` varchar(255) DEFAULT NULL,
  PRIMARY KEY (`ID_`),
  UNIQUE KEY `ACT_IDX_DMN_DEC_UNIQ` (`KEY_`,`VERSION_`,`TENANT_ID_`)
) ENGINE=InnoDB DEFAULT CHARSET=utf8mb4 COLLATE=utf8mb4_0900_ai_ci;

/*Data for the table `ACT_DMN_DECISION` */

/*Table structure for table `ACT_DMN_DEPLOYMENT` */

DROP TABLE IF EXISTS `ACT_DMN_DEPLOYMENT`;

CREATE TABLE `ACT_DMN_DEPLOYMENT` (
  `ID_` varchar(255) NOT NULL,
  `NAME_` varchar(255) DEFAULT NULL,
  `CATEGORY_` varchar(255) DEFAULT NULL,
  `DEPLOY_TIME_` datetime(3) DEFAULT NULL,
  `TENANT_ID_` varchar(255) DEFAULT NULL,
  `PARENT_DEPLOYMENT_ID_` varchar(255) DEFAULT NULL,
  PRIMARY KEY (`ID_`)
) ENGINE=InnoDB DEFAULT CHARSET=utf8mb4 COLLATE=utf8mb4_0900_ai_ci;

/*Data for the table `ACT_DMN_DEPLOYMENT` */

/*Table structure for table `ACT_DMN_DEPLOYMENT_RESOURCE` */

DROP TABLE IF EXISTS `ACT_DMN_DEPLOYMENT_RESOURCE`;

CREATE TABLE `ACT_DMN_DEPLOYMENT_RESOURCE` (
  `ID_` varchar(255) NOT NULL,
  `NAME_` varchar(255) DEFAULT NULL,
  `DEPLOYMENT_ID_` varchar(255) DEFAULT NULL,
  `RESOURCE_BYTES_` longblob,
  PRIMARY KEY (`ID_`)
) ENGINE=InnoDB DEFAULT CHARSET=utf8mb4 COLLATE=utf8mb4_0900_ai_ci;

/*Data for the table `ACT_DMN_DEPLOYMENT_RESOURCE` */

/*Table structure for table `ACT_DMN_HI_DECISION_EXECUTION` */

DROP TABLE IF EXISTS `ACT_DMN_HI_DECISION_EXECUTION`;

CREATE TABLE `ACT_DMN_HI_DECISION_EXECUTION` (
  `ID_` varchar(255) NOT NULL,
  `DECISION_DEFINITION_ID_` varchar(255) DEFAULT NULL,
  `DEPLOYMENT_ID_` varchar(255) DEFAULT NULL,
  `START_TIME_` datetime(3) DEFAULT NULL,
  `END_TIME_` datetime(3) DEFAULT NULL,
  `INSTANCE_ID_` varchar(255) DEFAULT NULL,
  `EXECUTION_ID_` varchar(255) DEFAULT NULL,
  `ACTIVITY_ID_` varchar(255) DEFAULT NULL,
  `FAILED_` bit(1) DEFAULT b'0',
  `TENANT_ID_` varchar(255) DEFAULT NULL,
  `EXECUTION_JSON_` longtext,
  `SCOPE_TYPE_` varchar(255) DEFAULT NULL,
  PRIMARY KEY (`ID_`)
) ENGINE=InnoDB DEFAULT CHARSET=utf8mb4 COLLATE=utf8mb4_0900_ai_ci;

/*Data for the table `ACT_DMN_HI_DECISION_EXECUTION` */

/*Table structure for table `ACT_EVT_LOG` */

DROP TABLE IF EXISTS `ACT_EVT_LOG`;

CREATE TABLE `ACT_EVT_LOG` (
  `LOG_NR_` bigint NOT NULL AUTO_INCREMENT,
  `TYPE_` varchar(64) COLLATE utf8_bin DEFAULT NULL,
  `PROC_DEF_ID_` varchar(64) COLLATE utf8_bin DEFAULT NULL,
  `PROC_INST_ID_` varchar(64) COLLATE utf8_bin DEFAULT NULL,
  `EXECUTION_ID_` varchar(64) COLLATE utf8_bin DEFAULT NULL,
  `TASK_ID_` varchar(64) COLLATE utf8_bin DEFAULT NULL,
  `TIME_STAMP_` timestamp(3) NOT NULL,
  `USER_ID_` varchar(255) COLLATE utf8_bin DEFAULT NULL,
  `DATA_` longblob,
  `LOCK_OWNER_` varchar(255) COLLATE utf8_bin DEFAULT NULL,
  `LOCK_TIME_` timestamp(3) NULL DEFAULT NULL,
  `IS_PROCESSED_` tinyint DEFAULT '0',
  PRIMARY KEY (`LOG_NR_`)
) ENGINE=InnoDB DEFAULT CHARSET=utf8 COLLATE=utf8_bin;

/*Data for the table `ACT_EVT_LOG` */

/*Table structure for table `ACT_FO_DATABASECHANGELOG` */

DROP TABLE IF EXISTS `ACT_FO_DATABASECHANGELOG`;

CREATE TABLE `ACT_FO_DATABASECHANGELOG` (
  `ID` varchar(255) NOT NULL,
  `AUTHOR` varchar(255) NOT NULL,
  `FILENAME` varchar(255) NOT NULL,
  `DATEEXECUTED` datetime NOT NULL,
  `ORDEREXECUTED` int NOT NULL,
  `EXECTYPE` varchar(10) NOT NULL,
  `MD5SUM` varchar(35) DEFAULT NULL,
  `DESCRIPTION` varchar(255) DEFAULT NULL,
  `COMMENTS` varchar(255) DEFAULT NULL,
  `TAG` varchar(255) DEFAULT NULL,
  `LIQUIBASE` varchar(20) DEFAULT NULL,
  `CONTEXTS` varchar(255) DEFAULT NULL,
  `LABELS` varchar(255) DEFAULT NULL,
  `DEPLOYMENT_ID` varchar(10) DEFAULT NULL
) ENGINE=InnoDB DEFAULT CHARSET=utf8mb4 COLLATE=utf8mb4_0900_ai_ci;

/*Data for the table `ACT_FO_DATABASECHANGELOG` */

insert  into `ACT_FO_DATABASECHANGELOG`(`ID`,`AUTHOR`,`FILENAME`,`DATEEXECUTED`,`ORDEREXECUTED`,`EXECTYPE`,`MD5SUM`,`DESCRIPTION`,`COMMENTS`,`TAG`,`LIQUIBASE`,`CONTEXTS`,`LABELS`,`DEPLOYMENT_ID`) values 
('1','activiti','org/flowable/form/db/liquibase/flowable-form-db-changelog.xml','2020-11-20 09:29:32',1,'EXECUTED','8:033ebf9380889aed7c453927ecc3250d','createTable tableName=ACT_FO_FORM_DEPLOYMENT; createTable tableName=ACT_FO_FORM_RESOURCE; createTable tableName=ACT_FO_FORM_DEFINITION; createTable tableName=ACT_FO_FORM_INSTANCE','',NULL,'3.10.3',NULL,NULL,'5835774074'),
('2','flowable','org/flowable/form/db/liquibase/flowable-form-db-changelog.xml','2020-11-20 09:29:32',2,'EXECUTED','8:986365ceb40445ce3b27a8e6b40f159b','addColumn tableName=ACT_FO_FORM_INSTANCE','',NULL,'3.10.3',NULL,NULL,'5835774074'),
('3','flowable','org/flowable/form/db/liquibase/flowable-form-db-changelog.xml','2020-11-20 09:29:32',3,'EXECUTED','8:abf482518ceb09830ef674e52c06bf15','dropColumn columnName=PARENT_DEPLOYMENT_ID_, tableName=ACT_FO_FORM_DEFINITION','',NULL,'3.10.3',NULL,NULL,'5835774074'),
('4','flowable','org/flowable/form/db/liquibase/flowable-form-db-changelog.xml','2020-11-20 09:29:32',4,'EXECUTED','8:2087829f22a4b2298dbf530681c74854','modifyDataType columnName=DEPLOY_TIME_, tableName=ACT_FO_FORM_DEPLOYMENT; modifyDataType columnName=SUBMITTED_DATE_, tableName=ACT_FO_FORM_INSTANCE','',NULL,'3.10.3',NULL,NULL,'5835774074'),
('5','flowable','org/flowable/form/db/liquibase/flowable-form-db-changelog.xml','2020-11-20 09:29:32',5,'EXECUTED','8:b4be732b89e5ca028bdd520c6ad4d446','createIndex indexName=ACT_IDX_FORM_DEF_UNIQ, tableName=ACT_FO_FORM_DEFINITION','',NULL,'3.10.3',NULL,NULL,'5835774074');

/*Table structure for table `ACT_FO_DATABASECHANGELOGLOCK` */

DROP TABLE IF EXISTS `ACT_FO_DATABASECHANGELOGLOCK`;

CREATE TABLE `ACT_FO_DATABASECHANGELOGLOCK` (
  `ID` int NOT NULL,
  `LOCKED` bit(1) NOT NULL,
  `LOCKGRANTED` datetime DEFAULT NULL,
  `LOCKEDBY` varchar(255) DEFAULT NULL,
  PRIMARY KEY (`ID`)
) ENGINE=InnoDB DEFAULT CHARSET=utf8mb4 COLLATE=utf8mb4_0900_ai_ci;

/*Data for the table `ACT_FO_DATABASECHANGELOGLOCK` */

insert  into `ACT_FO_DATABASECHANGELOGLOCK`(`ID`,`LOCKED`,`LOCKGRANTED`,`LOCKEDBY`) values 
(1,'\0',NULL,NULL);

/*Table structure for table `ACT_FO_FORM_DEFINITION` */

DROP TABLE IF EXISTS `ACT_FO_FORM_DEFINITION`;

CREATE TABLE `ACT_FO_FORM_DEFINITION` (
  `ID_` varchar(255) NOT NULL,
  `NAME_` varchar(255) DEFAULT NULL,
  `VERSION_` int DEFAULT NULL,
  `KEY_` varchar(255) DEFAULT NULL,
  `CATEGORY_` varchar(255) DEFAULT NULL,
  `DEPLOYMENT_ID_` varchar(255) DEFAULT NULL,
  `TENANT_ID_` varchar(255) DEFAULT NULL,
  `RESOURCE_NAME_` varchar(255) DEFAULT NULL,
  `DESCRIPTION_` varchar(255) DEFAULT NULL,
  PRIMARY KEY (`ID_`),
  UNIQUE KEY `ACT_IDX_FORM_DEF_UNIQ` (`KEY_`,`VERSION_`,`TENANT_ID_`)
) ENGINE=InnoDB DEFAULT CHARSET=utf8mb4 COLLATE=utf8mb4_0900_ai_ci;

/*Data for the table `ACT_FO_FORM_DEFINITION` */

insert  into `ACT_FO_FORM_DEFINITION`(`ID_`,`NAME_`,`VERSION_`,`KEY_`,`CATEGORY_`,`DEPLOYMENT_ID_`,`TENANT_ID_`,`RESOURCE_NAME_`,`DESCRIPTION_`) values 
('0088e735-2e08-11eb-bbd8-227918fa15ea','外出单',7,'out-factory',NULL,'0087d5c3-2e08-11eb-bbd8-227918fa15ea','','form-out-factory.form',NULL),
('070938c0-2fab-11eb-acf0-227918fa15ea','外出单',11,'out-factory',NULL,'0707d92e-2fab-11eb-acf0-227918fa15ea','','form-out-factory.form',NULL),
('0845847d-2fbd-11eb-924a-227918fa15ea','MES需求变更',2,'mes-requirement',NULL,'0844e83b-2fbd-11eb-924a-227918fa15ea','','form-mes-requirement.form',NULL),
('59f9191a-2bc9-11eb-9d15-227918fa15ea','外出单',2,'out-factory',NULL,'59f87cd8-2bc9-11eb-9d15-227918fa15ea','','form-out-factory.form',NULL),
('5c2f560b-2d58-11eb-b88c-227918fa15ea','返廠申請單',1,'rehire-form',NULL,'5c2e1d89-2d58-11eb-b88c-227918fa15ea','','form-rehire-form.form',NULL),
('609153ad-2f83-11eb-bdfc-227918fa15ea','外出单',10,'out-factory',NULL,'6090b76b-2f83-11eb-bdfc-227918fa15ea','','form-out-factory.form',NULL),
('60c5785a-2f82-11eb-bdfc-227918fa15ea','外出单',9,'out-factory',NULL,'60c3caa8-2f82-11eb-bdfc-227918fa15ea','','form-out-factory.form',NULL),
('67920b38-2bc8-11eb-9d15-227918fa15ea','外出单',1,'out-factory',NULL,'67900f66-2bc8-11eb-9d15-227918fa15ea','','form-out-factory.form',NULL),
('6ddf1c61-2e03-11eb-8edb-227918fa15ea','外出单',5,'out-factory',NULL,'6ddd479f-2e03-11eb-8edb-227918fa15ea','','form-out-factory.form',NULL),
('788a67e7-2fb3-11eb-a9f3-227918fa15ea','外出单',12,'out-factory',NULL,'78892f65-2fb3-11eb-a9f3-227918fa15ea','','form-out-factory.form',NULL),
('78ad806f-2e06-11eb-84ba-227918fa15ea','外出单',6,'out-factory',NULL,'78ace42d-2e06-11eb-84ba-227918fa15ea','','form-out-factory.form',NULL),
('9ca919f3-2d55-11eb-b88c-227918fa15ea','MES需求变更',1,'mes-requirement',NULL,'9ca87db1-2d55-11eb-b88c-227918fa15ea','','form-mes-requirement.form',NULL),
('9fd471e0-2e0b-11eb-b42b-227918fa15ea','外出单',8,'out-factory',NULL,'9fd29d1e-2e0b-11eb-b42b-227918fa15ea','','form-out-factory.form',NULL),
('a68f29ea-2e00-11eb-8699-227918fa15ea','外出单',4,'out-factory',NULL,'a68df168-2e00-11eb-8699-227918fa15ea','','form-out-factory.form',NULL),
('a867e325-2d56-11eb-b88c-227918fa15ea','联络单',1,'liaison',NULL,'a86746e3-2d56-11eb-b88c-227918fa15ea','','form-liaison.form',NULL),
('b2c09e43-2fc6-11eb-8a65-227918fa15ea','MES需求变更',3,'mes-requirement',NULL,'b2bef091-2fc6-11eb-8a65-227918fa15ea','','form-mes-requirement.form',NULL),
('ceab9d19-2d57-11eb-b88c-227918fa15ea','FI厂商代码申请单',1,'vendor-code-request-form',NULL,'ceaa8ba7-2d57-11eb-b88c-227918fa15ea','','form-vendor-code-request-form.form',NULL),
('fcf6a4eb-2bcb-11eb-9e90-227918fa15ea','外出单',3,'out-factory',NULL,'fcf5e199-2bcb-11eb-9e90-227918fa15ea','','form-out-factory.form',NULL);

/*Table structure for table `ACT_FO_FORM_DEPLOYMENT` */

DROP TABLE IF EXISTS `ACT_FO_FORM_DEPLOYMENT`;

CREATE TABLE `ACT_FO_FORM_DEPLOYMENT` (
  `ID_` varchar(255) NOT NULL,
  `NAME_` varchar(255) DEFAULT NULL,
  `CATEGORY_` varchar(255) DEFAULT NULL,
  `DEPLOY_TIME_` datetime(3) DEFAULT NULL,
  `TENANT_ID_` varchar(255) DEFAULT NULL,
  `PARENT_DEPLOYMENT_ID_` varchar(255) DEFAULT NULL,
  PRIMARY KEY (`ID_`)
) ENGINE=InnoDB DEFAULT CHARSET=utf8mb4 COLLATE=utf8mb4_0900_ai_ci;

/*Data for the table `ACT_FO_FORM_DEPLOYMENT` */

insert  into `ACT_FO_FORM_DEPLOYMENT`(`ID_`,`NAME_`,`CATEGORY_`,`DEPLOY_TIME_`,`TENANT_ID_`,`PARENT_DEPLOYMENT_ID_`) values 
('0087d5c3-2e08-11eb-bbd8-227918fa15ea','外出单',NULL,'2020-11-23 21:49:06.845','','0020fd9a-2e08-11eb-bbd8-227918fa15ea'),
('0707d92e-2fab-11eb-acf0-227918fa15ea','外出单',NULL,'2020-11-25 23:48:36.880','','06a8f045-2fab-11eb-acf0-227918fa15ea'),
('0844e83b-2fbd-11eb-924a-227918fa15ea','MES需求变更',NULL,'2020-11-26 01:57:29.899','','07bd8fc2-2fbd-11eb-924a-227918fa15ea'),
('59f87cd8-2bc9-11eb-9d15-227918fa15ea','外出单',NULL,'2020-11-21 01:15:36.281','','59d4c82f-2bc9-11eb-9d15-227918fa15ea'),
('5c2e1d89-2d58-11eb-b88c-227918fa15ea','返廠申請單',NULL,'2020-11-23 00:51:49.183','','5c0ab700-2d58-11eb-b88c-227918fa15ea'),
('6090b76b-2f83-11eb-bdfc-227918fa15ea','外出单',NULL,'2020-11-25 19:04:47.225','','60198b92-2f83-11eb-bdfc-227918fa15ea'),
('60c3caa8-2f82-11eb-bdfc-227918fa15ea','外出单',NULL,'2020-11-25 18:57:38.063','','5f2e849f-2f82-11eb-bdfc-227918fa15ea'),
('67900f66-2bc8-11eb-9d15-227918fa15ea','外出单',NULL,'2020-11-21 01:08:49.588','','6747bbbd-2bc8-11eb-9d15-227918fa15ea'),
('6ddd479f-2e03-11eb-8edb-227918fa15ea','外出单',NULL,'2020-11-23 21:16:22.793','','6d8b08e6-2e03-11eb-8edb-227918fa15ea'),
('78892f65-2fb3-11eb-a9f3-227918fa15ea','外出单',NULL,'2020-11-26 00:49:03.284','','782898cc-2fb3-11eb-a9f3-227918fa15ea'),
('78ace42d-2e06-11eb-84ba-227918fa15ea','外出单',NULL,'2020-11-23 21:38:09.421','','784ff714-2e06-11eb-84ba-227918fa15ea'),
('9ca87db1-2d55-11eb-b88c-227918fa15ea','MES需求变更',NULL,'2020-11-23 00:32:08.869','','9c6707d8-2d55-11eb-b88c-227918fa15ea'),
('9fd29d1e-2e0b-11eb-b42b-227918fa15ea','外出单',NULL,'2020-11-23 22:15:02.583','','9f3105e5-2e0b-11eb-b42b-227918fa15ea'),
('a68df168-2e00-11eb-8699-227918fa15ea','外出单',NULL,'2020-11-23 20:56:29.413','','a6360d5f-2e00-11eb-8699-227918fa15ea'),
('a86746e3-2d56-11eb-b88c-227918fa15ea','联络单',NULL,'2020-11-23 00:39:38.071','','a83efe5a-2d56-11eb-b88c-227918fa15ea'),
('b2bef091-2fc6-11eb-8a65-227918fa15ea','MES需求变更',NULL,'2020-11-26 03:06:41.382','','b220dbc8-2fc6-11eb-8a65-227918fa15ea'),
('ceaa8ba7-2d57-11eb-b88c-227918fa15ea','FI厂商代码申请单',NULL,'2020-11-23 00:47:51.762','','ce8661ce-2d57-11eb-b88c-227918fa15ea'),
('fcf5e199-2bcb-11eb-9e90-227918fa15ea','外出单',NULL,'2020-11-21 01:34:28.726','','fcbc33f0-2bcb-11eb-9e90-227918fa15ea');

/*Table structure for table `ACT_FO_FORM_INSTANCE` */

DROP TABLE IF EXISTS `ACT_FO_FORM_INSTANCE`;

CREATE TABLE `ACT_FO_FORM_INSTANCE` (
  `ID_` varchar(255) NOT NULL,
  `FORM_DEFINITION_ID_` varchar(255) NOT NULL,
  `TASK_ID_` varchar(255) DEFAULT NULL,
  `PROC_INST_ID_` varchar(255) DEFAULT NULL,
  `PROC_DEF_ID_` varchar(255) DEFAULT NULL,
  `SUBMITTED_DATE_` datetime(3) DEFAULT NULL,
  `SUBMITTED_BY_` varchar(255) DEFAULT NULL,
  `FORM_VALUES_ID_` varchar(255) DEFAULT NULL,
  `TENANT_ID_` varchar(255) DEFAULT NULL,
  `SCOPE_ID_` varchar(255) DEFAULT NULL,
  `SCOPE_TYPE_` varchar(255) DEFAULT NULL,
  `SCOPE_DEFINITION_ID_` varchar(255) DEFAULT NULL,
  PRIMARY KEY (`ID_`)
) ENGINE=InnoDB DEFAULT CHARSET=utf8mb4 COLLATE=utf8mb4_0900_ai_ci;

/*Data for the table `ACT_FO_FORM_INSTANCE` */

insert  into `ACT_FO_FORM_INSTANCE`(`ID_`,`FORM_DEFINITION_ID_`,`TASK_ID_`,`PROC_INST_ID_`,`PROC_DEF_ID_`,`SUBMITTED_DATE_`,`SUBMITTED_BY_`,`FORM_VALUES_ID_`,`TENANT_ID_`,`SCOPE_ID_`,`SCOPE_TYPE_`,`SCOPE_DEFINITION_ID_`) values 
('126e0a52-2fcb-11eb-8fff-227918fa15ea','788a67e7-2fb3-11eb-a9f3-227918fa15ea',NULL,'0b91e7f6-2fcb-11eb-8fff-227918fa15ea','out-factory:13:788781b4-2fb3-11eb-a9f3-227918fa15ea','2020-11-26 03:37:59.900','user','126e0a51-2fcb-11eb-8fff-227918fa15ea','',NULL,NULL,NULL),
('138ed185-2f83-11eb-bdfc-227918fa15ea','60c5785a-2f82-11eb-bdfc-227918fa15ea',NULL,'138e353b-2f83-11eb-bdfc-227918fa15ea','out-factory:10:60b60f07-2f82-11eb-bdfc-227918fa15ea','2020-11-25 19:02:38.028','manager','138ed184-2f83-11eb-bdfc-227918fa15ea','',NULL,NULL,NULL),
('2640630b-2fb2-11eb-9226-227918fa15ea','070938c0-2fab-11eb-acf0-227918fa15ea',NULL,'21ee6dff-2fb2-11eb-9226-227918fa15ea','out-factory:12:0703936d-2fab-11eb-acf0-227918fa15ea','2020-11-26 00:39:35.737','user','2640630a-2fb2-11eb-9226-227918fa15ea','',NULL,NULL,NULL),
('273d3d8d-2fab-11eb-acf0-227918fa15ea','070938c0-2fab-11eb-acf0-227918fa15ea',NULL,'27388291-2fab-11eb-acf0-227918fa15ea','out-factory:12:0703936d-2fab-11eb-acf0-227918fa15ea','2020-11-25 23:49:30.917','user','273d3d8c-2fab-11eb-acf0-227918fa15ea','',NULL,NULL,NULL),
('29c38bba-2fb1-11eb-9226-227918fa15ea','9ca919f3-2d55-11eb-b88c-227918fa15ea',NULL,'29c33d91-2fb1-11eb-9226-227918fa15ea','mes-requirement:1:9ca6d000-2d55-11eb-b88c-227918fa15ea','2020-11-26 00:32:32.132','user','29c38bb9-2fb1-11eb-9226-227918fa15ea','',NULL,NULL,NULL),
('2c28c842-2f88-11eb-a96f-227918fa15ea','60c5785a-2f82-11eb-bdfc-227918fa15ea','13938c78-2f83-11eb-bdfc-227918fa15ea','138e353b-2f83-11eb-bdfc-227918fa15ea','out-factory:10:60b60f07-2f82-11eb-bdfc-227918fa15ea','2020-11-25 19:39:06.786','manager','2c28c841-2f88-11eb-a96f-227918fa15ea','',NULL,NULL,NULL),
('2fc1cf6b-2fc7-11eb-ac51-227918fa15ea','b2c09e43-2fc6-11eb-8a65-227918fa15ea',NULL,'2fbdb0ae-2fc7-11eb-ac51-227918fa15ea','mes-requirement:3:b2bb2000-2fc6-11eb-8a65-227918fa15ea','2020-11-26 03:10:11.113','user','2fc1cf6a-2fc7-11eb-ac51-227918fa15ea','',NULL,NULL,NULL),
('3156e01f-2df0-11eb-a430-227918fa15ea','fcf6a4eb-2bcb-11eb-9e90-227918fa15ea',NULL,'315420f7-2df0-11eb-a430-227918fa15ea','out-factory:4:2d2b9dca-2d3d-11eb-a3a6-227918fa15ea','2020-11-23 18:58:40.809','admin','3156e01e-2df0-11eb-a430-227918fa15ea','',NULL,NULL,NULL),
('36e6b1a8-2fb0-11eb-9226-227918fa15ea','070938c0-2fab-11eb-acf0-227918fa15ea',NULL,'057d014c-2fb0-11eb-9226-227918fa15ea','out-factory:12:0703936d-2fab-11eb-acf0-227918fa15ea','2020-11-26 00:25:44.677','user','36e6b1a7-2fb0-11eb-9226-227918fa15ea','',NULL,NULL,NULL),
('3abd3c18-2e00-11eb-8699-227918fa15ea','fcf6a4eb-2bcb-11eb-9e90-227918fa15ea',NULL,'3abb6750-2e00-11eb-8699-227918fa15ea','out-factory:4:2d2b9dca-2d3d-11eb-a3a6-227918fa15ea','2020-11-23 20:53:28.528','admin','3abd3c17-2e00-11eb-8699-227918fa15ea','',NULL,NULL,NULL),
('3b44e6ce-2e04-11eb-8e8e-227918fa15ea','6ddf1c61-2e03-11eb-8edb-227918fa15ea',NULL,'3b4275c5-2e04-11eb-8e8e-227918fa15ea','out-factory:6:6dda616e-2e03-11eb-8edb-227918fa15ea','2020-11-23 21:22:07.401','admin','3b44e6cd-2e04-11eb-8e8e-227918fa15ea','',NULL,NULL,NULL),
('40d81cfa-2dfe-11eb-b3f3-227918fa15ea','fcf6a4eb-2bcb-11eb-9e90-227918fa15ea',NULL,'40d64832-2dfe-11eb-b3f3-227918fa15ea','out-factory:4:2d2b9dca-2d3d-11eb-a3a6-227918fa15ea','2020-11-23 20:39:19.778','admin','40d81cf9-2dfe-11eb-b3f3-227918fa15ea','',NULL,NULL,NULL),
('4b9a5cbc-2f87-11eb-a96f-227918fa15ea','609153ad-2f83-11eb-bdfc-227918fa15ea','90d9dc9a-2f83-11eb-bdfc-227918fa15ea','90d9dc8e-2f83-11eb-bdfc-227918fa15ea','out-factory:11:60901b2a-2f83-11eb-bdfc-227918fa15ea','2020-11-25 19:32:50.035','manager','4b9a5cbb-2f87-11eb-a96f-227918fa15ea','',NULL,NULL,NULL),
('5007eab0-2fc9-11eb-813b-227918fa15ea','788a67e7-2fb3-11eb-a9f3-227918fa15ea',NULL,'4cd3e8c4-2fc9-11eb-813b-227918fa15ea','out-factory:13:788781b4-2fb3-11eb-a9f3-227918fa15ea','2020-11-26 03:25:24.256','user','5007eaaf-2fc9-11eb-813b-227918fa15ea','',NULL,NULL,NULL),
('553fbc20-2f88-11eb-aa23-227918fa15ea','609153ad-2f83-11eb-bdfc-227918fa15ea',NULL,'553dc044-2f88-11eb-aa23-227918fa15ea','out-factory:11:60901b2a-2f83-11eb-bdfc-227918fa15ea','2020-11-25 19:40:15.720','manager','553fbc1f-2f88-11eb-aa23-227918fa15ea','',NULL,NULL,NULL),
('5e54faa8-2f87-11eb-a96f-227918fa15ea','9fd471e0-2e0b-11eb-b42b-227918fa15ea','f88621fd-2e0b-11eb-b5e4-227918fa15ea','f87e80cb-2e0b-11eb-b5e4-227918fa15ea','out-factory:9:9fcde22d-2e0b-11eb-b42b-227918fa15ea','2020-11-25 19:33:21.464','manager','5e54faa7-2f87-11eb-a96f-227918fa15ea','',NULL,NULL,NULL),
('6760f3da-2bc9-11eb-9d15-227918fa15ea','59f9191a-2bc9-11eb-9d15-227918fa15ea',NULL,'6760ccc1-2bc9-11eb-9d15-227918fa15ea','out-factory:2:59f74457-2bc9-11eb-9d15-227918fa15ea','2020-11-21 01:15:58.776','admin','6760f3d9-2bc9-11eb-9d15-227918fa15ea','',NULL,NULL,NULL),
('676909bd-2df0-11eb-9bca-227918fa15ea','fcf6a4eb-2bcb-11eb-9e90-227918fa15ea',NULL,'676671a5-2df0-11eb-9bca-227918fa15ea','out-factory:4:2d2b9dca-2d3d-11eb-a3a6-227918fa15ea','2020-11-23 19:00:11.524','admin','676909bc-2df0-11eb-9bca-227918fa15ea','',NULL,NULL,NULL),
('74d0a570-2fbc-11eb-924a-227918fa15ea','9ca919f3-2d55-11eb-b88c-227918fa15ea',NULL,'74ced0a7-2fbc-11eb-924a-227918fa15ea','mes-requirement:1:9ca6d000-2d55-11eb-b88c-227918fa15ea','2020-11-26 01:53:22.510','user','74d0a56f-2fbc-11eb-924a-227918fa15ea','',NULL,NULL,NULL),
('7bb91f73-2bca-11eb-9e90-227918fa15ea','59f9191a-2bc9-11eb-9d15-227918fa15ea',NULL,'7bb6d57a-2bca-11eb-9e90-227918fa15ea','out-factory:2:59f74457-2bc9-11eb-9d15-227918fa15ea','2020-11-21 01:23:42.404','admin','7bb91f72-2bca-11eb-9e90-227918fa15ea','',NULL,NULL,NULL),
('870b89b5-2f88-11eb-aa23-227918fa15ea','609153ad-2f83-11eb-bdfc-227918fa15ea',NULL,'870b6299-2f88-11eb-aa23-227918fa15ea','out-factory:11:60901b2a-2f83-11eb-bdfc-227918fa15ea','2020-11-25 19:41:39.266','user','870b62a4-2f88-11eb-aa23-227918fa15ea','',NULL,NULL,NULL),
('8b166531-2fc7-11eb-b181-227918fa15ea','b2c09e43-2fc6-11eb-8a65-227918fa15ea',NULL,'8b124674-2fc7-11eb-b181-227918fa15ea','mes-requirement:3:b2bb2000-2fc6-11eb-8a65-227918fa15ea','2020-11-26 03:12:44.340','user','8b166530-2fc7-11eb-b181-227918fa15ea','',NULL,NULL,NULL),
('90d9dc97-2f83-11eb-bdfc-227918fa15ea','609153ad-2f83-11eb-bdfc-227918fa15ea',NULL,'90d9dc8e-2f83-11eb-bdfc-227918fa15ea','out-factory:11:60901b2a-2f83-11eb-bdfc-227918fa15ea','2020-11-25 19:06:08.235','manager','90d9dc96-2f83-11eb-bdfc-227918fa15ea','',NULL,NULL,NULL),
('95c0ec85-2fca-11eb-97fd-227918fa15ea','b2c09e43-2fc6-11eb-8a65-227918fa15ea',NULL,'95bb6f38-2fca-11eb-97fd-227918fa15ea','mes-requirement:3:b2bb2000-2fc6-11eb-8a65-227918fa15ea','2020-11-26 03:34:30.725','user','95c0c574-2fca-11eb-97fd-227918fa15ea','',NULL,NULL,NULL),
('962a05de-2f8e-11eb-a740-227918fa15ea','609153ad-2f83-11eb-bdfc-227918fa15ea','9a7ccd74-2f88-11eb-aa23-227918fa15ea','870b6299-2f88-11eb-aa23-227918fa15ea','out-factory:11:60901b2a-2f83-11eb-bdfc-227918fa15ea','2020-11-25 20:25:01.610','user','962a05dd-2f8e-11eb-a740-227918fa15ea','',NULL,NULL,NULL),
('9fe9c24c-2df0-11eb-8e96-227918fa15ea','fcf6a4eb-2bcb-11eb-9e90-227918fa15ea',NULL,'9fe72a34-2df0-11eb-8e96-227918fa15ea','out-factory:4:2d2b9dca-2d3d-11eb-a3a6-227918fa15ea','2020-11-23 19:01:46.320','admin','9fe9c24b-2df0-11eb-8e96-227918fa15ea','',NULL,NULL,NULL),
('a2c783c2-2bc8-11eb-9d15-227918fa15ea','67920b38-2bc8-11eb-9d15-227918fa15ea',NULL,'a2c512b9-2bc8-11eb-9d15-227918fa15ea','out-factory:1:678dc575-2bc8-11eb-9d15-227918fa15ea','2020-11-21 01:10:28.936','admin','a2c783c1-2bc8-11eb-9d15-227918fa15ea','',NULL,NULL,NULL),
('a34a1049-2f93-11eb-9d05-227918fa15ea','609153ad-2f83-11eb-bdfc-227918fa15ea','854bfe55-2f93-11eb-9d05-227918fa15ea','c44b3049-2f90-11eb-9d05-227918fa15ea','out-factory:11:60901b2a-2f83-11eb-bdfc-227918fa15ea','2020-11-25 21:01:11.116','user','a34a1048-2f93-11eb-9d05-227918fa15ea','',NULL,NULL,NULL),
('a4411eee-2e04-11eb-b39c-227918fa15ea','6ddf1c61-2e03-11eb-8edb-227918fa15ea',NULL,'a43e38b5-2e04-11eb-b39c-227918fa15ea','out-factory:6:6dda616e-2e03-11eb-8edb-227918fa15ea','2020-11-23 21:25:03.538','admin','a4411eed-2e04-11eb-b39c-227918fa15ea','',NULL,NULL,NULL),
('aae1d357-2f8e-11eb-a740-227918fa15ea','609153ad-2f83-11eb-bdfc-227918fa15ea','966ba2c2-2f8e-11eb-a740-227918fa15ea','870b6299-2f88-11eb-aa23-227918fa15ea','out-factory:11:60901b2a-2f83-11eb-bdfc-227918fa15ea','2020-11-25 20:25:36.372','manager','aae1d356-2f8e-11eb-a740-227918fa15ea','',NULL,NULL,NULL),
('af1467a2-2f93-11eb-9d05-227918fa15ea','609153ad-2f83-11eb-bdfc-227918fa15ea','a34cf67d-2f93-11eb-9d05-227918fa15ea','c44b3049-2f90-11eb-9d05-227918fa15ea','out-factory:11:60901b2a-2f83-11eb-bdfc-227918fa15ea','2020-11-25 21:01:30.898','manager','af1467a1-2f93-11eb-9d05-227918fa15ea','',NULL,NULL,NULL),
('b01fe4f4-2e00-11eb-8699-227918fa15ea','a867e325-2d56-11eb-b88c-227918fa15ea',NULL,'b01f48ab-2e00-11eb-8699-227918fa15ea','liaison:1:a866aaa2-2d56-11eb-b88c-227918fa15ea','2020-11-23 20:56:45.469','admin','b01fe4f3-2e00-11eb-8699-227918fa15ea','',NULL,NULL,NULL),
('c44da155-2f90-11eb-9d05-227918fa15ea','609153ad-2f83-11eb-bdfc-227918fa15ea',NULL,'c44b3049-2f90-11eb-9d05-227918fa15ea','out-factory:11:60901b2a-2f83-11eb-bdfc-227918fa15ea','2020-11-25 20:40:38.011','user','c44da154-2f90-11eb-9d05-227918fa15ea','',NULL,NULL,NULL),
('cac01582-2fc9-11eb-8ad3-227918fa15ea','b2c09e43-2fc6-11eb-8a65-227918fa15ea',NULL,'cabb3375-2fc9-11eb-8ad3-227918fa15ea','mes-requirement:3:b2bb2000-2fc6-11eb-8a65-227918fa15ea','2020-11-26 03:28:50.143','user','cac01581-2fc9-11eb-8ad3-227918fa15ea','',NULL,NULL,NULL),
('d5a5f3f9-2d6d-11eb-aadf-227918fa15ea','fcf6a4eb-2bcb-11eb-9e90-227918fa15ea',NULL,'d59fb261-2d6d-11eb-aadf-227918fa15ea','out-factory:4:2d2b9dca-2d3d-11eb-a3a6-227918fa15ea','2020-11-23 03:25:32.398','admin','d5a5f3f8-2d6d-11eb-aadf-227918fa15ea','',NULL,NULL,NULL),
('d805df44-2d4c-11eb-9afa-227918fa15ea','fcf6a4eb-2bcb-11eb-9e90-227918fa15ea',NULL,'d80236bc-2d4c-11eb-9afa-227918fa15ea','out-factory:4:2d2b9dca-2d3d-11eb-a3a6-227918fa15ea','2020-11-22 23:29:22.992','admin','d805df43-2d4c-11eb-9afa-227918fa15ea','',NULL,NULL,NULL),
('df372757-2ef9-11eb-aabd-227918fa15ea','9fd471e0-2e0b-11eb-b42b-227918fa15ea',NULL,'df35046b-2ef9-11eb-aabd-227918fa15ea','out-factory:9:9fcde22d-2e0b-11eb-b42b-227918fa15ea','2020-11-25 02:40:29.159','user','df372756-2ef9-11eb-aabd-227918fa15ea','',NULL,NULL,NULL),
('e1b1e25a-2f81-11eb-bdfc-227918fa15ea','9fd471e0-2e0b-11eb-b42b-227918fa15ea','df3e2c3d-2ef9-11eb-aabd-227918fa15ea','df35046b-2ef9-11eb-aabd-227918fa15ea','out-factory:9:9fcde22d-2e0b-11eb-b42b-227918fa15ea','2020-11-25 18:54:04.871','manager','e1b1e259-2f81-11eb-bdfc-227918fa15ea','',NULL,NULL,NULL),
('e8ef29b1-2fc6-11eb-8a65-227918fa15ea','0845847d-2fbd-11eb-924a-227918fa15ea',NULL,'e8eb3204-2fc6-11eb-8a65-227918fa15ea','mes-requirement:2:0842502a-2fbd-11eb-924a-227918fa15ea','2020-11-26 03:08:12.294','user','e8ef29b0-2fc6-11eb-8a65-227918fa15ea','',NULL,NULL,NULL),
('ea541cad-2fbc-11eb-924a-227918fa15ea','9ca919f3-2d55-11eb-b88c-227918fa15ea',NULL,'ea533244-2fbc-11eb-924a-227918fa15ea','mes-requirement:1:9ca6d000-2d55-11eb-b88c-227918fa15ea','2020-11-26 01:56:39.666','user','ea541cac-2fbc-11eb-924a-227918fa15ea','',NULL,NULL,NULL),
('efe762ef-2fca-11eb-8fff-227918fa15ea','b2c09e43-2fc6-11eb-8a65-227918fa15ea',NULL,'e255b90c-2fca-11eb-8fff-227918fa15ea','mes-requirement:3:b2bb2000-2fc6-11eb-8a65-227918fa15ea','2020-11-26 03:37:01.972','user','efe762ee-2fca-11eb-8fff-227918fa15ea','',NULL,NULL,NULL),
('f26245c3-2e06-11eb-bbd8-227918fa15ea','78ad806f-2e06-11eb-84ba-227918fa15ea',NULL,'f25f869a-2e06-11eb-bbd8-227918fa15ea','out-factory:7:78a9fdfc-2e06-11eb-84ba-227918fa15ea','2020-11-23 21:41:33.611','admin','f26245c2-2e06-11eb-bbd8-227918fa15ea','',NULL,NULL,NULL),
('f7ada92d-2fc8-11eb-813b-227918fa15ea','b2c09e43-2fc6-11eb-8a65-227918fa15ea',NULL,'f7a9b180-2fc8-11eb-813b-227918fa15ea','mes-requirement:3:b2bb2000-2fc6-11eb-8a65-227918fa15ea','2020-11-26 03:22:56.023','user','f7ada92c-2fc8-11eb-813b-227918fa15ea','',NULL,NULL,NULL),
('f880f1d7-2e0b-11eb-b5e4-227918fa15ea','9fd471e0-2e0b-11eb-b42b-227918fa15ea',NULL,'f87e80cb-2e0b-11eb-b5e4-227918fa15ea','out-factory:9:9fcde22d-2e0b-11eb-b42b-227918fa15ea','2020-11-23 22:17:31.361','admin','f880f1d6-2e0b-11eb-b5e4-227918fa15ea','',NULL,NULL,NULL);

/*Table structure for table `ACT_FO_FORM_RESOURCE` */

DROP TABLE IF EXISTS `ACT_FO_FORM_RESOURCE`;

CREATE TABLE `ACT_FO_FORM_RESOURCE` (
  `ID_` varchar(255) NOT NULL,
  `NAME_` varchar(255) DEFAULT NULL,
  `DEPLOYMENT_ID_` varchar(255) DEFAULT NULL,
  `RESOURCE_BYTES_` longblob,
  PRIMARY KEY (`ID_`)
) ENGINE=InnoDB DEFAULT CHARSET=utf8mb4 COLLATE=utf8mb4_0900_ai_ci;

/*Data for the table `ACT_FO_FORM_RESOURCE` */

insert  into `ACT_FO_FORM_RESOURCE`(`ID_`,`NAME_`,`DEPLOYMENT_ID_`,`RESOURCE_BYTES_`) values 
('0087d5c4-2e08-11eb-bbd8-227918fa15ea','form-out-factory.form','0087d5c3-2e08-11eb-bbd8-227918fa15ea','{\"name\":\"外出单\",\"key\":\"out-factory\",\"version\":0,\"fields\":[{\"fieldType\":\"FormField\",\"id\":\"summary\",\"name\":\"主旨\",\"type\":\"text\",\"value\":null,\"required\":true,\"readOnly\":false,\"overrideId\":true,\"placeholder\":\"${summary}\",\"layout\":null},{\"fieldType\":\"FormField\",\"id\":\"empid\",\"name\":\"人员编号\",\"type\":\"integer\",\"value\":null,\"required\":true,\"readOnly\":false,\"overrideId\":true,\"placeholder\":\"${empid}\",\"layout\":null},{\"fieldType\":\"FormField\",\"id\":\"_FLOWABLE_SKIP_EXPRESSION_ENABLED\",\"name\":\"允许跳过\",\"type\":\"boolean\",\"value\":null,\"required\":false,\"readOnly\":true,\"overrideId\":true,\"placeholder\":null,\"layout\":null},{\"fieldType\":\"FormField\",\"id\":\"skip\",\"name\":\"是否跳过\",\"type\":\"boolean\",\"value\":null,\"required\":false,\"readOnly\":true,\"overrideId\":true,\"placeholder\":null,\"layout\":null},{\"fieldType\":\"FormField\",\"id\":\"description\",\"name\":\"描述\",\"type\":\"multi-line-text\",\"value\":null,\"required\":true,\"readOnly\":false,\"overrideId\":true,\"placeholder\":\"${description}\",\"layout\":null}],\"outcomes\":[]}'),
('0708003f-2fab-11eb-acf0-227918fa15ea','form-out-factory.form','0707d92e-2fab-11eb-acf0-227918fa15ea','{\"name\":\"外出单\",\"key\":\"out-factory\",\"version\":0,\"fields\":[{\"fieldType\":\"FormField\",\"id\":\"summary\",\"name\":\"主旨\",\"type\":\"text\",\"value\":null,\"required\":true,\"readOnly\":false,\"overrideId\":true,\"placeholder\":\"${summary}\",\"layout\":null},{\"fieldType\":\"FormField\",\"id\":\"empid\",\"name\":\"人员编号\",\"type\":\"integer\",\"value\":null,\"required\":true,\"readOnly\":false,\"overrideId\":true,\"placeholder\":\"${empid}\",\"layout\":null},{\"fieldType\":\"FormField\",\"id\":\"_FLOWABLE_SKIP_EXPRESSION_ENABLED\",\"name\":\"允许跳过\",\"type\":\"boolean\",\"value\":null,\"required\":false,\"readOnly\":true,\"overrideId\":true,\"placeholder\":null,\"layout\":null},{\"fieldType\":\"FormField\",\"id\":\"skip\",\"name\":\"是否跳过\",\"type\":\"boolean\",\"value\":null,\"required\":false,\"readOnly\":true,\"overrideId\":true,\"placeholder\":null,\"layout\":null},{\"fieldType\":\"FormField\",\"id\":\"manager\",\"name\":\"所属主管\",\"type\":\"text\",\"value\":null,\"required\":false,\"readOnly\":true,\"overrideId\":true,\"placeholder\":\"manager\",\"layout\":null},{\"fieldType\":\"FormField\",\"id\":\"description\",\"name\":\"描述\",\"type\":\"multi-line-text\",\"value\":null,\"required\":true,\"readOnly\":false,\"overrideId\":true,\"placeholder\":\"${description}\",\"layout\":null}],\"outcomes\":[]}'),
('0844e83c-2fbd-11eb-924a-227918fa15ea','form-mes-requirement.form','0844e83b-2fbd-11eb-924a-227918fa15ea','{\"name\":\"MES需求变更\",\"key\":\"mes-requirement\",\"version\":0,\"fields\":[{\"fieldType\":\"FormField\",\"id\":\"summary\",\"name\":\"主旨\",\"type\":\"text\",\"value\":null,\"required\":false,\"readOnly\":false,\"overrideId\":true,\"placeholder\":\"${summary}\",\"layout\":null},{\"fieldType\":\"FormField\",\"id\":\"empid\",\"name\":\"提案人员\",\"type\":\"text\",\"value\":null,\"required\":false,\"readOnly\":false,\"overrideId\":true,\"placeholder\":\"${empid}\",\"layout\":null},{\"fieldType\":\"FormField\",\"id\":\"description\",\"name\":\"需求变更描述\",\"type\":\"multi-line-text\",\"value\":null,\"required\":false,\"readOnly\":false,\"overrideId\":true,\"placeholder\":\"${description}\",\"layout\":null},{\"fieldType\":\"FormField\",\"id\":\"_FLOWABLE_SKIP_EXPRESSION_ENABLED\",\"name\":\"允許跳過\",\"type\":\"boolean\",\"value\":null,\"required\":false,\"readOnly\":false,\"overrideId\":true,\"placeholder\":null,\"layout\":null},{\"fieldType\":\"FormField\",\"id\":\"skip\",\"name\":\"是否跳過\",\"type\":\"boolean\",\"value\":null,\"required\":false,\"readOnly\":false,\"overrideId\":true,\"placeholder\":null,\"layout\":null},{\"fieldType\":\"FormField\",\"id\":\"assigneeListVar\",\"name\":\"核簽流程變量\",\"type\":\"text\",\"value\":null,\"required\":false,\"readOnly\":true,\"overrideId\":true,\"placeholder\":\"manager;COORDINATOR;DEV TL;PSM;MESM;PM\",\"layout\":null},{\"fieldType\":\"FormField\",\"id\":\"assigneelist\",\"name\":\"核簽流程\",\"type\":\"multi-line-text\",\"value\":null,\"required\":true,\"readOnly\":false,\"overrideId\":true,\"placeholder\":\"${assigneelist}\",\"layout\":null}],\"outcomes\":[]}'),
('126e0a51-2fcb-11eb-8fff-227918fa15ea','form-788a67e7-2fb3-11eb-a9f3-227918fa15ea',NULL,'{\"values\":{\"summary\":\"請假外出\",\"empid\":\"9999\",\"_FLOWABLE_SKIP_EXPRESSION_ENABLED\":true,\"description\":\"99999999999\",\"skip\":true}}'),
('138ed184-2f83-11eb-bdfc-227918fa15ea','form-60c5785a-2f82-11eb-bdfc-227918fa15ea',NULL,'{\"values\":{\"summary\":\"su\",\"empid\":\"111111111\",\"description\":\"11111111111111\"},\"flowable_form_outcome\":\"agree\"}'),
('2640630a-2fb2-11eb-9226-227918fa15ea','form-070938c0-2fab-11eb-acf0-227918fa15ea',NULL,'{\"values\":{\"summary\":\"請假外出\",\"empid\":\"9999\",\"_FLOWABLE_SKIP_EXPRESSION_ENABLED\":true,\"description\":\"9999999999999\",\"skip\":true}}'),
('273d3d8c-2fab-11eb-acf0-227918fa15ea','form-070938c0-2fab-11eb-acf0-227918fa15ea',NULL,'{\"values\":{\"summary\":\"請假外出\",\"empid\":\"222222\",\"_FLOWABLE_SKIP_EXPRESSION_ENABLED\":true,\"manager\":\"manager\",\"description\":\"22222222\",\"skip\":true}}'),
('29c38bb9-2fb1-11eb-9226-227918fa15ea','form-9ca919f3-2d55-11eb-b88c-227918fa15ea',NULL,'{\"values\":{\"summary\":\"請假外出\",\"empid\":\"9999\",\"description\":\"99999\"}}'),
('2c28c841-2f88-11eb-a96f-227918fa15ea','form-60c5785a-2f82-11eb-bdfc-227918fa15ea',NULL,'{\"values\":{\"summary\":\"su\",\"empid\":\"111111111\",\"_FLOWABLE_SKIP_EXPRESSION_ENABLED\":null,\"manager\":null,\"description\":\"11111111111111    \",\"skip\":false},\"flowable_form_outcome\":\"agree\"}'),
('2fc1cf6a-2fc7-11eb-ac51-227918fa15ea','form-b2c09e43-2fc6-11eb-8a65-227918fa15ea',NULL,'{\"values\":{\"summary\":\"MES需求变更\",\"assigneelist\":\"1:manager\\r\\n2:manager\\r\\n3:manager\\r\\n4:manager\\r\\n5:manager\\r\\n6:manager\",\"empid\":\"9999\",\"_FLOWABLE_SKIP_EXPRESSION_ENABLED\":true,\"description\":\"99999999999999999\",\"skip\":true,\"assigneeListVar\":\"manager;COORDINATOR;DEV TL;PSM;MESM;PM\"}}'),
('3156e01e-2df0-11eb-a430-227918fa15ea','form-fcf6a4eb-2bcb-11eb-9e90-227918fa15ea',NULL,'{\"values\":{\"summary\":\"summary\",\"empid\":\"222222\",\"description\":\"    22222222222222222\"}}'),
('36e6b1a7-2fb0-11eb-9226-227918fa15ea','form-070938c0-2fab-11eb-acf0-227918fa15ea',NULL,'{\"values\":{\"summary\":\"請假外出\",\"empid\":\"999\",\"_FLOWABLE_SKIP_EXPRESSION_ENABLED\":true,\"description\":\"99999999999\",\"skip\":true}}'),
('3abd3c17-2e00-11eb-8699-227918fa15ea','form-fcf6a4eb-2bcb-11eb-9e90-227918fa15ea',NULL,'{\"values\":{\"summary\":\"summary\",\"empid\":\"5555555555\",\"description\":\"    55555555555555555555555\"}}'),
('3b44e6cd-2e04-11eb-8e8e-227918fa15ea','form-6ddf1c61-2e03-11eb-8edb-227918fa15ea',NULL,'{\"values\":{\"summary\":\"23333\",\"empid\":\"322\",\"description\":\"22222232\"}}'),
('40d81cf9-2dfe-11eb-b3f3-227918fa15ea','form-fcf6a4eb-2bcb-11eb-9e90-227918fa15ea',NULL,'{\"values\":{\"summary\":\"summary\",\"empid\":\"1111\",\"description\":\"11111111111\"}}'),
('4b9a5cbb-2f87-11eb-a96f-227918fa15ea','form-609153ad-2f83-11eb-bdfc-227918fa15ea',NULL,'{\"values\":{\"summary\":\"111111111\",\"empid\":\"111111\",\"_FLOWABLE_SKIP_EXPRESSION_ENABLED\":null,\"manager\":null,\"description\":\"1111111111111111111111    \",\"skip\":false},\"flowable_form_outcome\":\"agree\"}'),
('5007eaaf-2fc9-11eb-813b-227918fa15ea','form-788a67e7-2fb3-11eb-a9f3-227918fa15ea',NULL,'{\"values\":{\"summary\":\"請假外出\",\"empid\":\"9999\",\"_FLOWABLE_SKIP_EXPRESSION_ENABLED\":true,\"description\":\"999999999\",\"skip\":true}}'),
('553fbc1f-2f88-11eb-aa23-227918fa15ea','form-609153ad-2f83-11eb-bdfc-227918fa15ea',NULL,'{\"values\":{\"summary\":\"summary\",\"empid\":\"333\",\"_FLOWABLE_SKIP_EXPRESSION_ENABLED\":true,\"manager\":\"manager\",\"description\":\"    3333333333\",\"skip\":true}}'),
('59f87cd9-2bc9-11eb-9d15-227918fa15ea','form-out-factory.form','59f87cd8-2bc9-11eb-9d15-227918fa15ea','{\"name\":\"外出单\",\"key\":\"out-factory\",\"version\":0,\"fields\":[{\"fieldType\":\"FormField\",\"id\":\"summary\",\"name\":\"主旨\",\"type\":\"text\",\"value\":null,\"required\":true,\"readOnly\":false,\"overrideId\":true,\"placeholder\":\"${summary}\",\"layout\":null},{\"fieldType\":\"FormField\",\"id\":\"empid\",\"name\":\"人员编号\",\"type\":\"integer\",\"value\":null,\"required\":true,\"readOnly\":false,\"overrideId\":true,\"placeholder\":\"${empid}\",\"layout\":null},{\"fieldType\":\"FormField\",\"id\":\"description\",\"name\":\"描述\",\"type\":\"multi-line-text\",\"value\":null,\"required\":true,\"readOnly\":false,\"overrideId\":true,\"placeholder\":\"${description}\",\"layout\":null}],\"outcomes\":[]}'),
('5c2e1d8a-2d58-11eb-b88c-227918fa15ea','form-rehire-form.form','5c2e1d89-2d58-11eb-b88c-227918fa15ea','{\"name\":\"返廠申請單\",\"key\":\"rehire-form\",\"version\":0,\"fields\":[{\"fieldType\":\"FormField\",\"id\":\"label\",\"name\":\"Label\",\"type\":\"text\",\"value\":null,\"required\":false,\"readOnly\":false,\"overrideId\":false,\"placeholder\":null,\"layout\":null},{\"fieldType\":\"FormField\",\"id\":\"label\",\"name\":\"Label\",\"type\":\"multi-line-text\",\"value\":null,\"required\":false,\"readOnly\":false,\"overrideId\":false,\"placeholder\":null,\"layout\":null}],\"outcomes\":[]}'),
('5e54faa7-2f87-11eb-a96f-227918fa15ea','form-9fd471e0-2e0b-11eb-b42b-227918fa15ea',NULL,'{\"values\":{\"summary\":\"summary\",\"empid\":\"123123\",\"_FLOWABLE_SKIP_EXPRESSION_ENABLED\":true,\"manager\":\"manager\",\"description\":\"    21313213    \",\"skip\":false},\"flowable_form_outcome\":\"agree\"}'),
('6090b76c-2f83-11eb-bdfc-227918fa15ea','form-out-factory.form','6090b76b-2f83-11eb-bdfc-227918fa15ea','{\"name\":\"外出单\",\"key\":\"out-factory\",\"version\":0,\"fields\":[{\"fieldType\":\"FormField\",\"id\":\"summary\",\"name\":\"主旨\",\"type\":\"text\",\"value\":null,\"required\":true,\"readOnly\":false,\"overrideId\":true,\"placeholder\":\"${summary}\",\"layout\":null},{\"fieldType\":\"FormField\",\"id\":\"empid\",\"name\":\"人员编号\",\"type\":\"integer\",\"value\":null,\"required\":true,\"readOnly\":false,\"overrideId\":true,\"placeholder\":\"${empid}\",\"layout\":null},{\"fieldType\":\"FormField\",\"id\":\"_FLOWABLE_SKIP_EXPRESSION_ENABLED\",\"name\":\"允许跳过\",\"type\":\"boolean\",\"value\":null,\"required\":false,\"readOnly\":true,\"overrideId\":true,\"placeholder\":null,\"layout\":null},{\"fieldType\":\"FormField\",\"id\":\"skip\",\"name\":\"是否跳过\",\"type\":\"boolean\",\"value\":null,\"required\":false,\"readOnly\":true,\"overrideId\":true,\"placeholder\":null,\"layout\":null},{\"fieldType\":\"FormField\",\"id\":\"manager\",\"name\":\"所属主管\",\"type\":\"text\",\"value\":null,\"required\":false,\"readOnly\":true,\"overrideId\":true,\"placeholder\":\"manager\",\"layout\":null},{\"fieldType\":\"FormField\",\"id\":\"description\",\"name\":\"描述\",\"type\":\"multi-line-text\",\"value\":null,\"required\":true,\"readOnly\":false,\"overrideId\":true,\"placeholder\":\"${description}\",\"layout\":null}],\"outcomes\":[]}'),
('60c3caa9-2f82-11eb-bdfc-227918fa15ea','form-out-factory.form','60c3caa8-2f82-11eb-bdfc-227918fa15ea','{\"name\":\"外出单\",\"key\":\"out-factory\",\"version\":0,\"fields\":[{\"fieldType\":\"FormField\",\"id\":\"summary\",\"name\":\"主旨\",\"type\":\"text\",\"value\":null,\"required\":true,\"readOnly\":false,\"overrideId\":true,\"placeholder\":\"${summary}\",\"layout\":null},{\"fieldType\":\"FormField\",\"id\":\"empid\",\"name\":\"人员编号\",\"type\":\"integer\",\"value\":null,\"required\":true,\"readOnly\":false,\"overrideId\":true,\"placeholder\":\"${empid}\",\"layout\":null},{\"fieldType\":\"FormField\",\"id\":\"_FLOWABLE_SKIP_EXPRESSION_ENABLED\",\"name\":\"允许跳过\",\"type\":\"boolean\",\"value\":null,\"required\":false,\"readOnly\":true,\"overrideId\":true,\"placeholder\":null,\"layout\":null},{\"fieldType\":\"FormField\",\"id\":\"skip\",\"name\":\"是否跳过\",\"type\":\"boolean\",\"value\":null,\"required\":false,\"readOnly\":true,\"overrideId\":true,\"placeholder\":null,\"layout\":null},{\"fieldType\":\"FormField\",\"id\":\"manager\",\"name\":\"所属主管\",\"type\":\"text\",\"value\":null,\"required\":false,\"readOnly\":true,\"overrideId\":true,\"placeholder\":\"manager\",\"layout\":null},{\"fieldType\":\"FormField\",\"id\":\"description\",\"name\":\"描述\",\"type\":\"multi-line-text\",\"value\":null,\"required\":true,\"readOnly\":false,\"overrideId\":true,\"placeholder\":\"${description}\",\"layout\":null}],\"outcomes\":[{\"id\":null,\"name\":\"agree\"},{\"id\":null,\"name\":\"reject\"}]}'),
('6760f3d9-2bc9-11eb-9d15-227918fa15ea','form-59f9191a-2bc9-11eb-9d15-227918fa15ea',NULL,'{\"values\":{\"summary\":\"summary\",\"empid\":\"11111111111\",\"description\":\"11111111111\"}}'),
('676909bc-2df0-11eb-9bca-227918fa15ea','form-fcf6a4eb-2bcb-11eb-9e90-227918fa15ea',NULL,'{\"values\":{\"summary\":\"summary\",\"empid\":\"3333333333333333\",\"description\":\"    3333333333333333333333\"}}'),
('67900f67-2bc8-11eb-9d15-227918fa15ea','form-out-factory.form','67900f66-2bc8-11eb-9d15-227918fa15ea','{\"name\":\"外出单\",\"key\":\"out-factory\",\"version\":0,\"fields\":[{\"fieldType\":\"FormField\",\"id\":\"summary\",\"name\":\"主旨\",\"type\":\"text\",\"value\":null,\"required\":true,\"readOnly\":false,\"overrideId\":true,\"placeholder\":\"${summary}\",\"layout\":null},{\"fieldType\":\"FormField\",\"id\":\"empid\",\"name\":\"人员编号\",\"type\":\"integer\",\"value\":null,\"required\":true,\"readOnly\":false,\"overrideId\":true,\"placeholder\":\"${empid}\",\"layout\":null},{\"fieldType\":\"FormField\",\"id\":\"description\",\"name\":\"描述\",\"type\":\"multi-line-text\",\"value\":null,\"required\":true,\"readOnly\":false,\"overrideId\":true,\"placeholder\":\"${description}\",\"layout\":null}],\"outcomes\":[]}'),
('6ddd47a0-2e03-11eb-8edb-227918fa15ea','form-out-factory.form','6ddd479f-2e03-11eb-8edb-227918fa15ea','{\"name\":\"外出单\",\"key\":\"out-factory\",\"version\":0,\"fields\":[{\"fieldType\":\"FormField\",\"id\":\"summary\",\"name\":\"主旨\",\"type\":\"text\",\"value\":null,\"required\":true,\"readOnly\":false,\"overrideId\":true,\"placeholder\":\"${summary}\",\"layout\":null},{\"fieldType\":\"FormField\",\"id\":\"empid\",\"name\":\"人员编号\",\"type\":\"integer\",\"value\":null,\"required\":true,\"readOnly\":false,\"overrideId\":true,\"placeholder\":\"${empid}\",\"layout\":null},{\"fieldType\":\"FormField\",\"id\":\"description\",\"name\":\"描述\",\"type\":\"multi-line-text\",\"value\":null,\"required\":true,\"readOnly\":false,\"overrideId\":true,\"placeholder\":\"${description}\",\"layout\":null}],\"outcomes\":[]}'),
('74d0a56f-2fbc-11eb-924a-227918fa15ea','form-9ca919f3-2d55-11eb-b88c-227918fa15ea',NULL,'{\"values\":{\"summary\":\"MES需求变更\",\"empid\":\"9999\",\"description\":\"MES需求变更\"}}'),
('78892f66-2fb3-11eb-a9f3-227918fa15ea','form-out-factory.form','78892f65-2fb3-11eb-a9f3-227918fa15ea','{\"name\":\"外出单\",\"key\":\"out-factory\",\"version\":0,\"fields\":[{\"fieldType\":\"FormField\",\"id\":\"summary\",\"name\":\"主旨\",\"type\":\"text\",\"value\":null,\"required\":true,\"readOnly\":false,\"overrideId\":true,\"placeholder\":\"${summary}\",\"layout\":null},{\"fieldType\":\"FormField\",\"id\":\"empid\",\"name\":\"人员编号\",\"type\":\"integer\",\"value\":null,\"required\":true,\"readOnly\":false,\"overrideId\":true,\"placeholder\":\"${empid}\",\"layout\":null},{\"fieldType\":\"FormField\",\"id\":\"_FLOWABLE_SKIP_EXPRESSION_ENABLED\",\"name\":\"允许跳过\",\"type\":\"boolean\",\"value\":null,\"required\":false,\"readOnly\":true,\"overrideId\":true,\"placeholder\":null,\"layout\":null},{\"fieldType\":\"FormField\",\"id\":\"skip\",\"name\":\"是否跳过\",\"type\":\"boolean\",\"value\":null,\"required\":false,\"readOnly\":true,\"overrideId\":true,\"placeholder\":null,\"layout\":null},{\"fieldType\":\"FormField\",\"id\":\"manager\",\"name\":\"所属主管\",\"type\":\"text\",\"value\":null,\"required\":false,\"readOnly\":true,\"overrideId\":true,\"placeholder\":\"manager\",\"layout\":null},{\"fieldType\":\"FormField\",\"id\":\"description\",\"name\":\"描述\",\"type\":\"multi-line-text\",\"value\":null,\"required\":true,\"readOnly\":false,\"overrideId\":true,\"placeholder\":\"${description}\",\"layout\":null}],\"outcomes\":[]}'),
('78ace42e-2e06-11eb-84ba-227918fa15ea','form-out-factory.form','78ace42d-2e06-11eb-84ba-227918fa15ea','{\"name\":\"外出单\",\"key\":\"out-factory\",\"version\":0,\"fields\":[{\"fieldType\":\"FormField\",\"id\":\"summary\",\"name\":\"主旨\",\"type\":\"text\",\"value\":null,\"required\":true,\"readOnly\":false,\"overrideId\":true,\"placeholder\":\"${summary}\",\"layout\":null},{\"fieldType\":\"FormField\",\"id\":\"empid\",\"name\":\"人员编号\",\"type\":\"integer\",\"value\":null,\"required\":true,\"readOnly\":false,\"overrideId\":true,\"placeholder\":\"${empid}\",\"layout\":null},{\"fieldType\":\"FormField\",\"id\":\"description\",\"name\":\"描述\",\"type\":\"multi-line-text\",\"value\":null,\"required\":true,\"readOnly\":false,\"overrideId\":true,\"placeholder\":\"${description}\",\"layout\":null}],\"outcomes\":[]}'),
('7bb91f72-2bca-11eb-9e90-227918fa15ea','form-59f9191a-2bc9-11eb-9d15-227918fa15ea',NULL,'{\"values\":{\"summary\":\"summary\",\"empid\":\"1111111111\",\"description\":\"11111111111111\"}}'),
('870b62a4-2f88-11eb-aa23-227918fa15ea','form-609153ad-2f83-11eb-bdfc-227918fa15ea',NULL,'{\"values\":{\"summary\":\"test\",\"empid\":\"111\",\"_FLOWABLE_SKIP_EXPRESSION_ENABLED\":true,\"manager\":\"manager\",\"description\":\"1111111  1111\",\"skip\":true}}'),
('8b166530-2fc7-11eb-b181-227918fa15ea','form-b2c09e43-2fc6-11eb-8a65-227918fa15ea',NULL,'{\"values\":{\"summary\":\"MES需求变更\",\"assigneelist\":\"1:manager\\r\\n2:manager\\r\\n3:manager\\r\\n4:manager\\r\\n5:manager\\r\\n6:manager\",\"empid\":\"9999\",\"_FLOWABLE_SKIP_EXPRESSION_ENABLED\":true,\"description\":\"999999999999\",\"skip\":true,\"assigneeListVar\":\"manager;COORDINATOR;DEV TL;PSM;MESM;PM\"}}'),
('90d9dc96-2f83-11eb-bdfc-227918fa15ea','form-609153ad-2f83-11eb-bdfc-227918fa15ea',NULL,'{\"values\":{\"summary\":\"111111111\",\"empid\":\"111111\",\"description\":\"1111111111111111111111\"}}'),
('95c0c574-2fca-11eb-97fd-227918fa15ea','form-b2c09e43-2fc6-11eb-8a65-227918fa15ea',NULL,'{\"values\":{\"summary\":\"MES需求变更\",\"assigneelist\":\"1:manager\\r\\n2:manager\\r\\n3:manager\\r\\n4:manager\\r\\n5:manager\\r\\n6:manager\",\"empid\":\"9999\",\"_FLOWABLE_SKIP_EXPRESSION_ENABLED\":true,\"description\":\"9999999999999\",\"skip\":true,\"assigneeListVar\":\"manager;COORDINATOR;DEV TL;PSM;MESM;PM\"}}'),
('962a05dd-2f8e-11eb-a740-227918fa15ea','form-609153ad-2f83-11eb-bdfc-227918fa15ea',NULL,'{\"values\":{\"summary\":\"test\",\"empid\":\"111\",\"_FLOWABLE_SKIP_EXPRESSION_ENABLED\":true,\"manager\":\"manager\",\"description\":\"1111111 999999  \",\"skip\":false}}'),
('9ca87db2-2d55-11eb-b88c-227918fa15ea','form-mes-requirement.form','9ca87db1-2d55-11eb-b88c-227918fa15ea','{\"name\":\"MES需求变更\",\"key\":\"mes-requirement\",\"version\":0,\"fields\":[{\"fieldType\":\"FormField\",\"id\":\"summary\",\"name\":\"主旨\",\"type\":\"text\",\"value\":null,\"required\":false,\"readOnly\":false,\"overrideId\":true,\"placeholder\":\"${summary}\",\"layout\":null},{\"fieldType\":\"FormField\",\"id\":\"empid\",\"name\":\"提案人员\",\"type\":\"text\",\"value\":null,\"required\":false,\"readOnly\":false,\"overrideId\":true,\"placeholder\":\"${empid}\",\"layout\":null},{\"fieldType\":\"FormField\",\"id\":\"description\",\"name\":\"需求变更描述\",\"type\":\"multi-line-text\",\"value\":null,\"required\":false,\"readOnly\":false,\"overrideId\":true,\"placeholder\":\"${description}\",\"layout\":null}],\"outcomes\":[]}'),
('9fd29d1f-2e0b-11eb-b42b-227918fa15ea','form-out-factory.form','9fd29d1e-2e0b-11eb-b42b-227918fa15ea','{\"name\":\"外出单\",\"key\":\"out-factory\",\"version\":0,\"fields\":[{\"fieldType\":\"FormField\",\"id\":\"summary\",\"name\":\"主旨\",\"type\":\"text\",\"value\":null,\"required\":true,\"readOnly\":false,\"overrideId\":true,\"placeholder\":\"${summary}\",\"layout\":null},{\"fieldType\":\"FormField\",\"id\":\"empid\",\"name\":\"人员编号\",\"type\":\"integer\",\"value\":null,\"required\":true,\"readOnly\":false,\"overrideId\":true,\"placeholder\":\"${empid}\",\"layout\":null},{\"fieldType\":\"FormField\",\"id\":\"_FLOWABLE_SKIP_EXPRESSION_ENABLED\",\"name\":\"允许跳过\",\"type\":\"boolean\",\"value\":null,\"required\":false,\"readOnly\":true,\"overrideId\":true,\"placeholder\":null,\"layout\":null},{\"fieldType\":\"FormField\",\"id\":\"skip\",\"name\":\"是否跳过\",\"type\":\"boolean\",\"value\":null,\"required\":false,\"readOnly\":true,\"overrideId\":true,\"placeholder\":null,\"layout\":null},{\"fieldType\":\"FormField\",\"id\":\"manager\",\"name\":\"所属主管\",\"type\":\"text\",\"value\":null,\"required\":false,\"readOnly\":true,\"overrideId\":true,\"placeholder\":\"manager\",\"layout\":null},{\"fieldType\":\"FormField\",\"id\":\"description\",\"name\":\"描述\",\"type\":\"multi-line-text\",\"value\":null,\"required\":true,\"readOnly\":false,\"overrideId\":true,\"placeholder\":\"${description}\",\"layout\":null}],\"outcomes\":[]}'),
('9fe9c24b-2df0-11eb-8e96-227918fa15ea','form-fcf6a4eb-2bcb-11eb-9e90-227918fa15ea',NULL,'{\"values\":{\"summary\":\"summary\",\"empid\":\"44444444444444444\",\"description\":\"    444444444444444\"}}'),
('a2c783c1-2bc8-11eb-9d15-227918fa15ea','form-67920b38-2bc8-11eb-9d15-227918fa15ea',NULL,'{\"values\":{\"summary\":\"summary\",\"empid\":\"111111\",\"description\":\"1111111111111\"}}'),
('a34a1048-2f93-11eb-9d05-227918fa15ea','form-609153ad-2f83-11eb-bdfc-227918fa15ea',NULL,'{\"values\":{\"summary\":\"請假外出\",\"empid\":\"36029587\",\"_FLOWABLE_SKIP_EXPRESSION_ENABLED\":true,\"manager\":\"manager\",\"description\":\"已請假,外出到公園玩,不同意也要去\",\"skip\":false}}'),
('a4411eed-2e04-11eb-b39c-227918fa15ea','form-6ddf1c61-2e03-11eb-8edb-227918fa15ea',NULL,'{\"values\":{\"summary\":\"test\",\"empid\":\"222\",\"description\":\"    222222222222222222\"}}'),
('a68df169-2e00-11eb-8699-227918fa15ea','form-out-factory.form','a68df168-2e00-11eb-8699-227918fa15ea','{\"name\":\"外出单\",\"key\":\"out-factory\",\"version\":0,\"fields\":[{\"fieldType\":\"FormField\",\"id\":\"summary\",\"name\":\"主旨\",\"type\":\"text\",\"value\":null,\"required\":true,\"readOnly\":false,\"overrideId\":true,\"placeholder\":\"${summary}\",\"layout\":null},{\"fieldType\":\"FormField\",\"id\":\"empid\",\"name\":\"人员编号\",\"type\":\"integer\",\"value\":null,\"required\":true,\"readOnly\":false,\"overrideId\":true,\"placeholder\":\"${empid}\",\"layout\":null},{\"fieldType\":\"FormField\",\"id\":\"description\",\"name\":\"描述\",\"type\":\"multi-line-text\",\"value\":null,\"required\":true,\"readOnly\":false,\"overrideId\":true,\"placeholder\":\"${description}\",\"layout\":null}],\"outcomes\":[]}'),
('a86746e4-2d56-11eb-b88c-227918fa15ea','form-liaison.form','a86746e3-2d56-11eb-b88c-227918fa15ea','{\"name\":\"联络单\",\"key\":\"liaison\",\"version\":0,\"fields\":[{\"fieldType\":\"FormField\",\"id\":\"subject\",\"name\":\"主题\",\"type\":\"text\",\"value\":null,\"required\":false,\"readOnly\":false,\"overrideId\":true,\"placeholder\":\"${subject}\",\"layout\":null},{\"fieldType\":\"FormField\",\"id\":\"department\",\"name\":\"接收单位\",\"type\":\"text\",\"value\":null,\"required\":false,\"readOnly\":false,\"overrideId\":true,\"placeholder\":\"${department}\",\"layout\":null},{\"fieldType\":\"FormField\",\"id\":\"content\",\"name\":\"正文\",\"type\":\"multi-line-text\",\"value\":null,\"required\":false,\"readOnly\":false,\"overrideId\":true,\"placeholder\":\"${content}\",\"layout\":null}],\"outcomes\":[]}'),
('aae1d356-2f8e-11eb-a740-227918fa15ea','form-609153ad-2f83-11eb-bdfc-227918fa15ea',NULL,'{\"values\":{\"summary\":\"test\",\"empid\":\"111\",\"_FLOWABLE_SKIP_EXPRESSION_ENABLED\":true,\"manager\":\"manager\",\"description\":\"1111111 999999      \",\"skip\":false},\"flowable_form_outcome\":\"agree\"}'),
('af1467a1-2f93-11eb-9d05-227918fa15ea','form-609153ad-2f83-11eb-bdfc-227918fa15ea',NULL,'{\"values\":{\"summary\":\"請假外出\",\"empid\":\"36029587\",\"_FLOWABLE_SKIP_EXPRESSION_ENABLED\":true,\"manager\":\"manager\",\"description\":\"已請假,外出到公園玩,不同意也要去    \",\"skip\":false},\"flowable_form_outcome\":\"agree\"}'),
('b01fe4f3-2e00-11eb-8699-227918fa15ea','form-a867e325-2d56-11eb-b88c-227918fa15ea',NULL,'{\"values\":{\"subject\":\"二十四\",\"department\":\"2222222222\",\"content\":\"222222222222222222\"}}'),
('b2bf17a2-2fc6-11eb-8a65-227918fa15ea','form-mes-requirement.form','b2bef091-2fc6-11eb-8a65-227918fa15ea','{\"name\":\"MES需求变更\",\"key\":\"mes-requirement\",\"version\":0,\"fields\":[{\"fieldType\":\"FormField\",\"id\":\"summary\",\"name\":\"主旨\",\"type\":\"text\",\"value\":null,\"required\":false,\"readOnly\":false,\"overrideId\":true,\"placeholder\":\"${summary}\",\"layout\":null},{\"fieldType\":\"FormField\",\"id\":\"empid\",\"name\":\"提案人员\",\"type\":\"text\",\"value\":null,\"required\":false,\"readOnly\":false,\"overrideId\":true,\"placeholder\":\"${empid}\",\"layout\":null},{\"fieldType\":\"FormField\",\"id\":\"description\",\"name\":\"需求变更描述\",\"type\":\"multi-line-text\",\"value\":null,\"required\":false,\"readOnly\":false,\"overrideId\":true,\"placeholder\":\"${description}\",\"layout\":null},{\"fieldType\":\"FormField\",\"id\":\"_FLOWABLE_SKIP_EXPRESSION_ENABLED\",\"name\":\"允許跳過\",\"type\":\"boolean\",\"value\":null,\"required\":false,\"readOnly\":false,\"overrideId\":true,\"placeholder\":null,\"layout\":null},{\"fieldType\":\"FormField\",\"id\":\"skip\",\"name\":\"是否跳過\",\"type\":\"boolean\",\"value\":null,\"required\":false,\"readOnly\":false,\"overrideId\":true,\"placeholder\":null,\"layout\":null},{\"fieldType\":\"FormField\",\"id\":\"assigneeListVar\",\"name\":\"核簽流程\",\"type\":\"text\",\"value\":null,\"required\":false,\"readOnly\":true,\"overrideId\":true,\"placeholder\":\"manager;COORDINATOR;DEV TL;PSM;MESM;PM\",\"layout\":null},{\"fieldType\":\"FormField\",\"id\":\"assigneelist\",\"name\":\"核簽流程\",\"type\":\"multi-line-text\",\"value\":null,\"required\":true,\"readOnly\":false,\"overrideId\":true,\"placeholder\":\"${assigneelist}\",\"layout\":null}],\"outcomes\":[]}'),
('c44da154-2f90-11eb-9d05-227918fa15ea','form-609153ad-2f83-11eb-bdfc-227918fa15ea',NULL,'{\"values\":{\"summary\":\"請假外出\",\"empid\":\"36029587\",\"_FLOWABLE_SKIP_EXPRESSION_ENABLED\":true,\"manager\":\"manager\",\"description\":\"已請假,外出到公園玩    \",\"skip\":true}}'),
('cac01581-2fc9-11eb-8ad3-227918fa15ea','form-b2c09e43-2fc6-11eb-8a65-227918fa15ea',NULL,'{\"values\":{\"summary\":\"MES需求变更\",\"assigneelist\":\"1:manager\\r\\n2:manager\\r\\n3:manager\\r\\n4:manager\\r\\n5:manager\\r\\n6:manager\",\"empid\":\"9999\",\"_FLOWABLE_SKIP_EXPRESSION_ENABLED\":true,\"description\":\"99999999999999\",\"skip\":true,\"assigneeListVar\":\"manager;COORDINATOR;DEV TL;PSM;MESM;PM\"}}'),
('ceaa8ba8-2d57-11eb-b88c-227918fa15ea','form-vendor-code-request-form.form','ceaa8ba7-2d57-11eb-b88c-227918fa15ea','{\"name\":\"FI厂商代码申请单\",\"key\":\"vendor-code-request-form\",\"version\":0,\"fields\":[{\"fieldType\":\"FormField\",\"id\":\"label\",\"name\":\"Label\",\"type\":\"text\",\"value\":null,\"required\":false,\"readOnly\":false,\"overrideId\":false,\"placeholder\":null,\"layout\":null},{\"fieldType\":\"FormField\",\"id\":\"label\",\"name\":\"Label\",\"type\":\"multi-line-text\",\"value\":null,\"required\":false,\"readOnly\":false,\"overrideId\":false,\"placeholder\":null,\"layout\":null}],\"outcomes\":[]}'),
('d5a5f3f8-2d6d-11eb-aadf-227918fa15ea','form-fcf6a4eb-2bcb-11eb-9e90-227918fa15ea',NULL,'{\"values\":{\"summary\":\"summary\",\"empid\":\"1111111111\",\"description\":\"    1111111111111111111\"}}'),
('d805df43-2d4c-11eb-9afa-227918fa15ea','form-fcf6a4eb-2bcb-11eb-9e90-227918fa15ea',NULL,'{\"values\":{\"summary\":\"test\",\"empid\":\"11\",\"description\":\"1\"}}'),
('df372756-2ef9-11eb-aabd-227918fa15ea','form-9fd471e0-2e0b-11eb-b42b-227918fa15ea',NULL,'{\"values\":{\"summary\":\"summary\",\"empid\":\"33333\",\"_FLOWABLE_SKIP_EXPRESSION_ENABLED\":true,\"manager\":\"manager\",\"description\":\"    3333333333333\",\"skip\":true}}'),
('e1b1e259-2f81-11eb-bdfc-227918fa15ea','form-9fd471e0-2e0b-11eb-b42b-227918fa15ea',NULL,'{\"values\":{\"summary\":\"summary\",\"empid\":\"33333\",\"description\":\"    3333333333333\"}}'),
('e8ef29b0-2fc6-11eb-8a65-227918fa15ea','form-0845847d-2fbd-11eb-924a-227918fa15ea',NULL,'{\"values\":{\"summary\":\"MES需求变更\",\"assigneelist\":\"1:manager\\r\\n2:manager\\r\\n3:manager\\r\\n4:manager\\r\\n5:manager\\r\\n6:manager\\r\\n\",\"empid\":\"9999\",\"_FLOWABLE_SKIP_EXPRESSION_ENABLED\":true,\"description\":\"4444444444444\",\"skip\":true,\"assigneeListVar\":\"manager;COORDINATOR;DEV TL;PSM;MESM;PM\"}}'),
('ea541cac-2fbc-11eb-924a-227918fa15ea','form-9ca919f3-2d55-11eb-b88c-227918fa15ea',NULL,'{\"values\":{\"summary\":\"請假外出\",\"empid\":\"9999\",\"description\":\"21312312\"}}'),
('efe762ee-2fca-11eb-8fff-227918fa15ea','form-b2c09e43-2fc6-11eb-8a65-227918fa15ea',NULL,'{\"values\":{\"summary\":\"MES需求变更\",\"assigneelist\":\"1:manager\\r\\n2:manager\\r\\n3:manager\\r\\n4:manager\\r\\n5:manager\\r\\n6:manager\",\"empid\":\"9999\",\"_FLOWABLE_SKIP_EXPRESSION_ENABLED\":true,\"description\":\"9999999999999\",\"skip\":true,\"assigneeListVar\":\"manager;COORDINATOR;DEV TL;PSM;MESM;PM\"}}'),
('f26245c2-2e06-11eb-bbd8-227918fa15ea','form-78ad806f-2e06-11eb-84ba-227918fa15ea',NULL,'{\"values\":{\"summary\":\"summary\",\"empid\":\"2222\",\"description\":\"    22222222222222222222\"}}'),
('f7ada92c-2fc8-11eb-813b-227918fa15ea','form-b2c09e43-2fc6-11eb-8a65-227918fa15ea',NULL,'{\"values\":{\"summary\":\"MES需求变更\",\"assigneelist\":\"1:manager\\r\\n2:manager\\r\\n3:manager\\r\\n4:manager\\r\\n5:manager\\r\\n6:manager\",\"empid\":\"9999\",\"_FLOWABLE_SKIP_EXPRESSION_ENABLED\":true,\"description\":\"999999999\",\"skip\":true,\"assigneeListVar\":\"manager;COORDINATOR;DEV TL;PSM;MESM;PM\"}}'),
('f880f1d6-2e0b-11eb-b5e4-227918fa15ea','form-9fd471e0-2e0b-11eb-b42b-227918fa15ea',NULL,'{\"values\":{\"summary\":\"summary\",\"empid\":\"123123\",\"_FLOWABLE_SKIP_EXPRESSION_ENABLED\":true,\"manager\":\"manager\",\"description\":\"    21313213\",\"skip\":true}}'),
('fcf5e19a-2bcb-11eb-9e90-227918fa15ea','form-out-factory.form','fcf5e199-2bcb-11eb-9e90-227918fa15ea','{\"name\":\"外出单\",\"key\":\"out-factory\",\"version\":0,\"fields\":[{\"fieldType\":\"FormField\",\"id\":\"summary\",\"name\":\"主旨\",\"type\":\"text\",\"value\":null,\"required\":true,\"readOnly\":false,\"overrideId\":true,\"placeholder\":\"${summary}\",\"layout\":null},{\"fieldType\":\"FormField\",\"id\":\"empid\",\"name\":\"人员编号\",\"type\":\"integer\",\"value\":null,\"required\":true,\"readOnly\":false,\"overrideId\":true,\"placeholder\":\"${empid}\",\"layout\":null},{\"fieldType\":\"FormField\",\"id\":\"description\",\"name\":\"描述\",\"type\":\"multi-line-text\",\"value\":null,\"required\":true,\"readOnly\":false,\"overrideId\":true,\"placeholder\":\"${description}\",\"layout\":null}],\"outcomes\":[]}');

/*Table structure for table `ACT_GE_BYTEARRAY` */

DROP TABLE IF EXISTS `ACT_GE_BYTEARRAY`;

CREATE TABLE `ACT_GE_BYTEARRAY` (
  `ID_` varchar(64) COLLATE utf8_bin NOT NULL,
  `REV_` int DEFAULT NULL,
  `NAME_` varchar(255) COLLATE utf8_bin DEFAULT NULL,
  `DEPLOYMENT_ID_` varchar(64) COLLATE utf8_bin DEFAULT NULL,
  `BYTES_` longblob,
  `GENERATED_` tinyint DEFAULT NULL,
  PRIMARY KEY (`ID_`),
  KEY `ACT_FK_BYTEARR_DEPL` (`DEPLOYMENT_ID_`),
  CONSTRAINT `ACT_FK_BYTEARR_DEPL` FOREIGN KEY (`DEPLOYMENT_ID_`) REFERENCES `ACT_RE_DEPLOYMENT` (`ID_`)
) ENGINE=InnoDB DEFAULT CHARSET=utf8 COLLATE=utf8_bin;

/*Data for the table `ACT_GE_BYTEARRAY` */

insert  into `ACT_GE_BYTEARRAY`(`ID_`,`REV_`,`NAME_`,`DEPLOYMENT_ID_`,`BYTES_`,`GENERATED_`) values 
('00223620-2e08-11eb-bbd8-227918fa15ea',1,'out-factory.bpmn','0022361f-2e08-11eb-bbd8-227918fa15ea','<?xml version=\"1.0\" encoding=\"UTF-8\"?>\n<definitions xmlns=\"http://www.omg.org/spec/BPMN/20100524/MODEL\" xmlns:xsi=\"http://www.w3.org/2001/XMLSchema-instance\" xmlns:xsd=\"http://www.w3.org/2001/XMLSchema\" xmlns:flowable=\"http://flowable.org/bpmn\" xmlns:bpmndi=\"http://www.omg.org/spec/BPMN/20100524/DI\" xmlns:omgdc=\"http://www.omg.org/spec/DD/20100524/DC\" xmlns:omgdi=\"http://www.omg.org/spec/DD/20100524/DI\" typeLanguage=\"http://www.w3.org/2001/XMLSchema\" expressionLanguage=\"http://www.w3.org/1999/XPath\" targetNamespace=\"http://www.flowable.org/processdef\">\n  <process id=\"out-factory\" name=\"外出单\" isExecutable=\"true\">\n    <startEvent id=\"startEvent1\" name=\"填单\" flowable:initiator=\"initiator\" flowable:formKey=\"out-factory\" flowable:formFieldValidation=\"true\"></startEvent>\n    <userTask id=\"sid-E086BDD7-66B2-409F-B18C-B682DD9172DB\" name=\"申请人确认\" flowable:assignee=\"${initiator}\" flowable:formKey=\"out-factory\" flowable:formFieldValidation=\"true\" flowable:skipExpression=\"${skip}\">\n      <extensionElements>\n        <modeler:activiti-idm-initiator xmlns:modeler=\"http://flowable.org/modeler\"><![CDATA[true]]></modeler:activiti-idm-initiator>\n      </extensionElements>\n    </userTask>\n    <sequenceFlow id=\"sid-FB957372-CC09-424B-88F0-30C09C3C100F\" sourceRef=\"startEvent1\" targetRef=\"sid-E086BDD7-66B2-409F-B18C-B682DD9172DB\"></sequenceFlow>\n    <userTask id=\"sid-ABCBD09C-DB79-4EE8-BB28-96FEBAAFF175\" name=\"主管审核\" flowable:assignee=\"${manager}\" flowable:formKey=\"out-factory\" flowable:formFieldValidation=\"true\">\n      <extensionElements>\n        <flowable:taskListener event=\"create\" class=\"com.deltaww.flowapi.listener.AutoAssigneeListener\"></flowable:taskListener>\n        <modeler:initiator-can-complete xmlns:modeler=\"http://flowable.org/modeler\"><![CDATA[false]]></modeler:initiator-can-complete>\n      </extensionElements>\n    </userTask>\n    <sequenceFlow id=\"sid-D2A7423F-91E0-430D-AA1A-09A1C246CA40\" sourceRef=\"sid-E086BDD7-66B2-409F-B18C-B682DD9172DB\" targetRef=\"sid-ABCBD09C-DB79-4EE8-BB28-96FEBAAFF175\"></sequenceFlow>\n    <endEvent id=\"sid-52A44D3B-7206-486E-8F26-58E536F8AFDB\" name=\"结束\"></endEvent>\n    <sequenceFlow id=\"sid-C1DDC6AA-BE98-4CC6-AB71-8C8C99AEDC5C\" sourceRef=\"sid-ABCBD09C-DB79-4EE8-BB28-96FEBAAFF175\" targetRef=\"sid-52A44D3B-7206-486E-8F26-58E536F8AFDB\"></sequenceFlow>\n  </process>\n  <bpmndi:BPMNDiagram id=\"BPMNDiagram_out-factory\">\n    <bpmndi:BPMNPlane bpmnElement=\"out-factory\" id=\"BPMNPlane_out-factory\">\n      <bpmndi:BPMNShape bpmnElement=\"startEvent1\" id=\"BPMNShape_startEvent1\">\n        <omgdc:Bounds height=\"30.0\" width=\"30.0\" x=\"100.0\" y=\"163.0\"></omgdc:Bounds>\n      </bpmndi:BPMNShape>\n      <bpmndi:BPMNShape bpmnElement=\"sid-E086BDD7-66B2-409F-B18C-B682DD9172DB\" id=\"BPMNShape_sid-E086BDD7-66B2-409F-B18C-B682DD9172DB\">\n        <omgdc:Bounds height=\"80.0\" width=\"100.0\" x=\"175.0\" y=\"138.0\"></omgdc:Bounds>\n      </bpmndi:BPMNShape>\n      <bpmndi:BPMNShape bpmnElement=\"sid-ABCBD09C-DB79-4EE8-BB28-96FEBAAFF175\" id=\"BPMNShape_sid-ABCBD09C-DB79-4EE8-BB28-96FEBAAFF175\">\n        <omgdc:Bounds height=\"80.0\" width=\"100.0\" x=\"320.0\" y=\"138.0\"></omgdc:Bounds>\n      </bpmndi:BPMNShape>\n      <bpmndi:BPMNShape bpmnElement=\"sid-52A44D3B-7206-486E-8F26-58E536F8AFDB\" id=\"BPMNShape_sid-52A44D3B-7206-486E-8F26-58E536F8AFDB\">\n        <omgdc:Bounds height=\"28.0\" width=\"28.0\" x=\"465.0\" y=\"164.0\"></omgdc:Bounds>\n      </bpmndi:BPMNShape>\n      <bpmndi:BPMNEdge bpmnElement=\"sid-D2A7423F-91E0-430D-AA1A-09A1C246CA40\" id=\"BPMNEdge_sid-D2A7423F-91E0-430D-AA1A-09A1C246CA40\">\n        <omgdi:waypoint x=\"274.9499999999907\" y=\"178.0\"></omgdi:waypoint>\n        <omgdi:waypoint x=\"319.9999999999807\" y=\"178.0\"></omgdi:waypoint>\n      </bpmndi:BPMNEdge>\n      <bpmndi:BPMNEdge bpmnElement=\"sid-C1DDC6AA-BE98-4CC6-AB71-8C8C99AEDC5C\" id=\"BPMNEdge_sid-C1DDC6AA-BE98-4CC6-AB71-8C8C99AEDC5C\">\n        <omgdi:waypoint x=\"419.95000000000005\" y=\"178.0\"></omgdi:waypoint>\n        <omgdi:waypoint x=\"465.0\" y=\"178.0\"></omgdi:waypoint>\n      </bpmndi:BPMNEdge>\n      <bpmndi:BPMNEdge bpmnElement=\"sid-FB957372-CC09-424B-88F0-30C09C3C100F\" id=\"BPMNEdge_sid-FB957372-CC09-424B-88F0-30C09C3C100F\">\n        <omgdi:waypoint x=\"129.9499984899576\" y=\"178.0\"></omgdi:waypoint>\n        <omgdi:waypoint x=\"174.9999999999917\" y=\"178.0\"></omgdi:waypoint>\n      </bpmndi:BPMNEdge>\n    </bpmndi:BPMNPlane>\n  </bpmndi:BPMNDiagram>\n</definitions>',0),
('00860101-2e08-11eb-bbd8-227918fa15ea',1,'out-factory.out-factory.png','0022361f-2e08-11eb-bbd8-227918fa15ea','PNG\r\n\Z\n\0\0\0\rIHDR\0\0\0\0\0\0\0\0@m\0\0~IDATx}Uu\0*z\"\"#ڨh%\"\"6\"6zs4\'5\"{6Du]5g|͔ްYCV7̜m}̧1<{yw/3;|s~\0\0\0\0\0\0\0\0\0\0\0\0\0\0\0\0\0\0\0\0\0\0\0\0\0\0\0\0\0\0\0\0\0\0\0\0\0\0\0\0\0\0\0\0\0\0\0\0\0\0\0\0\0\0\0\0\0\0\0\0\0\0\0\0\0\0\0\0\0\0\0\0\0\0\0\0\0\0\0\0\0\0\0\0\0\0\0\0\0\0\0\0\0\0\0\0\0\0\0\0\0\0\0\0\0\0\0\0\0\0\0\0\0\0\0\0\0\0\0\0\0\0\0\0\0\0\0\0\0\0\0\0\0\0\0\0\0\0\0\0\0\0\0\0\0\0\0\0\0\0\0\0\0\0\0\0\0\0\0\0\0\0\0\0\0\0\0\0\0\0\0\0\0\0\0\0\0\0\0\0\0\0\0\0\0\0\0\0\0\0\0\0\0\0\0\0\0\0\0\0\0\0\0\0\0\0\0\0\0\0\0\0\0\0\0\0\0\0\0\0\0\0\0\0\0\0\0\0\0\0\0\0\0\0\0\0\0\0\0\0\0\0\0\0\0\0\0\0\0\0\0\0\0\0\0\0\0\0\0\0\0\0\0\0\0\0\0\0\0$I޴iӬ5kؘ,^Xs444$+V49(+WLZZZ{;v$˗/ߕj9m)SrHzYL*ia\'P!zXQ9Cb0@/ޞlOW\rg6TaCr¼{dݢ)ɗo-SP5w9$*+[Cr}5OA0_t9SP5w9$*+?iaT]!@aC@8)C@捫)C@5%>|t[ܧjrHUV#66SY!\Z/$?CSmq!9TQamXJq+irHPK\\<1X#0]!Bsw#-#0Y!\ns9#F`\n.Papr\n.PaY(rH܅f9(\n;t%I755տ;˧Mk	F\Z><;p]w<y򦧟~zf\ZYɡS[[W555w5zV\Z:=ilN~c<NM}3Noĉ믿Y&ٶm[gϞ$ז?Os=-cǎYɡs뭷}\Z{KxCDG?Y޿Rk&>7|ٚP;i>3m{;^shs.;yZpa2z2Wf9$*MMM#FoQ&O=TdɒoM~駬&Uӧ\'v[im?He>?~|aÆ7lٲ%IwZǌ/63gfKعsgbOs8Ĉ=\Z{Qxt^{\n,P%؋}ҤI(plI7,k1[#F~4aiBsr؋S<H)\'|t~X\Z{_?~kmmj]hB7GG؋\rdRbsxCפ7Z{fYɡw*)\Z*yq[/V]aV8oq0\\_xޫ]\\y.;SzjͱfTI,i¬0!9T9W?\'5:/9MLݲ%e|ͤ?M>}m\\R\nOkjjVaV:xIq<L_bsnYeZqIoIe^QbAG{\n,@kg/[Ot\\-L|777ɲ\\\n,@ɶtJvcnYe/zDGU܃i2YaCrh s(voiqޣ[Vx~\\Y!P̡<NUfȑ{\\%#OW\\qѕ4zO\Zm?cL.9$i>ȝ?~oUk\n@Κ5+NKNp\r	\'E<ci=nܸNwܹeq&駟Yq\nε^%_u+2k\nȡ\"΋y?x7Oڶ͙3\'vJs/>Svg$v!kmʔ)hEG-:TZ0(<\nhwYQ.wvZgԔtIr-m1cFr&֭kvy%]wP.CED//ro~_}ɹn[kVVJ{~GCͽr<e{g\n;ϽQ@4\'f7vt;{ʶw6r?!K/e/O.N>dذa֭[˗gۻw|٬,CḚӄ#\"b&hڵY#\'xb,H:lI(7os#q;39D^gX\\|mt9ćJ%+Wͽr;e{PgĈ_W*eGh=4jGrJVcZt4F#8C+ǺiIz؁wsvG/Dn_tEYcKW^\\.\nuuuu\\M4-Y*{ȣwր#bDT:1\".NGi(H.f\0b[*ky.6ݻwg;ꨣʛXx#,A{wyM;7c=\ZE>y\\:ce=ޯwϵ)wq}ݷF;ӑ>\".6qwl/6|[kc{4\Zkjc4/ysF=^3n؋=n]:0\\s\Zaw(\rܑ{a9u,&LL<9?Gs/¥uO$c}?[4-u=ֺߋϿq5{1ꫯf?>o1nyA/m1yl\ZmX0WFsȓf\"x{9OƎٳ獯q;=?#fb \Z{8=sɔ)S{Ml}~i_}{:_Wk̴nذO\Z{SS5{êҦHtۑg}#8ʎ{0AWx@aiFh/w;13,\"^%{){Vؑ7;=Q/zMA]]]mZniiw}6o}zR# jgBDamӞ/B8.Nk˛{[ŷ5bz;,\nD#3{g#)m嬹\n;vZ7xcq>^upJFcǎ[#GcOj#(hbZ=cњ{4(}t饗;uVgbM4r(q$s|EǺ}iży \n\06Fץ8|(x#\'Ÿ?^AIwzݒPǎb5	WQq\\q=b0k:#LG>Av;?T|$`Ke:ԏ(;vh7Uˡxuʡ4vs4qS1W_~99ro%W=X5]\r9}<P|\Zc5J.x4|Z\\aCbh4^O;Xi}h5ɏ\Z5eڴi_}Gߤ{~k744> cI{(KYaCr&\'M}0kWFJfkoO	?-(>T =(W2Rf9$k܅,0]!@aVYaCBsfY!@s\nC,4w!\0YaCBsfY	Pf9$\0](rH\n܅fY	Pf9$4w@aV4w0!9(BsrPf]h¬0!\n,Y!Z466*{¼OC@/[bEb۶mrHzْ%K_lٟVqF[Q\Z\ZI&9$Z} -H?XC\0\0\0\0\0\0\0\0\0\0\0\0\0\0\0\0\0@\"G+ \0\0\0\0IENDB`',1),
('06ab3a3b-2fab-11eb-acf0-227918fa15ea',1,'out-factory.bpmn','06ab3a3a-2fab-11eb-acf0-227918fa15ea','<?xml version=\"1.0\" encoding=\"UTF-8\"?>\n<definitions xmlns=\"http://www.omg.org/spec/BPMN/20100524/MODEL\" xmlns:xsi=\"http://www.w3.org/2001/XMLSchema-instance\" xmlns:xsd=\"http://www.w3.org/2001/XMLSchema\" xmlns:flowable=\"http://flowable.org/bpmn\" xmlns:bpmndi=\"http://www.omg.org/spec/BPMN/20100524/DI\" xmlns:omgdc=\"http://www.omg.org/spec/DD/20100524/DC\" xmlns:omgdi=\"http://www.omg.org/spec/DD/20100524/DI\" typeLanguage=\"http://www.w3.org/2001/XMLSchema\" expressionLanguage=\"http://www.w3.org/1999/XPath\" targetNamespace=\"固定流程表單\">\n  <process id=\"out-factory\" name=\"外出单\" isExecutable=\"true\">\n    <extensionElements>\n      <flowable:eventListener events=\"PROCESS_STARTED\" class=\"com.deltaww.flowapi.listener.ResolverAssigneeListener\"></flowable:eventListener>\n    </extensionElements>\n    <startEvent id=\"startEvent1\" name=\"填单\" flowable:initiator=\"initiator\" flowable:formKey=\"out-factory\" flowable:formFieldValidation=\"true\"></startEvent>\n    <userTask id=\"sid-E086BDD7-66B2-409F-B18C-B682DD9172DB\" name=\"申请人确认\" flowable:assignee=\"${initiator}\" flowable:formKey=\"out-factory\" flowable:formFieldValidation=\"true\" flowable:skipExpression=\"${skip}\">\n      <extensionElements>\n        <modeler:activiti-idm-initiator xmlns:modeler=\"http://flowable.org/modeler\"><![CDATA[true]]></modeler:activiti-idm-initiator>\n      </extensionElements>\n    </userTask>\n    <sequenceFlow id=\"sid-FB957372-CC09-424B-88F0-30C09C3C100F\" sourceRef=\"startEvent1\" targetRef=\"sid-E086BDD7-66B2-409F-B18C-B682DD9172DB\"></sequenceFlow>\n    <userTask id=\"sid-ABCBD09C-DB79-4EE8-BB28-96FEBAAFF175\" name=\"主管审核\" flowable:assignee=\"${manager}\" flowable:formKey=\"out-factory\" flowable:formFieldValidation=\"true\" flowable:skipExpression=\"${manager==initiator}\">\n      <extensionElements>\n        <flowable:taskListener event=\"assignment\" class=\"com.deltaww.flowapi.listener.AutoAssigneeListener\"></flowable:taskListener>\n        <modeler:initiator-can-complete xmlns:modeler=\"http://flowable.org/modeler\"><![CDATA[false]]></modeler:initiator-can-complete>\n      </extensionElements>\n    </userTask>\n    <sequenceFlow id=\"sid-D2A7423F-91E0-430D-AA1A-09A1C246CA40\" sourceRef=\"sid-E086BDD7-66B2-409F-B18C-B682DD9172DB\" targetRef=\"sid-ABCBD09C-DB79-4EE8-BB28-96FEBAAFF175\"></sequenceFlow>\n    <endEvent id=\"sid-52A44D3B-7206-486E-8F26-58E536F8AFDB\" name=\"结束\"></endEvent>\n    <sequenceFlow id=\"sid-C1DDC6AA-BE98-4CC6-AB71-8C8C99AEDC5C\" sourceRef=\"sid-ABCBD09C-DB79-4EE8-BB28-96FEBAAFF175\" targetRef=\"sid-52A44D3B-7206-486E-8F26-58E536F8AFDB\"></sequenceFlow>\n  </process>\n  <bpmndi:BPMNDiagram id=\"BPMNDiagram_out-factory\">\n    <bpmndi:BPMNPlane bpmnElement=\"out-factory\" id=\"BPMNPlane_out-factory\">\n      <bpmndi:BPMNShape bpmnElement=\"startEvent1\" id=\"BPMNShape_startEvent1\">\n        <omgdc:Bounds height=\"30.0\" width=\"30.0\" x=\"100.0\" y=\"163.0\"></omgdc:Bounds>\n      </bpmndi:BPMNShape>\n      <bpmndi:BPMNShape bpmnElement=\"sid-E086BDD7-66B2-409F-B18C-B682DD9172DB\" id=\"BPMNShape_sid-E086BDD7-66B2-409F-B18C-B682DD9172DB\">\n        <omgdc:Bounds height=\"80.0\" width=\"100.0\" x=\"175.0\" y=\"138.0\"></omgdc:Bounds>\n      </bpmndi:BPMNShape>\n      <bpmndi:BPMNShape bpmnElement=\"sid-ABCBD09C-DB79-4EE8-BB28-96FEBAAFF175\" id=\"BPMNShape_sid-ABCBD09C-DB79-4EE8-BB28-96FEBAAFF175\">\n        <omgdc:Bounds height=\"80.0\" width=\"100.0\" x=\"320.0\" y=\"138.0\"></omgdc:Bounds>\n      </bpmndi:BPMNShape>\n      <bpmndi:BPMNShape bpmnElement=\"sid-52A44D3B-7206-486E-8F26-58E536F8AFDB\" id=\"BPMNShape_sid-52A44D3B-7206-486E-8F26-58E536F8AFDB\">\n        <omgdc:Bounds height=\"28.0\" width=\"28.0\" x=\"465.0\" y=\"164.0\"></omgdc:Bounds>\n      </bpmndi:BPMNShape>\n      <bpmndi:BPMNEdge bpmnElement=\"sid-D2A7423F-91E0-430D-AA1A-09A1C246CA40\" id=\"BPMNEdge_sid-D2A7423F-91E0-430D-AA1A-09A1C246CA40\">\n        <omgdi:waypoint x=\"274.9499999999907\" y=\"178.0\"></omgdi:waypoint>\n        <omgdi:waypoint x=\"319.9999999999807\" y=\"178.0\"></omgdi:waypoint>\n      </bpmndi:BPMNEdge>\n      <bpmndi:BPMNEdge bpmnElement=\"sid-C1DDC6AA-BE98-4CC6-AB71-8C8C99AEDC5C\" id=\"BPMNEdge_sid-C1DDC6AA-BE98-4CC6-AB71-8C8C99AEDC5C\">\n        <omgdi:waypoint x=\"419.95000000000005\" y=\"178.0\"></omgdi:waypoint>\n        <omgdi:waypoint x=\"465.0\" y=\"178.0\"></omgdi:waypoint>\n      </bpmndi:BPMNEdge>\n      <bpmndi:BPMNEdge bpmnElement=\"sid-FB957372-CC09-424B-88F0-30C09C3C100F\" id=\"BPMNEdge_sid-FB957372-CC09-424B-88F0-30C09C3C100F\">\n        <omgdi:waypoint x=\"129.9499984899576\" y=\"178.0\"></omgdi:waypoint>\n        <omgdi:waypoint x=\"174.9999999999917\" y=\"178.0\"></omgdi:waypoint>\n      </bpmndi:BPMNEdge>\n    </bpmndi:BPMNPlane>\n  </bpmndi:BPMNDiagram>\n</definitions>',0),
('07036c5c-2fab-11eb-acf0-227918fa15ea',1,'out-factory.out-factory.png','06ab3a3a-2fab-11eb-acf0-227918fa15ea','PNG\r\n\Z\n\0\0\0\rIHDR\0\0\0\0\0\0\0\0@m\0\0~IDATx}Uu\0*z\"\"#ڨh%\"\"6\"6zs4\'5\"{6Du]5g|͔ްYCV7̜m}̧1<{yw/3;|s~\0\0\0\0\0\0\0\0\0\0\0\0\0\0\0\0\0\0\0\0\0\0\0\0\0\0\0\0\0\0\0\0\0\0\0\0\0\0\0\0\0\0\0\0\0\0\0\0\0\0\0\0\0\0\0\0\0\0\0\0\0\0\0\0\0\0\0\0\0\0\0\0\0\0\0\0\0\0\0\0\0\0\0\0\0\0\0\0\0\0\0\0\0\0\0\0\0\0\0\0\0\0\0\0\0\0\0\0\0\0\0\0\0\0\0\0\0\0\0\0\0\0\0\0\0\0\0\0\0\0\0\0\0\0\0\0\0\0\0\0\0\0\0\0\0\0\0\0\0\0\0\0\0\0\0\0\0\0\0\0\0\0\0\0\0\0\0\0\0\0\0\0\0\0\0\0\0\0\0\0\0\0\0\0\0\0\0\0\0\0\0\0\0\0\0\0\0\0\0\0\0\0\0\0\0\0\0\0\0\0\0\0\0\0\0\0\0\0\0\0\0\0\0\0\0\0\0\0\0\0\0\0\0\0\0\0\0\0\0\0\0\0\0\0\0\0\0\0\0\0\0\0\0\0\0\0\0\0\0\0\0\0\0\0\0\0\0\0\0$I޴iӬ5kؘ,^Xs444$+V49(+WLZZZ{;v$˗/ߕj9m)SrHzYL*ia\'P!zXQ9Cb0@/ޞlOW\rg6TaCr¼{dݢ)ɗo-SP5w9$*+[Cr}5OA0_t9SP5w9$*+?iaT]!@aC@8)C@捫)C@5%>|t[ܧjrHUV#66SY!\Z/$?CSmq!9TQamXJq+irHPK\\<1X#0]!Bsw#-#0Y!\ns9#F`\n.Papr\n.PaY(rH܅f9(\n;t%I755տ;˧Mk	F\Z><;p]w<y򦧟~zf\ZYɡS[[W555w5zV\Z:=ilN~c<NM}3Noĉ믿Y&ٶm[gϞ$ז?Os=-cǎYɡs뭷}\Z{KxCDG?Y޿Rk&>7|ٚP;i>3m{;^shs.;yZpa2z2Wf9$*MMM#FoQ&O=TdɒoM~駬&Uӧ\'v[im?He>?~|aÆ7lٲ%IwZǌ/63gfKعsgbOs8Ĉ=\Z{Qxt^{\n,P%؋}ҤI(plI7,k1[#F~4aiBsr؋S<H)\'|t~X\Z{_?~kmmj]hB7GG؋\rdRbsxCפ7Z{fYɡw*)\Z*yq[/V]aV8oq0\\_xޫ]\\y.;SzjͱfTI,i¬0!9T9W?\'5:/9MLݲ%e|ͤ?M>}m\\R\nOkjjVaV:xIq<L_bsnYeZqIoIe^QbAG{\n,@kg/[Ot\\-L|777ɲ\\\n,@ɶtJvcnYe/zDGU܃i2YaCrh s(voiqޣ[Vx~\\Y!P̡<NUfȑ{\\%#OW\\qѕ4zO\Zm?cL.9$i>ȝ?~oUk\n@Κ5+NKNp\r	\'E<ci=nܸNwܹeq&駟Yq\nε^%_u+2k\nȡ\"΋y?x7Oڶ͙3\'vJs/>Svg$v!kmʔ)hEG-:TZ0(<\nhwYQ.wvZgԔtIr-m1cFr&֭kvy%]wP.CED//ro~_}ɹn[kVVJ{~GCͽr<e{g\n;ϽQ@4\'f7vt;{ʶw6r?!K/e/O.N>dذa֭[˗gۻw|٬,CḚӄ#\"b&hڵY#\'xb,H:lI(7os#q;39D^gX\\|mt9ćJ%+Wͽr;e{PgĈ_W*eGh=4jGrJVcZt4F#8C+ǺiIz؁wsvG/Dn_tEYcKW^\\.\nuuuu\\M4-Y*{ȣwր#bDT:1\".NGi(H.f\0b[*ky.6ݻwg;ꨣʛXx#,A{wyM;7c=\ZE>y\\:ce=ޯwϵ)wq}ݷF;ӑ>\".6qwl/6|[kc{4\Zkjc4/ysF=^3n؋=n]:0\\s\Zaw(\rܑ{a9u,&LL<9?Gs/¥uO$c}?[4-u=ֺߋϿq5{1ꫯf?>o1nyA/m1yl\ZmX0WFsȓf\"x{9OƎٳ獯q;=?#fb \Z{8=sɔ)S{Ml}~i_}{:_Wk̴nذO\Z{SS5{êҦHtۑg}#8ʎ{0AWx@aiFh/w;13,\"^%{){Vؑ7;=Q/zMA]]]mZniiw}6o}zR# jgBDamӞ/B8.Nk˛{[ŷ5bz;,\nD#3{g#)m嬹\n;vZ7xcq>^upJFcǎ[#GcOj#(hbZ=cњ{4(}t饗;uVgbM4r(q$s|EǺ}iży \n\06Fץ8|(x#\'Ÿ?^AIwzݒPǎb5	WQq\\q=b0k:#LG>Av;?T|$`Ke:ԏ(;vh7Uˡxuʡ4vs4qS1W_~99ro%W=X5]\r9}<P|\Zc5J.x4|Z\\aCbh4^O;Xi}h5ɏ\Z5eڴi_}Gߤ{~k744> cI{(KYaCr&\'M}0kWFJfkoO	?-(>T =(W2Rf9$k܅,0]!@aVYaCBsfY!@s\nC,4w!\0YaCBsfY	Pf9$\0](rH\n܅fY	Pf9$4w@aV4w0!9(BsrPf]h¬0!\n,Y!Z466*{¼OC@/[bEb۶mrHzْ%K_lٟVqF[Q\Z\ZI&9$Z} -H?XC\0\0\0\0\0\0\0\0\0\0\0\0\0\0\0\0\0@\"G+ \0\0\0\0IENDB`',1),
('07be7a28-2fbd-11eb-924a-227918fa15ea',1,'mes-requirement.bpmn','07be7a27-2fbd-11eb-924a-227918fa15ea','<?xml version=\"1.0\" encoding=\"UTF-8\"?>\n<definitions xmlns=\"http://www.omg.org/spec/BPMN/20100524/MODEL\" xmlns:xsi=\"http://www.w3.org/2001/XMLSchema-instance\" xmlns:xsd=\"http://www.w3.org/2001/XMLSchema\" xmlns:flowable=\"http://flowable.org/bpmn\" xmlns:bpmndi=\"http://www.omg.org/spec/BPMN/20100524/DI\" xmlns:omgdc=\"http://www.omg.org/spec/DD/20100524/DC\" xmlns:omgdi=\"http://www.omg.org/spec/DD/20100524/DI\" typeLanguage=\"http://www.w3.org/2001/XMLSchema\" expressionLanguage=\"http://www.w3.org/1999/XPath\" targetNamespace=\"自定義流程表單\">\n  <process id=\"mes-requirement\" name=\"MES需求变更\" isExecutable=\"true\">\n    <extensionElements>\n      <flowable:eventListener events=\"PROCESS_STARTED\" class=\"com.deltaww.flowapi.listener.ResolverAssigneeListener\"></flowable:eventListener>\n    </extensionElements>\n    <startEvent id=\"startEvent1\" name=\"填单\" flowable:initiator=\"initiator\" flowable:formKey=\"mes-requirement\" flowable:formFieldValidation=\"true\"></startEvent>\n    <userTask id=\"sid-33868E85-5876-4712-9136-27C22F40C24D\" name=\"填单人确认\" flowable:assignee=\"${initiator}\" flowable:formKey=\"mes-requirement\" flowable:formFieldValidation=\"true\" flowable:skipExpression=\"${skip}\">\n      <extensionElements>\n        <modeler:activiti-idm-initiator xmlns:modeler=\"http://flowable.org/modeler\"><![CDATA[true]]></modeler:activiti-idm-initiator>\n      </extensionElements>\n    </userTask>\n    <sequenceFlow id=\"sid-07BACF0C-406A-4E40-A1FC-00A0BC020C59\" sourceRef=\"startEvent1\" targetRef=\"sid-33868E85-5876-4712-9136-27C22F40C24D\"></sequenceFlow>\n    <userTask id=\"sid-9E02A53C-8F0C-4B08-A7ED-46875520B424\" name=\"提案部门主管\" flowable:formKey=\"mes-requirement\" flowable:formFieldValidation=\"true\"></userTask>\n    <sequenceFlow id=\"sid-9D4E7218-A416-4E13-8129-6902D1CEDBD3\" sourceRef=\"sid-33868E85-5876-4712-9136-27C22F40C24D\" targetRef=\"sid-9E02A53C-8F0C-4B08-A7ED-46875520B424\"></sequenceFlow>\n    <userTask id=\"sid-962F5DA8-4C49-46EC-AC02-75726D74F3BD\" name=\"Coordinator\" flowable:formKey=\"mes-requirement\" flowable:formFieldValidation=\"true\"></userTask>\n    <sequenceFlow id=\"sid-3B1C7B5B-E126-4DBE-9960-3332CA8953FC\" sourceRef=\"sid-9E02A53C-8F0C-4B08-A7ED-46875520B424\" targetRef=\"sid-962F5DA8-4C49-46EC-AC02-75726D74F3BD\"></sequenceFlow>\n    <userTask id=\"sid-712F5FB9-B139-4A54-B5F0-0C9963B866D6\" name=\"DEV TL\" flowable:formKey=\"mes-requirement\" flowable:formFieldValidation=\"true\"></userTask>\n    <sequenceFlow id=\"sid-75B89205-F7AD-4B61-9772-F69F67FC5A4B\" sourceRef=\"sid-962F5DA8-4C49-46EC-AC02-75726D74F3BD\" targetRef=\"sid-712F5FB9-B139-4A54-B5F0-0C9963B866D6\"></sequenceFlow>\n    <userTask id=\"sid-1B1D89A5-C026-4A31-927F-32BD7888BD59\" name=\"PSM\" flowable:formKey=\"mes-requirement\" flowable:formFieldValidation=\"true\"></userTask>\n    <userTask id=\"sid-A57DF6D0-FE5C-4D32-B8EC-ECEA13271C76\" name=\"MESM\" flowable:formKey=\"mes-requirement\" flowable:formFieldValidation=\"true\"></userTask>\n    <sequenceFlow id=\"sid-6F9F2036-70B8-4F2E-AF81-4B54AA19CD43\" sourceRef=\"sid-1B1D89A5-C026-4A31-927F-32BD7888BD59\" targetRef=\"sid-A57DF6D0-FE5C-4D32-B8EC-ECEA13271C76\"></sequenceFlow>\n    <userTask id=\"sid-18F650C5-F8DF-4D17-AD0B-FCCB1F242C4D\" name=\"PM\" flowable:formKey=\"mes-requirement\" flowable:formFieldValidation=\"true\"></userTask>\n    <sequenceFlow id=\"sid-C4E02C10-B6FB-47DF-8F9F-346B5D75275C\" sourceRef=\"sid-A57DF6D0-FE5C-4D32-B8EC-ECEA13271C76\" targetRef=\"sid-18F650C5-F8DF-4D17-AD0B-FCCB1F242C4D\"></sequenceFlow>\n    <sequenceFlow id=\"sid-2090AF02-C11C-4993-9CC4-F4D95E4F6C72\" sourceRef=\"sid-712F5FB9-B139-4A54-B5F0-0C9963B866D6\" targetRef=\"sid-1B1D89A5-C026-4A31-927F-32BD7888BD59\"></sequenceFlow>\n    <endEvent id=\"sid-4C4E0E45-0E10-40C1-A1A5-B4BC491F8E1E\" name=\"结束\"></endEvent>\n    <sequenceFlow id=\"sid-19C22622-BF57-43FF-BE8C-D74EDD41782F\" sourceRef=\"sid-18F650C5-F8DF-4D17-AD0B-FCCB1F242C4D\" targetRef=\"sid-4C4E0E45-0E10-40C1-A1A5-B4BC491F8E1E\"></sequenceFlow>\n  </process>\n  <bpmndi:BPMNDiagram id=\"BPMNDiagram_mes-requirement\">\n    <bpmndi:BPMNPlane bpmnElement=\"mes-requirement\" id=\"BPMNPlane_mes-requirement\">\n      <bpmndi:BPMNShape bpmnElement=\"startEvent1\" id=\"BPMNShape_startEvent1\">\n        <omgdc:Bounds height=\"30.0\" width=\"30.0\" x=\"100.0\" y=\"163.0\"></omgdc:Bounds>\n      </bpmndi:BPMNShape>\n      <bpmndi:BPMNShape bpmnElement=\"sid-33868E85-5876-4712-9136-27C22F40C24D\" id=\"BPMNShape_sid-33868E85-5876-4712-9136-27C22F40C24D\">\n        <omgdc:Bounds height=\"80.0\" width=\"100.0\" x=\"175.0\" y=\"138.0\"></omgdc:Bounds>\n      </bpmndi:BPMNShape>\n      <bpmndi:BPMNShape bpmnElement=\"sid-9E02A53C-8F0C-4B08-A7ED-46875520B424\" id=\"BPMNShape_sid-9E02A53C-8F0C-4B08-A7ED-46875520B424\">\n        <omgdc:Bounds height=\"80.0\" width=\"100.0\" x=\"320.0\" y=\"138.0\"></omgdc:Bounds>\n      </bpmndi:BPMNShape>\n      <bpmndi:BPMNShape bpmnElement=\"sid-962F5DA8-4C49-46EC-AC02-75726D74F3BD\" id=\"BPMNShape_sid-962F5DA8-4C49-46EC-AC02-75726D74F3BD\">\n        <omgdc:Bounds height=\"80.0\" width=\"100.0\" x=\"465.0\" y=\"138.0\"></omgdc:Bounds>\n      </bpmndi:BPMNShape>\n      <bpmndi:BPMNShape bpmnElement=\"sid-712F5FB9-B139-4A54-B5F0-0C9963B866D6\" id=\"BPMNShape_sid-712F5FB9-B139-4A54-B5F0-0C9963B866D6\">\n        <omgdc:Bounds height=\"80.0\" width=\"100.0\" x=\"610.0\" y=\"138.0\"></omgdc:Bounds>\n      </bpmndi:BPMNShape>\n      <bpmndi:BPMNShape bpmnElement=\"sid-1B1D89A5-C026-4A31-927F-32BD7888BD59\" id=\"BPMNShape_sid-1B1D89A5-C026-4A31-927F-32BD7888BD59\">\n        <omgdc:Bounds height=\"80.0\" width=\"100.0\" x=\"175.0\" y=\"255.0\"></omgdc:Bounds>\n      </bpmndi:BPMNShape>\n      <bpmndi:BPMNShape bpmnElement=\"sid-A57DF6D0-FE5C-4D32-B8EC-ECEA13271C76\" id=\"BPMNShape_sid-A57DF6D0-FE5C-4D32-B8EC-ECEA13271C76\">\n        <omgdc:Bounds height=\"80.0\" width=\"100.0\" x=\"320.0\" y=\"255.0\"></omgdc:Bounds>\n      </bpmndi:BPMNShape>\n      <bpmndi:BPMNShape bpmnElement=\"sid-18F650C5-F8DF-4D17-AD0B-FCCB1F242C4D\" id=\"BPMNShape_sid-18F650C5-F8DF-4D17-AD0B-FCCB1F242C4D\">\n        <omgdc:Bounds height=\"80.0\" width=\"100.0\" x=\"465.0\" y=\"255.0\"></omgdc:Bounds>\n      </bpmndi:BPMNShape>\n      <bpmndi:BPMNShape bpmnElement=\"sid-4C4E0E45-0E10-40C1-A1A5-B4BC491F8E1E\" id=\"BPMNShape_sid-4C4E0E45-0E10-40C1-A1A5-B4BC491F8E1E\">\n        <omgdc:Bounds height=\"28.0\" width=\"28.0\" x=\"610.0\" y=\"281.0\"></omgdc:Bounds>\n      </bpmndi:BPMNShape>\n      <bpmndi:BPMNEdge bpmnElement=\"sid-07BACF0C-406A-4E40-A1FC-00A0BC020C59\" id=\"BPMNEdge_sid-07BACF0C-406A-4E40-A1FC-00A0BC020C59\">\n        <omgdi:waypoint x=\"129.9499984899576\" y=\"178.0\"></omgdi:waypoint>\n        <omgdi:waypoint x=\"174.9999999999917\" y=\"178.0\"></omgdi:waypoint>\n      </bpmndi:BPMNEdge>\n      <bpmndi:BPMNEdge bpmnElement=\"sid-C4E02C10-B6FB-47DF-8F9F-346B5D75275C\" id=\"BPMNEdge_sid-C4E02C10-B6FB-47DF-8F9F-346B5D75275C\">\n        <omgdi:waypoint x=\"419.94999999990824\" y=\"295.0\"></omgdi:waypoint>\n        <omgdi:waypoint x=\"464.9999999999807\" y=\"295.0\"></omgdi:waypoint>\n      </bpmndi:BPMNEdge>\n      <bpmndi:BPMNEdge bpmnElement=\"sid-2090AF02-C11C-4993-9CC4-F4D95E4F6C72\" id=\"BPMNEdge_sid-2090AF02-C11C-4993-9CC4-F4D95E4F6C72\">\n        <omgdi:waypoint x=\"660.0\" y=\"217.95000000000002\"></omgdi:waypoint>\n        <omgdi:waypoint x=\"660.0\" y=\"234.99999999999994\"></omgdi:waypoint>\n        <omgdi:waypoint x=\"225.0\" y=\"234.99999999999994\"></omgdi:waypoint>\n        <omgdi:waypoint x=\"225.0\" y=\"255.0\"></omgdi:waypoint>\n      </bpmndi:BPMNEdge>\n      <bpmndi:BPMNEdge bpmnElement=\"sid-3B1C7B5B-E126-4DBE-9960-3332CA8953FC\" id=\"BPMNEdge_sid-3B1C7B5B-E126-4DBE-9960-3332CA8953FC\">\n        <omgdi:waypoint x=\"419.94999999999067\" y=\"178.0\"></omgdi:waypoint>\n        <omgdi:waypoint x=\"464.9999999999807\" y=\"178.0\"></omgdi:waypoint>\n      </bpmndi:BPMNEdge>\n      <bpmndi:BPMNEdge bpmnElement=\"sid-75B89205-F7AD-4B61-9772-F69F67FC5A4B\" id=\"BPMNEdge_sid-75B89205-F7AD-4B61-9772-F69F67FC5A4B\">\n        <omgdi:waypoint x=\"564.9499999999907\" y=\"178.0\"></omgdi:waypoint>\n        <omgdi:waypoint x=\"609.9999999999807\" y=\"178.0\"></omgdi:waypoint>\n      </bpmndi:BPMNEdge>\n      <bpmndi:BPMNEdge bpmnElement=\"sid-9D4E7218-A416-4E13-8129-6902D1CEDBD3\" id=\"BPMNEdge_sid-9D4E7218-A416-4E13-8129-6902D1CEDBD3\">\n        <omgdi:waypoint x=\"274.9499999999907\" y=\"178.0\"></omgdi:waypoint>\n        <omgdi:waypoint x=\"319.9999999999807\" y=\"178.0\"></omgdi:waypoint>\n      </bpmndi:BPMNEdge>\n      <bpmndi:BPMNEdge bpmnElement=\"sid-6F9F2036-70B8-4F2E-AF81-4B54AA19CD43\" id=\"BPMNEdge_sid-6F9F2036-70B8-4F2E-AF81-4B54AA19CD43\">\n        <omgdi:waypoint x=\"274.94999999974334\" y=\"295.0\"></omgdi:waypoint>\n        <omgdi:waypoint x=\"319.9999999999807\" y=\"295.0\"></omgdi:waypoint>\n      </bpmndi:BPMNEdge>\n      <bpmndi:BPMNEdge bpmnElement=\"sid-19C22622-BF57-43FF-BE8C-D74EDD41782F\" id=\"BPMNEdge_sid-19C22622-BF57-43FF-BE8C-D74EDD41782F\">\n        <omgdi:waypoint x=\"564.95\" y=\"295.0\"></omgdi:waypoint>\n        <omgdi:waypoint x=\"610.0\" y=\"295.0\"></omgdi:waypoint>\n      </bpmndi:BPMNEdge>\n    </bpmndi:BPMNPlane>\n  </bpmndi:BPMNDiagram>\n</definitions>',0),
('08420209-2fbd-11eb-924a-227918fa15ea',1,'mes-requirement.mes-requirement.png','07be7a27-2fbd-11eb-924a-227918fa15ea','PNG\r\n\Z\n\0\0\0\rIHDR\0\0\0\0Y\0\0\0\0\0\0 IDATxe&@BH$(sbALCb<Dtrb)Ŧ\\l,xAEsTMCpZ,CKVNJZ;әuwvfKtwfvv}{gf4\0\0\0\0\0\0\0\0\0\0\0\0\0\0\0\0\0\0\0\0\0\0\0\0\0\0\0\0\0\0\0\0\0\0\0\0\0\0\0\0\0\0\0\0\0\0\0\0\0\0\0\0\0\0\0\0\0\0\0\0\0\0\0\0\0\0\0\0\0\0\0\0\0\0\0\0\0\0\0\0\0\0\0\0\0\0\0\0\0\0\0\0\0\0\0\0\0\0\0\0\0\0\0\0\0\0\0\0\0\0\0\0\0\0\0\0\0\0\0\0\0\0\0\0\0\0\0\0\0\0\0\0\0\0\0\0\0\0\0\0\0\0\0\0\0\0\0\0\0\0\0\0\0\0\0\0\0\0\0\0\0\0\0\0\0\0\0\0\0\0\0\0\0\0\0\0\0\0\0\0\0\0\0\0\0\0\0\0\0\0\0\0\0\0\0\0\0\0\0\0\0\0\0\0\0\0\0\0\0\0\0\0\0\0\0\0\0\0\0\0\0\0\0\0\0\0\0\0\0\0\0\0\0\0\0\0\0\0\0\0\0\0\0\0\0\0\0\0\0\0\0\0\0\0\0\0\0\0\0\0\0\0\0\0\0\0\0\0\0\0\0\0\0\0\0\0\0\0\0\0\0\0\0\0\0\0\0\0\0\0\0\0\0\0\0\0\0\0\0\0\0\0\0\0\0\0\0\0\0\0\0\0\0\0\0\0\0\0\0\0\0\0\0\0\0\0\0\0\0\0\0\0\0\0\0\0\0\0\0\0\0\0\0\0\0\0\0\0\0\0\0\0\0\0\0\0\0\0\0\0\0\0\0\0\0\0\0\0\0\0\0\0\0\0\0\0\0\0\0\0\0\0\0\0\0IeYv֭[_Sչ5k5R2$C2$C2\r.kfݻիW@Ȑ!%C2$Ch݀0(~)R2$C2\r,Nuo2dHɐ4ط䏽L)!I0\r̞ﺥ8.3PtdHdHdHi@W==٦fϭ~@eq%C2$C2$CJT۟!N/7XdHdHdHi@kt:KdHdH\Z\rt6uTsЉ&.!!R\Zh4ɐɐ)\r4nЉg*\Zt:KdHdH\Z\rtIA\'3XdHdHdHi@٦Gz+,3XdHdHdHi@WOsȠ(:2$C2$C24h+-ǡ:KdHdH\Z\rt靛^\\wg}cqwp2qɐɐɐ@ΏwnYopRmⶎM\\2$C2$C24Lz#uG!!R\Zh4Х\ZΑ`GɐɐLzN*KdHdHdT:2$C2$C24`1Ȑɐ!%C`1Ȑ!%C2$C`1Ȑ!%C2$C4,޷q9W/Yy9sfښutt|e7޸n7@+ɐɐ)\rm{n^{m,[~}ӓe!͞~,o~}k_{eWjAGdHdHzY߾wɆgnw̙K/=E:2$C2$C24Гye˖;wn|5Εzl֬Y&jAǠ#C2$CJCUV=y5d/b6^y,o]yV&.!!R\ZI%Vy=c)o{:4屓!!R\ZI!<ǶZy}ɛS5ĥdHdHٷn[n{ӊ+͘1	\r2q)!!nj<ƫmUW]Yrt:2$C2dHi)Vu߬ɐ)R\Zh;Fj֬YZ[[OnA[[[g^6tdHdHɐ@3x{_Y=q\rF[GIAGdH)\r45-Yx{zz_ȗ7ڠSt:2$C2dHi6o޼;wkk׮{{:GǠcБ!!%CJʹ3gf}}}um}>蔏tAǠ#C2$CJn\"ʠX%CJɐ	qWW}j\rӧO?.좋.\ZpYGGGvdw姮R2dHd:k{=`׾@/]4V&?yv9d{->׳O?=[dI{ٲeZN:x\\|Kwyuk|\Z8~jYI(Wd#ԺEeЇVw=~kO}Sَ;վϽޛqd\'|xG&n~>qL/!\r4Mg[*?7p<vq`S:\Zh~۳}s[_zu1E/X<ޒo~S5kրgƍ_{3<3۴iSe_xSyK*~YwwwQ/o+Zu]wesέz]QGU4GqDvwk׮>ۥJY@ \Zh+\\#vڀ\"2txz1Gջ+\Z]uU)il*-|Ƣ:w˖-۵kW1.\\T{TVz\r4~~Ehׁz^A\'\Z{NT|=&ZW>?я_ag>SLկSOͶo^43?b ܆2E&e(Vˍo41Tf@8Rk~bo?b9#ns__oo4~@}~_Ȟ}w\\˸Ϗ~O<!Cc<57ĞxuoǪ4\\6-Ɲo8HcK;y,mR?(./e㲸=_W*\r4c[ֿ\\}_jw\"t98GУlǭh.\\X|MO:VUT}	\'+LETk2mlc00eG-V[|gFGER]yVaAxLYNyK\rtrϙ3p8kR^uo8PKxCU+RKl۶mſx}(X	|A+7%\r\'Ə9Lw\ZâwuqPVc|3VG6ҙt&$>y&|$Ɱ%,W#|i\'|~^7͛{I$*>XՋ=ܚQ1(Eފ+W1:\Zh\rt4li[d(ؗ`je t`[:1m(7PRGsyhHI]k~\"Җj\ZT\0\'wĖx+7%\nw3T2nhSX\\gҁs:FP4БŴ<{EPg=5Ќ/˗^wu\n\r\rP+бR.VkUt:?>[ng}vqy`:j+~i\Zt\'Cq3xi)HEDj>X勬D.WhSPG2:5Rӆt TV8~鉢՚Kq`ו8Q>Џ(p\Z]mU8-$՚|28\rtSY<湸{^1~MƓ5Ќ9sl\'oCϚ\rt4cO\'c{I4D(\Z@ǖԼU:Nj@ēm]3Ov=`FxRS[xq9UN9WOhS]>iG:S5QqeǾr5~-@D4m	Y]W)I1\'0@W^oێI`o?5N[x2`Ud Zv nbOr0{ǥy޸q{lkk;YGhcU0=p8؉j{ʯSOc\rNl(+7<My̱76n/^_Ag2TncU_…6*ZwtWjszI@1^[8Z)24Jg\rKlF$KKJ<]W)i_e$\rtzUx{\ZRÜJ瓡xabT:+ߦ8)=mݿ\'y#Voo6;vx,oƶ5֍z:zk\rZNy_aŤL4Ng2CyP}bXՉ&*\r413o޼\'=iZ4PMىFr\ri4*՛xh4\"{}xv|AΫpgͻzl2L4\"q<mد	8SVk]WAWƑ6Бg`=5v)+1\rkvpsMK\r2tLv\ZhFeƌfϞwVc9疖w3NE}y1ĀMOB\Z*Q4,&THLvr`,_\\=ɀ#\nvPq&i5\'5>`X錆<ٳXf\ZY=cY&;Dnv/Bcpl؆Y\nt쓎MsjPʯ\'+?	(HON֬ēkK7!nkGGǛ~O,m#2Xeo[\n2g\ZyMX\'Ӥ6Vc59ޏI4qz5N7E̔T&\"[%CJS\'{Μ9y}#y|\"/o7yϳAǠ#C2$CJ1FhgΜٻdɒ{m===;cOYطo߮W_}]]]uM7=8cƌ8ǪsچAǠ#C2$CJqmmmҼ^Ϋ/w{^\r:!R2d:R2dHd:ĥdc\'C2$C`Q&.%C2$C2$CV!!R\Zh4\r:2$C2dHicБ!!%CJcБ!%CJdHL\\J<v2$C2eR2$C2$C2\ZheБ!!!Fݠ#C2$CJ\Z:!R2d:R2dHd:ĥdc\'C2$C`Q&.%C2$C2$CV!!R\Zh4\r:2$C2dHicБ!!%CJcБ!%CJdHL\\J<v2$C2eR2$C2$C2Qww?Ʃ|9 CJɐA[f^\rP===2dHɐ4+W^jժ7^{}\'h=my]\"CJɐA˃~A~!Nľ%UfpdHdHd𫵵U\0\0`[\0\0\0\r4\0\0h\0@\r\0\0\Zh\0\0@\0o\0\04\0\0\0\0\r4\0\0h\0@\r\0\0\Zh\0\0@\0\ZRJ)eF\0\Z\0\04\0\0\0\04\0\0\0\0\r4\0\0h\0@\r\0\0\Zh\0\0,.ۡn\0o?ׁ\Z薖\0\0M4OL>H%\0\0gZ\rt[[~C\0\0ph]m/\0\0P>d/\0\00a~3\0\0di\0\0^h\0\00މ\0Ȳȭ[.]~Yggsuuuek֬k^2dHdŤvڬ7ۿڽ{wz7IR2dŊIa&eHɐ!KM\ZSu@)h`̈́PW&CJLo̶ne|-Eq%C2$C2{zM/̞[q:GdHd@]I+Վ痛p4?2$C2$C\0\Zrm~W\\gȐɐhKW\\gȐɐhM\\&.!!\0F7qųkM\\q	G#C2$C2.Ֆu?9qu&͏ɐTl6=Ӧeq	G#C2$C2琉+.3٘dHdH\04ЕٖӦeq	G#C2$C2.׋0.`!!\0\rog;7kNZ6q[@!!)@c%C2$C2.pV{[2i~dHdH\0T=I+	H#C2$C20\Zhe!!e!!0qdHɐ!\0K)0q)͏!3cƌ\\ں4-y+˫/]\0&.ɐ)@]Wg^6éGw\0KdHԔi&	~hMsZ{饗[\0L\\&.!Rniiimoor3<cƌ;Nr/K-oVӓ[.;/}KM^р%C2$Cj6y|ASnެ7={+7}^k\0L\\&.!Rr<by4뮿&J4`2qɐɐ\rty.oXhQ6ъ/q4&ɐo湫|sX^{\0\r	%C2$C3/UW<mm(4&ɐfo;SsO\0wUhe\ZzB2$C2$CxX%~ǥWxuV&J*;[ZZ>)C2$C2Ԉ:nl<D\Z@+WՉTV[	!!-MׯZj\\xϲ\\\Zhe\Zj_	*O`2$C2$C-~`xϱ]\Zhe\ZU^	S2$C2$C{IEZ5@\rch!!jEZYφO~ɐDg(\n46q55!!j\rhKxu1dw^/m߾=;wnv\'fGuTvGg\'t!_K/m۶m&M\\OĻ|U6=<M\\čK<4s\n8].3<*>_pavwW#8hⲸ<.@{⪺Z\rpO/njJ&n\\j汧3u\rtDuD`||$kooϞz_ן}]~9眣\Z^V&Cdhƥf{9CNy3{Dw\"^bEiV|>o޼Ecri%Kdw\\q)R|>I@qVcdȕMܸcOg(^:57;Zh~auww_}^ؗ.[w˖-\Z)@qOWnӘy\rũU~2a_{{{7rA\'hh.]ZKر\'|iثP[ykr6yk`2J&n\\j汧3Ο?^.^{<Ծ~@\rQep	ق9sox\Z)@+D8r%C7.53I\Zڝ\ZEvs=mkk;U\0\Z覜	:{lG5NFk׮CnӦMz4C=j쁞hm\rthiiiMO(L+ѣ_Wl|70!%CJ=DǞr1Wۈ\'<G\re!!5\ZמrtNtJ.M#a0$?qvW[V3u%C2$Cj6WO.(k=π%C2$CjJ4ХF4α6\0KdHԔkx¼6or^}w{^ `2qɐɐ@L\\2dHKi~)0q)͏!!\0\r2qɐɐhKdH\Ze!!0qdHɐ!\0(R2`R%C2$C\0\Zhe!!@+ɐ)\r4%C2$CJ\r`2qɐ!%C\0&.Q2dĥ4?JdH\04%C2$C2V&.!R\Zh\0KdH\Ze!%CJ\0L\\JdH@6a4NR2dYfgooIĵY)h`+WhժUokLVWW׶.!%CJ\0\Z\\>X^ٹ!N7UfdHdH\0\0\0\0\0\0\0\0\0\0\0\0\0\0\0\0\0\0\0\0\0\0\0\0\0swְ,\0\0\0\0IENDB`',1),
('2cbc1318-2d3d-11eb-a3a6-227918fa15ea',1,'???.bpmn20.xml','2cbc1317-2d3d-11eb-a3a6-227918fa15ea','<?xml version=\"1.0\" encoding=\"UTF-8\"?>\n<definitions xmlns=\"http://www.omg.org/spec/BPMN/20100524/MODEL\" xmlns:xsi=\"http://www.w3.org/2001/XMLSchema-instance\" xmlns:xsd=\"http://www.w3.org/2001/XMLSchema\" xmlns:flowable=\"http://flowable.org/bpmn\" xmlns:bpmndi=\"http://www.omg.org/spec/BPMN/20100524/DI\" xmlns:omgdc=\"http://www.omg.org/spec/DD/20100524/DC\" xmlns:omgdi=\"http://www.omg.org/spec/DD/20100524/DI\" typeLanguage=\"http://www.w3.org/2001/XMLSchema\" expressionLanguage=\"http://www.w3.org/1999/XPath\" targetNamespace=\"http://www.flowable.org/processdef\">\n  <process id=\"out-factory\" name=\"外出单\" isExecutable=\"true\">\n    <startEvent id=\"startEvent1\" name=\"填单\" flowable:formKey=\"out-factory\" flowable:formFieldValidation=\"true\"></startEvent>\n    <userTask id=\"sid-E086BDD7-66B2-409F-B18C-B682DD9172DB\" name=\"申请人确认\" flowable:assignee=\"$INITIATOR\" flowable:formKey=\"out-factory\" flowable:formFieldValidation=\"true\" flowable:skipExpression=\"${_FLOWABLE_SKIP_EXPRESSION_ENABLED==true}\">\n      <extensionElements>\n        <modeler:activiti-idm-initiator xmlns:modeler=\"http://flowable.org/modeler\"><![CDATA[true]]></modeler:activiti-idm-initiator>\n      </extensionElements>\n    </userTask>\n    <sequenceFlow id=\"sid-FB957372-CC09-424B-88F0-30C09C3C100F\" sourceRef=\"startEvent1\" targetRef=\"sid-E086BDD7-66B2-409F-B18C-B682DD9172DB\"></sequenceFlow>\n    <userTask id=\"sid-ABCBD09C-DB79-4EE8-BB28-96FEBAAFF175\" name=\"主管审核\" flowable:assignee=\"${manager}\" flowable:formKey=\"out-factory\" flowable:formFieldValidation=\"true\">\n      <extensionElements>\n        <flowable:taskListener event=\"create\" class=\"com.deltaww.flowapi.listener.AutoAssigneeListener\"></flowable:taskListener>\n        <modeler:initiator-can-complete xmlns:modeler=\"http://flowable.org/modeler\"><![CDATA[false]]></modeler:initiator-can-complete>\n      </extensionElements>\n    </userTask>\n    <sequenceFlow id=\"sid-D2A7423F-91E0-430D-AA1A-09A1C246CA40\" sourceRef=\"sid-E086BDD7-66B2-409F-B18C-B682DD9172DB\" targetRef=\"sid-ABCBD09C-DB79-4EE8-BB28-96FEBAAFF175\"></sequenceFlow>\n    <endEvent id=\"sid-52A44D3B-7206-486E-8F26-58E536F8AFDB\" name=\"结束\"></endEvent>\n    <sequenceFlow id=\"sid-C1DDC6AA-BE98-4CC6-AB71-8C8C99AEDC5C\" sourceRef=\"sid-ABCBD09C-DB79-4EE8-BB28-96FEBAAFF175\" targetRef=\"sid-52A44D3B-7206-486E-8F26-58E536F8AFDB\"></sequenceFlow>\n  </process>\n  <bpmndi:BPMNDiagram id=\"BPMNDiagram_out-factory\">\n    <bpmndi:BPMNPlane bpmnElement=\"out-factory\" id=\"BPMNPlane_out-factory\">\n      <bpmndi:BPMNShape bpmnElement=\"startEvent1\" id=\"BPMNShape_startEvent1\">\n        <omgdc:Bounds height=\"30.0\" width=\"30.0\" x=\"100.0\" y=\"163.0\"></omgdc:Bounds>\n      </bpmndi:BPMNShape>\n      <bpmndi:BPMNShape bpmnElement=\"sid-E086BDD7-66B2-409F-B18C-B682DD9172DB\" id=\"BPMNShape_sid-E086BDD7-66B2-409F-B18C-B682DD9172DB\">\n        <omgdc:Bounds height=\"80.0\" width=\"100.0\" x=\"175.0\" y=\"138.0\"></omgdc:Bounds>\n      </bpmndi:BPMNShape>\n      <bpmndi:BPMNShape bpmnElement=\"sid-ABCBD09C-DB79-4EE8-BB28-96FEBAAFF175\" id=\"BPMNShape_sid-ABCBD09C-DB79-4EE8-BB28-96FEBAAFF175\">\n        <omgdc:Bounds height=\"80.0\" width=\"100.0\" x=\"320.0\" y=\"138.0\"></omgdc:Bounds>\n      </bpmndi:BPMNShape>\n      <bpmndi:BPMNShape bpmnElement=\"sid-52A44D3B-7206-486E-8F26-58E536F8AFDB\" id=\"BPMNShape_sid-52A44D3B-7206-486E-8F26-58E536F8AFDB\">\n        <omgdc:Bounds height=\"28.0\" width=\"28.0\" x=\"465.0\" y=\"164.0\"></omgdc:Bounds>\n      </bpmndi:BPMNShape>\n      <bpmndi:BPMNEdge bpmnElement=\"sid-D2A7423F-91E0-430D-AA1A-09A1C246CA40\" id=\"BPMNEdge_sid-D2A7423F-91E0-430D-AA1A-09A1C246CA40\">\n        <omgdi:waypoint x=\"274.9499999999907\" y=\"178.0\"></omgdi:waypoint>\n        <omgdi:waypoint x=\"319.9999999999807\" y=\"178.0\"></omgdi:waypoint>\n      </bpmndi:BPMNEdge>\n      <bpmndi:BPMNEdge bpmnElement=\"sid-C1DDC6AA-BE98-4CC6-AB71-8C8C99AEDC5C\" id=\"BPMNEdge_sid-C1DDC6AA-BE98-4CC6-AB71-8C8C99AEDC5C\">\n        <omgdi:waypoint x=\"419.95000000000005\" y=\"178.0\"></omgdi:waypoint>\n        <omgdi:waypoint x=\"465.0\" y=\"178.0\"></omgdi:waypoint>\n      </bpmndi:BPMNEdge>\n      <bpmndi:BPMNEdge bpmnElement=\"sid-FB957372-CC09-424B-88F0-30C09C3C100F\" id=\"BPMNEdge_sid-FB957372-CC09-424B-88F0-30C09C3C100F\">\n        <omgdi:waypoint x=\"129.9499984899576\" y=\"178.0\"></omgdi:waypoint>\n        <omgdi:waypoint x=\"174.9999999999917\" y=\"178.0\"></omgdi:waypoint>\n      </bpmndi:BPMNEdge>\n    </bpmndi:BPMNPlane>\n  </bpmndi:BPMNDiagram>\n</definitions>',0),
('2d2b2899-2d3d-11eb-a3a6-227918fa15ea',1,'???.out-factory.png','2cbc1317-2d3d-11eb-a3a6-227918fa15ea','PNG\r\n\Z\n\0\0\0\rIHDR\0\0\0\0\0\0\0\0@m\0\0~IDATx}Uu\0*z\"\"#ڨh%\"\"6\"6zs4\'5\"{6Du]5g|͔ްYCV7̜m}̧1<{yw/3;|s~\0\0\0\0\0\0\0\0\0\0\0\0\0\0\0\0\0\0\0\0\0\0\0\0\0\0\0\0\0\0\0\0\0\0\0\0\0\0\0\0\0\0\0\0\0\0\0\0\0\0\0\0\0\0\0\0\0\0\0\0\0\0\0\0\0\0\0\0\0\0\0\0\0\0\0\0\0\0\0\0\0\0\0\0\0\0\0\0\0\0\0\0\0\0\0\0\0\0\0\0\0\0\0\0\0\0\0\0\0\0\0\0\0\0\0\0\0\0\0\0\0\0\0\0\0\0\0\0\0\0\0\0\0\0\0\0\0\0\0\0\0\0\0\0\0\0\0\0\0\0\0\0\0\0\0\0\0\0\0\0\0\0\0\0\0\0\0\0\0\0\0\0\0\0\0\0\0\0\0\0\0\0\0\0\0\0\0\0\0\0\0\0\0\0\0\0\0\0\0\0\0\0\0\0\0\0\0\0\0\0\0\0\0\0\0\0\0\0\0\0\0\0\0\0\0\0\0\0\0\0\0\0\0\0\0\0\0\0\0\0\0\0\0\0\0\0\0\0\0\0\0\0\0\0\0\0\0\0\0\0\0\0\0\0\0\0\0\0\0$I޴iӬ5kؘ,^Xs444$+V49(+WLZZZ{;v$˗/ߕj9m)SrHzYL*ia\'P!zXQ9Cb0@/ޞlOW\rg6TaCr¼{dݢ)ɗo-SP5w9$*+[Cr}5OA0_t9SP5w9$*+?iaT]!@aC@8)C@捫)C@5%>|t[ܧjrHUV#66SY!\Z/$?CSmq!9TQamXJq+irHPK\\<1X#0]!Bsw#-#0Y!\ns9#F`\n.Papr\n.PaY(rH܅f9(\n;t%I755տ;˧Mk	F\Z><;p]w<y򦧟~zf\ZYɡS[[W555w5zV\Z:=ilN~c<NM}3Noĉ믿Y&ٶm[gϞ$ז?Os=-cǎYɡs뭷}\Z{KxCDG?Y޿Rk&>7|ٚP;i>3m{;^shs.;yZpa2z2Wf9$*MMM#FoQ&O=TdɒoM~駬&Uӧ\'v[im?He>?~|aÆ7lٲ%IwZǌ/63gfKعsgbOs8Ĉ=\Z{Qxt^{\n,P%؋}ҤI(plI7,k1[#F~4aiBsr؋S<H)\'|t~X\Z{_?~kmmj]hB7GG؋\rdRbsxCפ7Z{fYɡw*)\Z*yq[/V]aV8oq0\\_xޫ]\\y.;SzjͱfTI,i¬0!9T9W?\'5:/9MLݲ%e|ͤ?M>}m\\R\nOkjjVaV:xIq<L_bsnYeZqIoIe^QbAG{\n,@kg/[Ot\\-L|777ɲ\\\n,@ɶtJvcnYe/zDGU܃i2YaCrh s(voiqޣ[Vx~\\Y!P̡<NUfȑ{\\%#OW\\qѕ4zO\Zm?cL.9$i>ȝ?~oUk\n@Κ5+NKNp\r	\'E<ci=nܸNwܹeq&駟Yq\nε^%_u+2k\nȡ\"΋y?x7Oڶ͙3\'vJs/>Svg$v!kmʔ)hEG-:TZ0(<\nhwYQ.wvZgԔtIr-m1cFr&֭kvy%]wP.CED//ro~_}ɹn[kVVJ{~GCͽr<e{g\n;ϽQ@4\'f7vt;{ʶw6r?!K/e/O.N>dذa֭[˗gۻw|٬,CḚӄ#\"b&hڵY#\'xb,H:lI(7os#q;39D^gX\\|mt9ćJ%+Wͽr;e{PgĈ_W*eGh=4jGrJVcZt4F#8C+ǺiIz؁wsvG/Dn_tEYcKW^\\.\nuuuu\\M4-Y*{ȣwր#bDT:1\".NGi(H.f\0b[*ky.6ݻwg;ꨣʛXx#,A{wyM;7c=\ZE>y\\:ce=ޯwϵ)wq}ݷF;ӑ>\".6qwl/6|[kc{4\Zkjc4/ysF=^3n؋=n]:0\\s\Zaw(\rܑ{a9u,&LL<9?Gs/¥uO$c}?[4-u=ֺߋϿq5{1ꫯf?>o1nyA/m1yl\ZmX0WFsȓf\"x{9OƎٳ獯q;=?#fb \Z{8=sɔ)S{Ml}~i_}{:_Wk̴nذO\Z{SS5{êҦHtۑg}#8ʎ{0AWx@aiFh/w;13,\"^%{){Vؑ7;=Q/zMA]]]mZniiw}6o}zR# jgBDamӞ/B8.Nk˛{[ŷ5bz;,\nD#3{g#)m嬹\n;vZ7xcq>^upJFcǎ[#GcOj#(hbZ=cњ{4(}t饗;uVgbM4r(q$s|EǺ}iży \n\06Fץ8|(x#\'Ÿ?^AIwzݒPǎb5	WQq\\q=b0k:#LG>Av;?T|$`Ke:ԏ(;vh7Uˡxuʡ4vs4qS1W_~99ro%W=X5]\r9}<P|\Zc5J.x4|Z\\aCbh4^O;Xi}h5ɏ\Z5eڴi_}Gߤ{~k744> cI{(KYaCr&\'M}0kWFJfkoO	?-(>T =(W2Rf9$k܅,0]!@aVYaCBsfY!@s\nC,4w!\0YaCBsfY	Pf9$\0](rH\n܅fY	Pf9$4w@aV4w0!9(BsrPf]h¬0!\n,Y!Z466*{¼OC@/[bEb۶mrHzْ%K_lٟVqF[Q\Z\ZI&9$Z} -H?XC\0\0\0\0\0\0\0\0\0\0\0\0\0\0\0\0\0@\"G+ \0\0\0\0IENDB`',1),
('59d51655-2bc9-11eb-9d15-227918fa15ea',1,'out-factory.bpmn','59d51654-2bc9-11eb-9d15-227918fa15ea','<?xml version=\"1.0\" encoding=\"UTF-8\"?>\n<definitions xmlns=\"http://www.omg.org/spec/BPMN/20100524/MODEL\" xmlns:xsi=\"http://www.w3.org/2001/XMLSchema-instance\" xmlns:xsd=\"http://www.w3.org/2001/XMLSchema\" xmlns:flowable=\"http://flowable.org/bpmn\" xmlns:bpmndi=\"http://www.omg.org/spec/BPMN/20100524/DI\" xmlns:omgdc=\"http://www.omg.org/spec/DD/20100524/DC\" xmlns:omgdi=\"http://www.omg.org/spec/DD/20100524/DI\" typeLanguage=\"http://www.w3.org/2001/XMLSchema\" expressionLanguage=\"http://www.w3.org/1999/XPath\" targetNamespace=\"http://www.flowable.org/processdef\">\n  <process id=\"out-factory\" name=\"外出单\" isExecutable=\"true\">\n    <startEvent id=\"startEvent1\" name=\"填单\" flowable:initiator=\"initiator\" flowable:formKey=\"out-factory\" flowable:formFieldValidation=\"true\">\n      <extensionElements>\n        <flowable:formProperty id=\"_FLOWABLE_SKIP_EXPRESSION_ENABLED\" name=\"FLOWABLE_SKIP_EXPRESSION_ENABLED\" type=\"boolean\" default=\"true\"></flowable:formProperty>\n        <flowable:formProperty id=\"manager\" name=\"所属领导\" type=\"string\" default=\"manager\"></flowable:formProperty>\n      </extensionElements>\n    </startEvent>\n    <userTask id=\"sid-E086BDD7-66B2-409F-B18C-B682DD9172DB\" name=\"申请人确认\" flowable:assignee=\"${initiator}\" flowable:formKey=\"out-factory\" flowable:formFieldValidation=\"true\" flowable:skipExpression=\"${_FLOWABLE_SKIP_EXPRESSION_ENABLED==true}\">\n      <extensionElements>\n        <modeler:activiti-idm-initiator xmlns:modeler=\"http://flowable.org/modeler\"><![CDATA[true]]></modeler:activiti-idm-initiator>\n      </extensionElements>\n    </userTask>\n    <sequenceFlow id=\"sid-FB957372-CC09-424B-88F0-30C09C3C100F\" sourceRef=\"startEvent1\" targetRef=\"sid-E086BDD7-66B2-409F-B18C-B682DD9172DB\"></sequenceFlow>\n    <userTask id=\"sid-ABCBD09C-DB79-4EE8-BB28-96FEBAAFF175\" name=\"主管审核\" flowable:assignee=\"${manager}\" flowable:formKey=\"out-factory\" flowable:formFieldValidation=\"true\">\n      <extensionElements>\n        <modeler:initiator-can-complete xmlns:modeler=\"http://flowable.org/modeler\"><![CDATA[false]]></modeler:initiator-can-complete>\n      </extensionElements>\n    </userTask>\n    <sequenceFlow id=\"sid-D2A7423F-91E0-430D-AA1A-09A1C246CA40\" sourceRef=\"sid-E086BDD7-66B2-409F-B18C-B682DD9172DB\" targetRef=\"sid-ABCBD09C-DB79-4EE8-BB28-96FEBAAFF175\"></sequenceFlow>\n    <endEvent id=\"sid-52A44D3B-7206-486E-8F26-58E536F8AFDB\" name=\"结束\"></endEvent>\n    <sequenceFlow id=\"sid-C1DDC6AA-BE98-4CC6-AB71-8C8C99AEDC5C\" sourceRef=\"sid-ABCBD09C-DB79-4EE8-BB28-96FEBAAFF175\" targetRef=\"sid-52A44D3B-7206-486E-8F26-58E536F8AFDB\"></sequenceFlow>\n  </process>\n  <bpmndi:BPMNDiagram id=\"BPMNDiagram_out-factory\">\n    <bpmndi:BPMNPlane bpmnElement=\"out-factory\" id=\"BPMNPlane_out-factory\">\n      <bpmndi:BPMNShape bpmnElement=\"startEvent1\" id=\"BPMNShape_startEvent1\">\n        <omgdc:Bounds height=\"30.0\" width=\"30.0\" x=\"100.0\" y=\"163.0\"></omgdc:Bounds>\n      </bpmndi:BPMNShape>\n      <bpmndi:BPMNShape bpmnElement=\"sid-E086BDD7-66B2-409F-B18C-B682DD9172DB\" id=\"BPMNShape_sid-E086BDD7-66B2-409F-B18C-B682DD9172DB\">\n        <omgdc:Bounds height=\"80.0\" width=\"100.0\" x=\"175.0\" y=\"138.0\"></omgdc:Bounds>\n      </bpmndi:BPMNShape>\n      <bpmndi:BPMNShape bpmnElement=\"sid-ABCBD09C-DB79-4EE8-BB28-96FEBAAFF175\" id=\"BPMNShape_sid-ABCBD09C-DB79-4EE8-BB28-96FEBAAFF175\">\n        <omgdc:Bounds height=\"80.0\" width=\"100.0\" x=\"320.0\" y=\"138.0\"></omgdc:Bounds>\n      </bpmndi:BPMNShape>\n      <bpmndi:BPMNShape bpmnElement=\"sid-52A44D3B-7206-486E-8F26-58E536F8AFDB\" id=\"BPMNShape_sid-52A44D3B-7206-486E-8F26-58E536F8AFDB\">\n        <omgdc:Bounds height=\"28.0\" width=\"28.0\" x=\"465.0\" y=\"164.0\"></omgdc:Bounds>\n      </bpmndi:BPMNShape>\n      <bpmndi:BPMNEdge bpmnElement=\"sid-D2A7423F-91E0-430D-AA1A-09A1C246CA40\" id=\"BPMNEdge_sid-D2A7423F-91E0-430D-AA1A-09A1C246CA40\">\n        <omgdi:waypoint x=\"274.9499999999907\" y=\"178.0\"></omgdi:waypoint>\n        <omgdi:waypoint x=\"319.9999999999807\" y=\"178.0\"></omgdi:waypoint>\n      </bpmndi:BPMNEdge>\n      <bpmndi:BPMNEdge bpmnElement=\"sid-C1DDC6AA-BE98-4CC6-AB71-8C8C99AEDC5C\" id=\"BPMNEdge_sid-C1DDC6AA-BE98-4CC6-AB71-8C8C99AEDC5C\">\n        <omgdi:waypoint x=\"419.95000000000005\" y=\"178.0\"></omgdi:waypoint>\n        <omgdi:waypoint x=\"465.0\" y=\"178.0\"></omgdi:waypoint>\n      </bpmndi:BPMNEdge>\n      <bpmndi:BPMNEdge bpmnElement=\"sid-FB957372-CC09-424B-88F0-30C09C3C100F\" id=\"BPMNEdge_sid-FB957372-CC09-424B-88F0-30C09C3C100F\">\n        <omgdi:waypoint x=\"129.9499984899576\" y=\"178.0\"></omgdi:waypoint>\n        <omgdi:waypoint x=\"174.9999999999917\" y=\"178.0\"></omgdi:waypoint>\n      </bpmndi:BPMNEdge>\n    </bpmndi:BPMNPlane>\n  </bpmndi:BPMNDiagram>\n</definitions>',0),
('59f71d46-2bc9-11eb-9d15-227918fa15ea',1,'out-factory.out-factory.png','59d51654-2bc9-11eb-9d15-227918fa15ea','PNG\r\n\Z\n\0\0\0\rIHDR\0\0\0\0\0\0\0\0@m\0\0~IDATx}Uu\0*z\"\"#ڨh%\"\"6\"6zs4\'5\"{6Du]5g|͔ްYCV7̜m}̧1<{yw/3;|s~\0\0\0\0\0\0\0\0\0\0\0\0\0\0\0\0\0\0\0\0\0\0\0\0\0\0\0\0\0\0\0\0\0\0\0\0\0\0\0\0\0\0\0\0\0\0\0\0\0\0\0\0\0\0\0\0\0\0\0\0\0\0\0\0\0\0\0\0\0\0\0\0\0\0\0\0\0\0\0\0\0\0\0\0\0\0\0\0\0\0\0\0\0\0\0\0\0\0\0\0\0\0\0\0\0\0\0\0\0\0\0\0\0\0\0\0\0\0\0\0\0\0\0\0\0\0\0\0\0\0\0\0\0\0\0\0\0\0\0\0\0\0\0\0\0\0\0\0\0\0\0\0\0\0\0\0\0\0\0\0\0\0\0\0\0\0\0\0\0\0\0\0\0\0\0\0\0\0\0\0\0\0\0\0\0\0\0\0\0\0\0\0\0\0\0\0\0\0\0\0\0\0\0\0\0\0\0\0\0\0\0\0\0\0\0\0\0\0\0\0\0\0\0\0\0\0\0\0\0\0\0\0\0\0\0\0\0\0\0\0\0\0\0\0\0\0\0\0\0\0\0\0\0\0\0\0\0\0\0\0\0\0\0\0\0\0\0\0\0$I޴iӬ5kؘ,^Xs444$+V49(+WLZZZ{;v$˗/ߕj9m)SrHzYL*ia\'P!zXQ9Cb0@/ޞlOW\rg6TaCr¼{dݢ)ɗo-SP5w9$*+[Cr}5OA0_t9SP5w9$*+?iaT]!@aC@8)C@捫)C@5%>|t[ܧjrHUV#66SY!\Z/$?CSmq!9TQamXJq+irHPK\\<1X#0]!Bsw#-#0Y!\ns9#F`\n.Papr\n.PaY(rH܅f9(\n;t%I755տ;˧Mk	F\Z><;p]w<y򦧟~zf\ZYɡS[[W555w5zV\Z:=ilN~c<NM}3Noĉ믿Y&ٶm[gϞ$ז?Os=-cǎYɡs뭷}\Z{KxCDG?Y޿Rk&>7|ٚP;i>3m{;^shs.;yZpa2z2Wf9$*MMM#FoQ&O=TdɒoM~駬&Uӧ\'v[im?He>?~|aÆ7lٲ%IwZǌ/63gfKعsgbOs8Ĉ=\Z{Qxt^{\n,P%؋}ҤI(plI7,k1[#F~4aiBsr؋S<H)\'|t~X\Z{_?~kmmj]hB7GG؋\rdRbsxCפ7Z{fYɡw*)\Z*yq[/V]aV8oq0\\_xޫ]\\y.;SzjͱfTI,i¬0!9T9W?\'5:/9MLݲ%e|ͤ?M>}m\\R\nOkjjVaV:xIq<L_bsnYeZqIoIe^QbAG{\n,@kg/[Ot\\-L|777ɲ\\\n,@ɶtJvcnYe/zDGU܃i2YaCrh s(voiqޣ[Vx~\\Y!P̡<NUfȑ{\\%#OW\\qѕ4zO\Zm?cL.9$i>ȝ?~oUk\n@Κ5+NKNp\r	\'E<ci=nܸNwܹeq&駟Yq\nε^%_u+2k\nȡ\"΋y?x7Oڶ͙3\'vJs/>Svg$v!kmʔ)hEG-:TZ0(<\nhwYQ.wvZgԔtIr-m1cFr&֭kvy%]wP.CED//ro~_}ɹn[kVVJ{~GCͽr<e{g\n;ϽQ@4\'f7vt;{ʶw6r?!K/e/O.N>dذa֭[˗gۻw|٬,CḚӄ#\"b&hڵY#\'xb,H:lI(7os#q;39D^gX\\|mt9ćJ%+Wͽr;e{PgĈ_W*eGh=4jGrJVcZt4F#8C+ǺiIz؁wsvG/Dn_tEYcKW^\\.\nuuuu\\M4-Y*{ȣwր#bDT:1\".NGi(H.f\0b[*ky.6ݻwg;ꨣʛXx#,A{wyM;7c=\ZE>y\\:ce=ޯwϵ)wq}ݷF;ӑ>\".6qwl/6|[kc{4\Zkjc4/ysF=^3n؋=n]:0\\s\Zaw(\rܑ{a9u,&LL<9?Gs/¥uO$c}?[4-u=ֺߋϿq5{1ꫯf?>o1nyA/m1yl\ZmX0WFsȓf\"x{9OƎٳ獯q;=?#fb \Z{8=sɔ)S{Ml}~i_}{:_Wk̴nذO\Z{SS5{êҦHtۑg}#8ʎ{0AWx@aiFh/w;13,\"^%{){Vؑ7;=Q/zMA]]]mZniiw}6o}zR# jgBDamӞ/B8.Nk˛{[ŷ5bz;,\nD#3{g#)m嬹\n;vZ7xcq>^upJFcǎ[#GcOj#(hbZ=cњ{4(}t饗;uVgbM4r(q$s|EǺ}iży \n\06Fץ8|(x#\'Ÿ?^AIwzݒPǎb5	WQq\\q=b0k:#LG>Av;?T|$`Ke:ԏ(;vh7Uˡxuʡ4vs4qS1W_~99ro%W=X5]\r9}<P|\Zc5J.x4|Z\\aCbh4^O;Xi}h5ɏ\Z5eڴi_}Gߤ{~k744> cI{(KYaCr&\'M}0kWFJfkoO	?-(>T =(W2Rf9$k܅,0]!@aVYaCBsfY!@s\nC,4w!\0YaCBsfY	Pf9$\0](rH\n܅fY	Pf9$4w@aV4w0!9(BsrPf]h¬0!\n,Y!Z466*{¼OC@/[bEb۶mrHzْ%K_lٟVqF[Q\Z\ZI&9$Z} -H?XC\0\0\0\0\0\0\0\0\0\0\0\0\0\0\0\0\0@\"G+ \0\0\0\0IENDB`',1),
('5c0b5346-2d58-11eb-b88c-227918fa15ea',1,'rehire-form.bpmn','5c0b5345-2d58-11eb-b88c-227918fa15ea','<?xml version=\"1.0\" encoding=\"UTF-8\"?>\n<definitions xmlns=\"http://www.omg.org/spec/BPMN/20100524/MODEL\" xmlns:xsi=\"http://www.w3.org/2001/XMLSchema-instance\" xmlns:xsd=\"http://www.w3.org/2001/XMLSchema\" xmlns:flowable=\"http://flowable.org/bpmn\" xmlns:bpmndi=\"http://www.omg.org/spec/BPMN/20100524/DI\" xmlns:omgdc=\"http://www.omg.org/spec/DD/20100524/DC\" xmlns:omgdi=\"http://www.omg.org/spec/DD/20100524/DI\" typeLanguage=\"http://www.w3.org/2001/XMLSchema\" expressionLanguage=\"http://www.w3.org/1999/XPath\" targetNamespace=\"http://www.flowable.org/processdef\">\n  <process id=\"rehire-form\" name=\"返廠申請單\" isExecutable=\"true\">\n    <startEvent id=\"startEvent1\" flowable:initiator=\"initiator\" flowable:formKey=\"rehire-form\" flowable:formFieldValidation=\"true\"></startEvent>\n    <userTask id=\"sid-0F6E5EC1-F13F-4EB9-95B0-306DE8FC4399\" flowable:formFieldValidation=\"true\"></userTask>\n    <sequenceFlow id=\"sid-345367B5-F2D6-40E7-A1B1-D802F28D51BD\" sourceRef=\"startEvent1\" targetRef=\"sid-0F6E5EC1-F13F-4EB9-95B0-306DE8FC4399\"></sequenceFlow>\n    <endEvent id=\"sid-28104B17-66FC-492B-8654-D19352BABECE\"></endEvent>\n    <sequenceFlow id=\"sid-6A43BA7B-9987-46BC-AB2A-44F15554599B\" sourceRef=\"sid-0F6E5EC1-F13F-4EB9-95B0-306DE8FC4399\" targetRef=\"sid-28104B17-66FC-492B-8654-D19352BABECE\"></sequenceFlow>\n  </process>\n  <bpmndi:BPMNDiagram id=\"BPMNDiagram_rehire-form\">\n    <bpmndi:BPMNPlane bpmnElement=\"rehire-form\" id=\"BPMNPlane_rehire-form\">\n      <bpmndi:BPMNShape bpmnElement=\"startEvent1\" id=\"BPMNShape_startEvent1\">\n        <omgdc:Bounds height=\"30.0\" width=\"30.0\" x=\"100.0\" y=\"163.0\"></omgdc:Bounds>\n      </bpmndi:BPMNShape>\n      <bpmndi:BPMNShape bpmnElement=\"sid-0F6E5EC1-F13F-4EB9-95B0-306DE8FC4399\" id=\"BPMNShape_sid-0F6E5EC1-F13F-4EB9-95B0-306DE8FC4399\">\n        <omgdc:Bounds height=\"80.0\" width=\"100.0\" x=\"175.0\" y=\"138.0\"></omgdc:Bounds>\n      </bpmndi:BPMNShape>\n      <bpmndi:BPMNShape bpmnElement=\"sid-28104B17-66FC-492B-8654-D19352BABECE\" id=\"BPMNShape_sid-28104B17-66FC-492B-8654-D19352BABECE\">\n        <omgdc:Bounds height=\"28.0\" width=\"28.0\" x=\"320.0\" y=\"164.0\"></omgdc:Bounds>\n      </bpmndi:BPMNShape>\n      <bpmndi:BPMNEdge bpmnElement=\"sid-6A43BA7B-9987-46BC-AB2A-44F15554599B\" id=\"BPMNEdge_sid-6A43BA7B-9987-46BC-AB2A-44F15554599B\">\n        <omgdi:waypoint x=\"274.95000000000005\" y=\"178.0\"></omgdi:waypoint>\n        <omgdi:waypoint x=\"320.0\" y=\"178.0\"></omgdi:waypoint>\n      </bpmndi:BPMNEdge>\n      <bpmndi:BPMNEdge bpmnElement=\"sid-345367B5-F2D6-40E7-A1B1-D802F28D51BD\" id=\"BPMNEdge_sid-345367B5-F2D6-40E7-A1B1-D802F28D51BD\">\n        <omgdi:waypoint x=\"129.9499984899576\" y=\"178.0\"></omgdi:waypoint>\n        <omgdi:waypoint x=\"174.9999999999917\" y=\"178.0\"></omgdi:waypoint>\n      </bpmndi:BPMNEdge>\n    </bpmndi:BPMNPlane>\n  </bpmndi:BPMNDiagram>\n</definitions>',0),
('5c2e1d87-2d58-11eb-b88c-227918fa15ea',1,'rehire-form.rehire-form.png','5c0b5345-2d58-11eb-b88c-227918fa15ea','PNG\r\n\Z\n\0\0\0\rIHDR\0\0f\0\0\0\0\0\0)q\0\0	nIDATx[kUa/GE/\05ф(FgGD<	Bba֎1qVTj9&ڌ:&ƨh2d;f&˛wq\0\0\0\0\0\0\0\0\0\0\0\0\0\0\0\0\0\0\0\0\0\0\0\0\0\0\0\0\0\0\0\0\0\0\0\0\0\0\0\0\0\0\0\0\0\0\0\0\0\0\0\0\0\0\0\0\0\0\0\0\0\0\0\0\0\0\0\0\0\0\0\0\0\0\0\0\0\0\0\0\0\0\0\0\0\0\0\0\0\0\0\0\0\0\0\0\0\0\0\0\0\0\0\0\0\0\0\0\0\0\0\0\0\0\0\0\0\0\0\0\0\0\0\0\0\0\0\0\0\0\0\0\0\0\0\0\0\0\0\0\0\0\0\0\0\0\0\0\0\0\0\0\0\0\0\0\0\0\0\0\0\0\0\0\0\0\0\0\0\0\0\0\0\0\0\0\0\0\0\0\0\0\0\0\0\0\0\0\0\0\0\0@$oܸٳg_577\'&ijjJN80UH`\\ɓ\'|yar!ғ0ŕ(M\nƸ}!3!J UG%sNƹ/+Mk&}\n3=ܰ:tx[??\'WN3s!Af 0_=y0	0)r!?\'0c;*?\'7dU-|m9Af 0ǹ	s\n31yrTaRs/cs0i9;$?!5k(Pll,@ae<Y`sG\Z0yf@0,̀0a%II[[[ݻoڴkjj)S$UUUΝ۷r7oly*++RQQ1?__i<>?u4Fo߾֭[׿xdΝٳg7_\'!ɢE^/Yٳg	M:a\Z	q.s,|}Z!ׯ||2ŋ+V:y	桅Nq=1~ߜ,swW<2gΜСC9Y9***L6?ّL6nܘ$wI<y2p>={lӧO\'۷oOO>8O4ʭ]`Arڵ$nݺ̚57l(B2;{\ZEww_fe$cs=0r}a\\ͅYRΎҥKV#]rg+rSZ)o<cƌp|*f,9)go_]1RqcÆ\r5>Udڵ}qO>~VXsrSJyQΎIu+aCŋ͛Y?f	0V$.{Oymkd9(rN9^K.Y9anD3pW{j.uh.PqN0fa.1˼W=*t)+16]v%iھ}xKi,̅8f=u[l)9ϕg_۬t̙[`9Tl\'U|Տ0h7Ͼ|kkkAϱxJ!+1D+,wa}r	0z@EYwħeH\'eI?\n0\nӓ|]\"7ܥsYwҕ?c[>sqM)CISS]]:sOOOgL8q+CYUbfx,K{(=淂lYqc&gWU\r\r\r)ҫ2wf\r0s>!We[J:Ev{W,<\\LVZJοiӦFfax_8Ӹ/;JҥKֳ2\Z\Z\Z,̣Yl̙-[֟ª;/xt=].c=]Lյyq?;~\\a6eczsX`^-	S&mmmL0Oaw0)CUUUa,w޽Sǫ˼RQn*++kkW1@\\Q6,y^9d9.\\/e))s!|?meܾ`90\\ӝxs	%3q\"oٱcGR]]j݆O\\c}𝸹=rѣG/>>0sεF8\')@OڴiӕSNߵ;2>$Ͼhjj5k	oă$~.WY}	t5r{W72OI[?.#af\ZaYa60lfa3 Faf@0,̀0aYa60lf#̀03 Faf@0,3!JN8%E0aꨄ1W=xG?J9FvIJ`\\gav.8Mܯ2\0\0\0\0\0\0\0\0\0\0\0\0W#y^\0\0\0\0IENDB`',1),
('5f2f47f5-2f82-11eb-bdfc-227918fa15ea',1,'out-factory.bpmn','5f2f47f4-2f82-11eb-bdfc-227918fa15ea','<?xml version=\"1.0\" encoding=\"UTF-8\"?>\n<definitions xmlns=\"http://www.omg.org/spec/BPMN/20100524/MODEL\" xmlns:xsi=\"http://www.w3.org/2001/XMLSchema-instance\" xmlns:xsd=\"http://www.w3.org/2001/XMLSchema\" xmlns:flowable=\"http://flowable.org/bpmn\" xmlns:bpmndi=\"http://www.omg.org/spec/BPMN/20100524/DI\" xmlns:omgdc=\"http://www.omg.org/spec/DD/20100524/DC\" xmlns:omgdi=\"http://www.omg.org/spec/DD/20100524/DI\" typeLanguage=\"http://www.w3.org/2001/XMLSchema\" expressionLanguage=\"http://www.w3.org/1999/XPath\" targetNamespace=\"http://www.flowable.org/processdef\">\n  <process id=\"out-factory\" name=\"外出单\" isExecutable=\"true\">\n    <startEvent id=\"startEvent1\" name=\"填单\" flowable:initiator=\"initiator\" flowable:formKey=\"out-factory\" flowable:formFieldValidation=\"true\"></startEvent>\n    <userTask id=\"sid-E086BDD7-66B2-409F-B18C-B682DD9172DB\" name=\"申请人确认\" flowable:assignee=\"${initiator}\" flowable:formKey=\"out-factory\" flowable:formFieldValidation=\"true\" flowable:skipExpression=\"${skip}\">\n      <extensionElements>\n        <modeler:activiti-idm-initiator xmlns:modeler=\"http://flowable.org/modeler\"><![CDATA[true]]></modeler:activiti-idm-initiator>\n      </extensionElements>\n    </userTask>\n    <sequenceFlow id=\"sid-FB957372-CC09-424B-88F0-30C09C3C100F\" sourceRef=\"startEvent1\" targetRef=\"sid-E086BDD7-66B2-409F-B18C-B682DD9172DB\"></sequenceFlow>\n    <userTask id=\"sid-ABCBD09C-DB79-4EE8-BB28-96FEBAAFF175\" name=\"主管审核\" flowable:assignee=\"${manager}\" flowable:formKey=\"out-factory\" flowable:formFieldValidation=\"true\" flowable:skipExpression=\"${manager==initiator}\">\n      <extensionElements>\n        <flowable:taskListener event=\"create\" class=\"com.deltaww.flowapi.listener.AutoAssigneeListener\"></flowable:taskListener>\n        <modeler:initiator-can-complete xmlns:modeler=\"http://flowable.org/modeler\"><![CDATA[false]]></modeler:initiator-can-complete>\n      </extensionElements>\n    </userTask>\n    <sequenceFlow id=\"sid-D2A7423F-91E0-430D-AA1A-09A1C246CA40\" sourceRef=\"sid-E086BDD7-66B2-409F-B18C-B682DD9172DB\" targetRef=\"sid-ABCBD09C-DB79-4EE8-BB28-96FEBAAFF175\"></sequenceFlow>\n    <endEvent id=\"sid-52A44D3B-7206-486E-8F26-58E536F8AFDB\" name=\"结束\"></endEvent>\n    <sequenceFlow id=\"sid-C1DDC6AA-BE98-4CC6-AB71-8C8C99AEDC5C\" sourceRef=\"sid-ABCBD09C-DB79-4EE8-BB28-96FEBAAFF175\" targetRef=\"sid-52A44D3B-7206-486E-8F26-58E536F8AFDB\"></sequenceFlow>\n  </process>\n  <bpmndi:BPMNDiagram id=\"BPMNDiagram_out-factory\">\n    <bpmndi:BPMNPlane bpmnElement=\"out-factory\" id=\"BPMNPlane_out-factory\">\n      <bpmndi:BPMNShape bpmnElement=\"startEvent1\" id=\"BPMNShape_startEvent1\">\n        <omgdc:Bounds height=\"30.0\" width=\"30.0\" x=\"100.0\" y=\"163.0\"></omgdc:Bounds>\n      </bpmndi:BPMNShape>\n      <bpmndi:BPMNShape bpmnElement=\"sid-E086BDD7-66B2-409F-B18C-B682DD9172DB\" id=\"BPMNShape_sid-E086BDD7-66B2-409F-B18C-B682DD9172DB\">\n        <omgdc:Bounds height=\"80.0\" width=\"100.0\" x=\"175.0\" y=\"138.0\"></omgdc:Bounds>\n      </bpmndi:BPMNShape>\n      <bpmndi:BPMNShape bpmnElement=\"sid-ABCBD09C-DB79-4EE8-BB28-96FEBAAFF175\" id=\"BPMNShape_sid-ABCBD09C-DB79-4EE8-BB28-96FEBAAFF175\">\n        <omgdc:Bounds height=\"80.0\" width=\"100.0\" x=\"320.0\" y=\"138.0\"></omgdc:Bounds>\n      </bpmndi:BPMNShape>\n      <bpmndi:BPMNShape bpmnElement=\"sid-52A44D3B-7206-486E-8F26-58E536F8AFDB\" id=\"BPMNShape_sid-52A44D3B-7206-486E-8F26-58E536F8AFDB\">\n        <omgdc:Bounds height=\"28.0\" width=\"28.0\" x=\"465.0\" y=\"164.0\"></omgdc:Bounds>\n      </bpmndi:BPMNShape>\n      <bpmndi:BPMNEdge bpmnElement=\"sid-D2A7423F-91E0-430D-AA1A-09A1C246CA40\" id=\"BPMNEdge_sid-D2A7423F-91E0-430D-AA1A-09A1C246CA40\">\n        <omgdi:waypoint x=\"274.9499999999907\" y=\"178.0\"></omgdi:waypoint>\n        <omgdi:waypoint x=\"319.9999999999807\" y=\"178.0\"></omgdi:waypoint>\n      </bpmndi:BPMNEdge>\n      <bpmndi:BPMNEdge bpmnElement=\"sid-C1DDC6AA-BE98-4CC6-AB71-8C8C99AEDC5C\" id=\"BPMNEdge_sid-C1DDC6AA-BE98-4CC6-AB71-8C8C99AEDC5C\">\n        <omgdi:waypoint x=\"419.95000000000005\" y=\"178.0\"></omgdi:waypoint>\n        <omgdi:waypoint x=\"465.0\" y=\"178.0\"></omgdi:waypoint>\n      </bpmndi:BPMNEdge>\n      <bpmndi:BPMNEdge bpmnElement=\"sid-FB957372-CC09-424B-88F0-30C09C3C100F\" id=\"BPMNEdge_sid-FB957372-CC09-424B-88F0-30C09C3C100F\">\n        <omgdi:waypoint x=\"129.9499984899576\" y=\"178.0\"></omgdi:waypoint>\n        <omgdi:waypoint x=\"174.9999999999917\" y=\"178.0\"></omgdi:waypoint>\n      </bpmndi:BPMNEdge>\n    </bpmndi:BPMNPlane>\n  </bpmndi:BPMNDiagram>\n</definitions>',0),
('6019d9b8-2f83-11eb-bdfc-227918fa15ea',1,'out-factory.bpmn','6019d9b7-2f83-11eb-bdfc-227918fa15ea','<?xml version=\"1.0\" encoding=\"UTF-8\"?>\n<definitions xmlns=\"http://www.omg.org/spec/BPMN/20100524/MODEL\" xmlns:xsi=\"http://www.w3.org/2001/XMLSchema-instance\" xmlns:xsd=\"http://www.w3.org/2001/XMLSchema\" xmlns:flowable=\"http://flowable.org/bpmn\" xmlns:bpmndi=\"http://www.omg.org/spec/BPMN/20100524/DI\" xmlns:omgdc=\"http://www.omg.org/spec/DD/20100524/DC\" xmlns:omgdi=\"http://www.omg.org/spec/DD/20100524/DI\" typeLanguage=\"http://www.w3.org/2001/XMLSchema\" expressionLanguage=\"http://www.w3.org/1999/XPath\" targetNamespace=\"http://www.flowable.org/processdef\">\n  <process id=\"out-factory\" name=\"外出单\" isExecutable=\"true\">\n    <startEvent id=\"startEvent1\" name=\"填单\" flowable:initiator=\"initiator\" flowable:formKey=\"out-factory\" flowable:formFieldValidation=\"true\"></startEvent>\n    <userTask id=\"sid-E086BDD7-66B2-409F-B18C-B682DD9172DB\" name=\"申请人确认\" flowable:assignee=\"${initiator}\" flowable:formKey=\"out-factory\" flowable:formFieldValidation=\"true\" flowable:skipExpression=\"${skip}\">\n      <extensionElements>\n        <modeler:activiti-idm-initiator xmlns:modeler=\"http://flowable.org/modeler\"><![CDATA[true]]></modeler:activiti-idm-initiator>\n      </extensionElements>\n    </userTask>\n    <sequenceFlow id=\"sid-FB957372-CC09-424B-88F0-30C09C3C100F\" sourceRef=\"startEvent1\" targetRef=\"sid-E086BDD7-66B2-409F-B18C-B682DD9172DB\"></sequenceFlow>\n    <userTask id=\"sid-ABCBD09C-DB79-4EE8-BB28-96FEBAAFF175\" name=\"主管审核\" flowable:assignee=\"${manager}\" flowable:formKey=\"out-factory\" flowable:formFieldValidation=\"true\" flowable:skipExpression=\"${manager==initiator}\">\n      <extensionElements>\n        <flowable:taskListener event=\"create\" class=\"com.deltaww.flowapi.listener.AutoAssigneeListener\"></flowable:taskListener>\n        <modeler:initiator-can-complete xmlns:modeler=\"http://flowable.org/modeler\"><![CDATA[false]]></modeler:initiator-can-complete>\n      </extensionElements>\n    </userTask>\n    <sequenceFlow id=\"sid-D2A7423F-91E0-430D-AA1A-09A1C246CA40\" sourceRef=\"sid-E086BDD7-66B2-409F-B18C-B682DD9172DB\" targetRef=\"sid-ABCBD09C-DB79-4EE8-BB28-96FEBAAFF175\"></sequenceFlow>\n    <endEvent id=\"sid-52A44D3B-7206-486E-8F26-58E536F8AFDB\" name=\"结束\"></endEvent>\n    <sequenceFlow id=\"sid-C1DDC6AA-BE98-4CC6-AB71-8C8C99AEDC5C\" sourceRef=\"sid-ABCBD09C-DB79-4EE8-BB28-96FEBAAFF175\" targetRef=\"sid-52A44D3B-7206-486E-8F26-58E536F8AFDB\"></sequenceFlow>\n  </process>\n  <bpmndi:BPMNDiagram id=\"BPMNDiagram_out-factory\">\n    <bpmndi:BPMNPlane bpmnElement=\"out-factory\" id=\"BPMNPlane_out-factory\">\n      <bpmndi:BPMNShape bpmnElement=\"startEvent1\" id=\"BPMNShape_startEvent1\">\n        <omgdc:Bounds height=\"30.0\" width=\"30.0\" x=\"100.0\" y=\"163.0\"></omgdc:Bounds>\n      </bpmndi:BPMNShape>\n      <bpmndi:BPMNShape bpmnElement=\"sid-E086BDD7-66B2-409F-B18C-B682DD9172DB\" id=\"BPMNShape_sid-E086BDD7-66B2-409F-B18C-B682DD9172DB\">\n        <omgdc:Bounds height=\"80.0\" width=\"100.0\" x=\"175.0\" y=\"138.0\"></omgdc:Bounds>\n      </bpmndi:BPMNShape>\n      <bpmndi:BPMNShape bpmnElement=\"sid-ABCBD09C-DB79-4EE8-BB28-96FEBAAFF175\" id=\"BPMNShape_sid-ABCBD09C-DB79-4EE8-BB28-96FEBAAFF175\">\n        <omgdc:Bounds height=\"80.0\" width=\"100.0\" x=\"320.0\" y=\"138.0\"></omgdc:Bounds>\n      </bpmndi:BPMNShape>\n      <bpmndi:BPMNShape bpmnElement=\"sid-52A44D3B-7206-486E-8F26-58E536F8AFDB\" id=\"BPMNShape_sid-52A44D3B-7206-486E-8F26-58E536F8AFDB\">\n        <omgdc:Bounds height=\"28.0\" width=\"28.0\" x=\"465.0\" y=\"164.0\"></omgdc:Bounds>\n      </bpmndi:BPMNShape>\n      <bpmndi:BPMNEdge bpmnElement=\"sid-D2A7423F-91E0-430D-AA1A-09A1C246CA40\" id=\"BPMNEdge_sid-D2A7423F-91E0-430D-AA1A-09A1C246CA40\">\n        <omgdi:waypoint x=\"274.9499999999907\" y=\"178.0\"></omgdi:waypoint>\n        <omgdi:waypoint x=\"319.9999999999807\" y=\"178.0\"></omgdi:waypoint>\n      </bpmndi:BPMNEdge>\n      <bpmndi:BPMNEdge bpmnElement=\"sid-C1DDC6AA-BE98-4CC6-AB71-8C8C99AEDC5C\" id=\"BPMNEdge_sid-C1DDC6AA-BE98-4CC6-AB71-8C8C99AEDC5C\">\n        <omgdi:waypoint x=\"419.95000000000005\" y=\"178.0\"></omgdi:waypoint>\n        <omgdi:waypoint x=\"465.0\" y=\"178.0\"></omgdi:waypoint>\n      </bpmndi:BPMNEdge>\n      <bpmndi:BPMNEdge bpmnElement=\"sid-FB957372-CC09-424B-88F0-30C09C3C100F\" id=\"BPMNEdge_sid-FB957372-CC09-424B-88F0-30C09C3C100F\">\n        <omgdi:waypoint x=\"129.9499984899576\" y=\"178.0\"></omgdi:waypoint>\n        <omgdi:waypoint x=\"174.9999999999917\" y=\"178.0\"></omgdi:waypoint>\n      </bpmndi:BPMNEdge>\n    </bpmndi:BPMNPlane>\n  </bpmndi:BPMNDiagram>\n</definitions>',0),
('608f7ee9-2f83-11eb-bdfc-227918fa15ea',1,'out-factory.out-factory.png','6019d9b7-2f83-11eb-bdfc-227918fa15ea','PNG\r\n\Z\n\0\0\0\rIHDR\0\0\0\0\0\0\0\0@m\0\0~IDATx}Uu\0*z\"\"#ڨh%\"\"6\"6zs4\'5\"{6Du]5g|͔ްYCV7̜m}̧1<{yw/3;|s~\0\0\0\0\0\0\0\0\0\0\0\0\0\0\0\0\0\0\0\0\0\0\0\0\0\0\0\0\0\0\0\0\0\0\0\0\0\0\0\0\0\0\0\0\0\0\0\0\0\0\0\0\0\0\0\0\0\0\0\0\0\0\0\0\0\0\0\0\0\0\0\0\0\0\0\0\0\0\0\0\0\0\0\0\0\0\0\0\0\0\0\0\0\0\0\0\0\0\0\0\0\0\0\0\0\0\0\0\0\0\0\0\0\0\0\0\0\0\0\0\0\0\0\0\0\0\0\0\0\0\0\0\0\0\0\0\0\0\0\0\0\0\0\0\0\0\0\0\0\0\0\0\0\0\0\0\0\0\0\0\0\0\0\0\0\0\0\0\0\0\0\0\0\0\0\0\0\0\0\0\0\0\0\0\0\0\0\0\0\0\0\0\0\0\0\0\0\0\0\0\0\0\0\0\0\0\0\0\0\0\0\0\0\0\0\0\0\0\0\0\0\0\0\0\0\0\0\0\0\0\0\0\0\0\0\0\0\0\0\0\0\0\0\0\0\0\0\0\0\0\0\0\0\0\0\0\0\0\0\0\0\0\0\0\0\0\0\0\0$I޴iӬ5kؘ,^Xs444$+V49(+WLZZZ{;v$˗/ߕj9m)SrHzYL*ia\'P!zXQ9Cb0@/ޞlOW\rg6TaCr¼{dݢ)ɗo-SP5w9$*+[Cr}5OA0_t9SP5w9$*+?iaT]!@aC@8)C@捫)C@5%>|t[ܧjrHUV#66SY!\Z/$?CSmq!9TQamXJq+irHPK\\<1X#0]!Bsw#-#0Y!\ns9#F`\n.Papr\n.PaY(rH܅f9(\n;t%I755տ;˧Mk	F\Z><;p]w<y򦧟~zf\ZYɡS[[W555w5zV\Z:=ilN~c<NM}3Noĉ믿Y&ٶm[gϞ$ז?Os=-cǎYɡs뭷}\Z{KxCDG?Y޿Rk&>7|ٚP;i>3m{;^shs.;yZpa2z2Wf9$*MMM#FoQ&O=TdɒoM~駬&Uӧ\'v[im?He>?~|aÆ7lٲ%IwZǌ/63gfKعsgbOs8Ĉ=\Z{Qxt^{\n,P%؋}ҤI(plI7,k1[#F~4aiBsr؋S<H)\'|t~X\Z{_?~kmmj]hB7GG؋\rdRbsxCפ7Z{fYɡw*)\Z*yq[/V]aV8oq0\\_xޫ]\\y.;SzjͱfTI,i¬0!9T9W?\'5:/9MLݲ%e|ͤ?M>}m\\R\nOkjjVaV:xIq<L_bsnYeZqIoIe^QbAG{\n,@kg/[Ot\\-L|777ɲ\\\n,@ɶtJvcnYe/zDGU܃i2YaCrh s(voiqޣ[Vx~\\Y!P̡<NUfȑ{\\%#OW\\qѕ4zO\Zm?cL.9$i>ȝ?~oUk\n@Κ5+NKNp\r	\'E<ci=nܸNwܹeq&駟Yq\nε^%_u+2k\nȡ\"΋y?x7Oڶ͙3\'vJs/>Svg$v!kmʔ)hEG-:TZ0(<\nhwYQ.wvZgԔtIr-m1cFr&֭kvy%]wP.CED//ro~_}ɹn[kVVJ{~GCͽr<e{g\n;ϽQ@4\'f7vt;{ʶw6r?!K/e/O.N>dذa֭[˗gۻw|٬,CḚӄ#\"b&hڵY#\'xb,H:lI(7os#q;39D^gX\\|mt9ćJ%+Wͽr;e{PgĈ_W*eGh=4jGrJVcZt4F#8C+ǺiIz؁wsvG/Dn_tEYcKW^\\.\nuuuu\\M4-Y*{ȣwր#bDT:1\".NGi(H.f\0b[*ky.6ݻwg;ꨣʛXx#,A{wyM;7c=\ZE>y\\:ce=ޯwϵ)wq}ݷF;ӑ>\".6qwl/6|[kc{4\Zkjc4/ysF=^3n؋=n]:0\\s\Zaw(\rܑ{a9u,&LL<9?Gs/¥uO$c}?[4-u=ֺߋϿq5{1ꫯf?>o1nyA/m1yl\ZmX0WFsȓf\"x{9OƎٳ獯q;=?#fb \Z{8=sɔ)S{Ml}~i_}{:_Wk̴nذO\Z{SS5{êҦHtۑg}#8ʎ{0AWx@aiFh/w;13,\"^%{){Vؑ7;=Q/zMA]]]mZniiw}6o}zR# jgBDamӞ/B8.Nk˛{[ŷ5bz;,\nD#3{g#)m嬹\n;vZ7xcq>^upJFcǎ[#GcOj#(hbZ=cњ{4(}t饗;uVgbM4r(q$s|EǺ}iży \n\06Fץ8|(x#\'Ÿ?^AIwzݒPǎb5	WQq\\q=b0k:#LG>Av;?T|$`Ke:ԏ(;vh7Uˡxuʡ4vs4qS1W_~99ro%W=X5]\r9}<P|\Zc5J.x4|Z\\aCbh4^O;Xi}h5ɏ\Z5eڴi_}Gߤ{~k744> cI{(KYaCr&\'M}0kWFJfkoO	?-(>T =(W2Rf9$k܅,0]!@aVYaCBsfY!@s\nC,4w!\0YaCBsfY	Pf9$\0](rH\n܅fY	Pf9$4w@aV4w0!9(BsrPf]h¬0!\n,Y!Z466*{¼OC@/[bEb۶mrHzْ%K_lٟVqF[Q\Z\ZI&9$Z} -H?XC\0\0\0\0\0\0\0\0\0\0\0\0\0\0\0\0\0@\"G+ \0\0\0\0IENDB`',1),
('60af7f56-2f82-11eb-bdfc-227918fa15ea',1,'out-factory.out-factory.png','5f2f47f4-2f82-11eb-bdfc-227918fa15ea','PNG\r\n\Z\n\0\0\0\rIHDR\0\0\0\0\0\0\0\0@m\0\0~IDATx}Uu\0*z\"\"#ڨh%\"\"6\"6zs4\'5\"{6Du]5g|͔ްYCV7̜m}̧1<{yw/3;|s~\0\0\0\0\0\0\0\0\0\0\0\0\0\0\0\0\0\0\0\0\0\0\0\0\0\0\0\0\0\0\0\0\0\0\0\0\0\0\0\0\0\0\0\0\0\0\0\0\0\0\0\0\0\0\0\0\0\0\0\0\0\0\0\0\0\0\0\0\0\0\0\0\0\0\0\0\0\0\0\0\0\0\0\0\0\0\0\0\0\0\0\0\0\0\0\0\0\0\0\0\0\0\0\0\0\0\0\0\0\0\0\0\0\0\0\0\0\0\0\0\0\0\0\0\0\0\0\0\0\0\0\0\0\0\0\0\0\0\0\0\0\0\0\0\0\0\0\0\0\0\0\0\0\0\0\0\0\0\0\0\0\0\0\0\0\0\0\0\0\0\0\0\0\0\0\0\0\0\0\0\0\0\0\0\0\0\0\0\0\0\0\0\0\0\0\0\0\0\0\0\0\0\0\0\0\0\0\0\0\0\0\0\0\0\0\0\0\0\0\0\0\0\0\0\0\0\0\0\0\0\0\0\0\0\0\0\0\0\0\0\0\0\0\0\0\0\0\0\0\0\0\0\0\0\0\0\0\0\0\0\0\0\0\0\0\0\0\0\0$I޴iӬ5kؘ,^Xs444$+V49(+WLZZZ{;v$˗/ߕj9m)SrHzYL*ia\'P!zXQ9Cb0@/ޞlOW\rg6TaCr¼{dݢ)ɗo-SP5w9$*+[Cr}5OA0_t9SP5w9$*+?iaT]!@aC@8)C@捫)C@5%>|t[ܧjrHUV#66SY!\Z/$?CSmq!9TQamXJq+irHPK\\<1X#0]!Bsw#-#0Y!\ns9#F`\n.Papr\n.PaY(rH܅f9(\n;t%I755տ;˧Mk	F\Z><;p]w<y򦧟~zf\ZYɡS[[W555w5zV\Z:=ilN~c<NM}3Noĉ믿Y&ٶm[gϞ$ז?Os=-cǎYɡs뭷}\Z{KxCDG?Y޿Rk&>7|ٚP;i>3m{;^shs.;yZpa2z2Wf9$*MMM#FoQ&O=TdɒoM~駬&Uӧ\'v[im?He>?~|aÆ7lٲ%IwZǌ/63gfKعsgbOs8Ĉ=\Z{Qxt^{\n,P%؋}ҤI(plI7,k1[#F~4aiBsr؋S<H)\'|t~X\Z{_?~kmmj]hB7GG؋\rdRbsxCפ7Z{fYɡw*)\Z*yq[/V]aV8oq0\\_xޫ]\\y.;SzjͱfTI,i¬0!9T9W?\'5:/9MLݲ%e|ͤ?M>}m\\R\nOkjjVaV:xIq<L_bsnYeZqIoIe^QbAG{\n,@kg/[Ot\\-L|777ɲ\\\n,@ɶtJvcnYe/zDGU܃i2YaCrh s(voiqޣ[Vx~\\Y!P̡<NUfȑ{\\%#OW\\qѕ4zO\Zm?cL.9$i>ȝ?~oUk\n@Κ5+NKNp\r	\'E<ci=nܸNwܹeq&駟Yq\nε^%_u+2k\nȡ\"΋y?x7Oڶ͙3\'vJs/>Svg$v!kmʔ)hEG-:TZ0(<\nhwYQ.wvZgԔtIr-m1cFr&֭kvy%]wP.CED//ro~_}ɹn[kVVJ{~GCͽr<e{g\n;ϽQ@4\'f7vt;{ʶw6r?!K/e/O.N>dذa֭[˗gۻw|٬,CḚӄ#\"b&hڵY#\'xb,H:lI(7os#q;39D^gX\\|mt9ćJ%+Wͽr;e{PgĈ_W*eGh=4jGrJVcZt4F#8C+ǺiIz؁wsvG/Dn_tEYcKW^\\.\nuuuu\\M4-Y*{ȣwր#bDT:1\".NGi(H.f\0b[*ky.6ݻwg;ꨣʛXx#,A{wyM;7c=\ZE>y\\:ce=ޯwϵ)wq}ݷF;ӑ>\".6qwl/6|[kc{4\Zkjc4/ysF=^3n؋=n]:0\\s\Zaw(\rܑ{a9u,&LL<9?Gs/¥uO$c}?[4-u=ֺߋϿq5{1ꫯf?>o1nyA/m1yl\ZmX0WFsȓf\"x{9OƎٳ獯q;=?#fb \Z{8=sɔ)S{Ml}~i_}{:_Wk̴nذO\Z{SS5{êҦHtۑg}#8ʎ{0AWx@aiFh/w;13,\"^%{){Vؑ7;=Q/zMA]]]mZniiw}6o}zR# jgBDamӞ/B8.Nk˛{[ŷ5bz;,\nD#3{g#)m嬹\n;vZ7xcq>^upJFcǎ[#GcOj#(hbZ=cњ{4(}t饗;uVgbM4r(q$s|EǺ}iży \n\06Fץ8|(x#\'Ÿ?^AIwzݒPǎb5	WQq\\q=b0k:#LG>Av;?T|$`Ke:ԏ(;vh7Uˡxuʡ4vs4qS1W_~99ro%W=X5]\r9}<P|\Zc5J.x4|Z\\aCbh4^O;Xi}h5ɏ\Z5eڴi_}Gߤ{~k744> cI{(KYaCr&\'M}0kWFJfkoO	?-(>T =(W2Rf9$k܅,0]!@aVYaCBsfY!@s\nC,4w!\0YaCBsfY	Pf9$\0](rH\n܅fY	Pf9$4w@aV4w0!9(BsrPf]h¬0!\n,Y!Z466*{¼OC@/[bEb۶mrHzْ%K_lٟVqF[Q\Z\ZI&9$Z} -H?XC\0\0\0\0\0\0\0\0\0\0\0\0\0\0\0\0\0@\"G+ \0\0\0\0IENDB`',1),
('6748cd33-2bc8-11eb-9d15-227918fa15ea',1,'out-factory.bpmn','6748cd32-2bc8-11eb-9d15-227918fa15ea','<?xml version=\"1.0\" encoding=\"UTF-8\"?>\n<definitions xmlns=\"http://www.omg.org/spec/BPMN/20100524/MODEL\" xmlns:xsi=\"http://www.w3.org/2001/XMLSchema-instance\" xmlns:xsd=\"http://www.w3.org/2001/XMLSchema\" xmlns:flowable=\"http://flowable.org/bpmn\" xmlns:bpmndi=\"http://www.omg.org/spec/BPMN/20100524/DI\" xmlns:omgdc=\"http://www.omg.org/spec/DD/20100524/DC\" xmlns:omgdi=\"http://www.omg.org/spec/DD/20100524/DI\" typeLanguage=\"http://www.w3.org/2001/XMLSchema\" expressionLanguage=\"http://www.w3.org/1999/XPath\" targetNamespace=\"http://www.flowable.org/processdef\">\n  <process id=\"out-factory\" name=\"外出单\" isExecutable=\"true\">\n    <startEvent id=\"startEvent1\" name=\"填单\" flowable:initiator=\"initiator\" flowable:formKey=\"out-factory\" flowable:formFieldValidation=\"true\">\n      <extensionElements>\n        <flowable:formProperty id=\"_FLOWABLE_SKIP_EXPRESSION_ENABLED\" name=\"FLOWABLE_SKIP_EXPRESSION_ENABLED\" type=\"boolean\" default=\"true\"></flowable:formProperty>\n      </extensionElements>\n    </startEvent>\n    <userTask id=\"sid-E086BDD7-66B2-409F-B18C-B682DD9172DB\" name=\"申请人确认\" flowable:assignee=\"${initiator}\" flowable:formKey=\"out-factory\" flowable:formFieldValidation=\"true\" flowable:skipExpression=\"${_FLOWABLE_SKIP_EXPRESSION_ENABLED==true}\">\n      <extensionElements>\n        <modeler:activiti-idm-initiator xmlns:modeler=\"http://flowable.org/modeler\"><![CDATA[true]]></modeler:activiti-idm-initiator>\n      </extensionElements>\n    </userTask>\n    <sequenceFlow id=\"sid-FB957372-CC09-424B-88F0-30C09C3C100F\" sourceRef=\"startEvent1\" targetRef=\"sid-E086BDD7-66B2-409F-B18C-B682DD9172DB\"></sequenceFlow>\n    <userTask id=\"sid-ABCBD09C-DB79-4EE8-BB28-96FEBAAFF175\" name=\"主管审核\" flowable:assignee=\"${manager}\" flowable:formKey=\"out-factory\" flowable:formFieldValidation=\"true\">\n      <extensionElements>\n        <modeler:initiator-can-complete xmlns:modeler=\"http://flowable.org/modeler\"><![CDATA[false]]></modeler:initiator-can-complete>\n      </extensionElements>\n    </userTask>\n    <sequenceFlow id=\"sid-D2A7423F-91E0-430D-AA1A-09A1C246CA40\" sourceRef=\"sid-E086BDD7-66B2-409F-B18C-B682DD9172DB\" targetRef=\"sid-ABCBD09C-DB79-4EE8-BB28-96FEBAAFF175\"></sequenceFlow>\n    <endEvent id=\"sid-52A44D3B-7206-486E-8F26-58E536F8AFDB\" name=\"结束\"></endEvent>\n    <sequenceFlow id=\"sid-C1DDC6AA-BE98-4CC6-AB71-8C8C99AEDC5C\" sourceRef=\"sid-ABCBD09C-DB79-4EE8-BB28-96FEBAAFF175\" targetRef=\"sid-52A44D3B-7206-486E-8F26-58E536F8AFDB\"></sequenceFlow>\n  </process>\n  <bpmndi:BPMNDiagram id=\"BPMNDiagram_out-factory\">\n    <bpmndi:BPMNPlane bpmnElement=\"out-factory\" id=\"BPMNPlane_out-factory\">\n      <bpmndi:BPMNShape bpmnElement=\"startEvent1\" id=\"BPMNShape_startEvent1\">\n        <omgdc:Bounds height=\"30.0\" width=\"30.0\" x=\"100.0\" y=\"163.0\"></omgdc:Bounds>\n      </bpmndi:BPMNShape>\n      <bpmndi:BPMNShape bpmnElement=\"sid-E086BDD7-66B2-409F-B18C-B682DD9172DB\" id=\"BPMNShape_sid-E086BDD7-66B2-409F-B18C-B682DD9172DB\">\n        <omgdc:Bounds height=\"80.0\" width=\"100.0\" x=\"175.0\" y=\"138.0\"></omgdc:Bounds>\n      </bpmndi:BPMNShape>\n      <bpmndi:BPMNShape bpmnElement=\"sid-ABCBD09C-DB79-4EE8-BB28-96FEBAAFF175\" id=\"BPMNShape_sid-ABCBD09C-DB79-4EE8-BB28-96FEBAAFF175\">\n        <omgdc:Bounds height=\"80.0\" width=\"100.0\" x=\"320.0\" y=\"138.0\"></omgdc:Bounds>\n      </bpmndi:BPMNShape>\n      <bpmndi:BPMNShape bpmnElement=\"sid-52A44D3B-7206-486E-8F26-58E536F8AFDB\" id=\"BPMNShape_sid-52A44D3B-7206-486E-8F26-58E536F8AFDB\">\n        <omgdc:Bounds height=\"28.0\" width=\"28.0\" x=\"465.0\" y=\"164.0\"></omgdc:Bounds>\n      </bpmndi:BPMNShape>\n      <bpmndi:BPMNEdge bpmnElement=\"sid-D2A7423F-91E0-430D-AA1A-09A1C246CA40\" id=\"BPMNEdge_sid-D2A7423F-91E0-430D-AA1A-09A1C246CA40\">\n        <omgdi:waypoint x=\"274.9499999999907\" y=\"178.0\"></omgdi:waypoint>\n        <omgdi:waypoint x=\"319.9999999999807\" y=\"178.0\"></omgdi:waypoint>\n      </bpmndi:BPMNEdge>\n      <bpmndi:BPMNEdge bpmnElement=\"sid-C1DDC6AA-BE98-4CC6-AB71-8C8C99AEDC5C\" id=\"BPMNEdge_sid-C1DDC6AA-BE98-4CC6-AB71-8C8C99AEDC5C\">\n        <omgdi:waypoint x=\"419.95000000000005\" y=\"178.0\"></omgdi:waypoint>\n        <omgdi:waypoint x=\"465.0\" y=\"178.0\"></omgdi:waypoint>\n      </bpmndi:BPMNEdge>\n      <bpmndi:BPMNEdge bpmnElement=\"sid-FB957372-CC09-424B-88F0-30C09C3C100F\" id=\"BPMNEdge_sid-FB957372-CC09-424B-88F0-30C09C3C100F\">\n        <omgdi:waypoint x=\"129.9499984899576\" y=\"178.0\"></omgdi:waypoint>\n        <omgdi:waypoint x=\"174.9999999999917\" y=\"178.0\"></omgdi:waypoint>\n      </bpmndi:BPMNEdge>\n    </bpmndi:BPMNPlane>\n  </bpmndi:BPMNDiagram>\n</definitions>',0),
('678d9e64-2bc8-11eb-9d15-227918fa15ea',1,'out-factory.out-factory.png','6748cd32-2bc8-11eb-9d15-227918fa15ea','PNG\r\n\Z\n\0\0\0\rIHDR\0\0\0\0\0\0\0\0@m\0\0~IDATx}Uu\0*z\"\"#ڨh%\"\"6\"6zs4\'5\"{6Du]5g|͔ްYCV7̜m}̧1<{yw/3;|s~\0\0\0\0\0\0\0\0\0\0\0\0\0\0\0\0\0\0\0\0\0\0\0\0\0\0\0\0\0\0\0\0\0\0\0\0\0\0\0\0\0\0\0\0\0\0\0\0\0\0\0\0\0\0\0\0\0\0\0\0\0\0\0\0\0\0\0\0\0\0\0\0\0\0\0\0\0\0\0\0\0\0\0\0\0\0\0\0\0\0\0\0\0\0\0\0\0\0\0\0\0\0\0\0\0\0\0\0\0\0\0\0\0\0\0\0\0\0\0\0\0\0\0\0\0\0\0\0\0\0\0\0\0\0\0\0\0\0\0\0\0\0\0\0\0\0\0\0\0\0\0\0\0\0\0\0\0\0\0\0\0\0\0\0\0\0\0\0\0\0\0\0\0\0\0\0\0\0\0\0\0\0\0\0\0\0\0\0\0\0\0\0\0\0\0\0\0\0\0\0\0\0\0\0\0\0\0\0\0\0\0\0\0\0\0\0\0\0\0\0\0\0\0\0\0\0\0\0\0\0\0\0\0\0\0\0\0\0\0\0\0\0\0\0\0\0\0\0\0\0\0\0\0\0\0\0\0\0\0\0\0\0\0\0\0\0\0\0\0$I޴iӬ5kؘ,^Xs444$+V49(+WLZZZ{;v$˗/ߕj9m)SrHzYL*ia\'P!zXQ9Cb0@/ޞlOW\rg6TaCr¼{dݢ)ɗo-SP5w9$*+[Cr}5OA0_t9SP5w9$*+?iaT]!@aC@8)C@捫)C@5%>|t[ܧjrHUV#66SY!\Z/$?CSmq!9TQamXJq+irHPK\\<1X#0]!Bsw#-#0Y!\ns9#F`\n.Papr\n.PaY(rH܅f9(\n;t%I755տ;˧Mk	F\Z><;p]w<y򦧟~zf\ZYɡS[[W555w5zV\Z:=ilN~c<NM}3Noĉ믿Y&ٶm[gϞ$ז?Os=-cǎYɡs뭷}\Z{KxCDG?Y޿Rk&>7|ٚP;i>3m{;^shs.;yZpa2z2Wf9$*MMM#FoQ&O=TdɒoM~駬&Uӧ\'v[im?He>?~|aÆ7lٲ%IwZǌ/63gfKعsgbOs8Ĉ=\Z{Qxt^{\n,P%؋}ҤI(plI7,k1[#F~4aiBsr؋S<H)\'|t~X\Z{_?~kmmj]hB7GG؋\rdRbsxCפ7Z{fYɡw*)\Z*yq[/V]aV8oq0\\_xޫ]\\y.;SzjͱfTI,i¬0!9T9W?\'5:/9MLݲ%e|ͤ?M>}m\\R\nOkjjVaV:xIq<L_bsnYeZqIoIe^QbAG{\n,@kg/[Ot\\-L|777ɲ\\\n,@ɶtJvcnYe/zDGU܃i2YaCrh s(voiqޣ[Vx~\\Y!P̡<NUfȑ{\\%#OW\\qѕ4zO\Zm?cL.9$i>ȝ?~oUk\n@Κ5+NKNp\r	\'E<ci=nܸNwܹeq&駟Yq\nε^%_u+2k\nȡ\"΋y?x7Oڶ͙3\'vJs/>Svg$v!kmʔ)hEG-:TZ0(<\nhwYQ.wvZgԔtIr-m1cFr&֭kvy%]wP.CED//ro~_}ɹn[kVVJ{~GCͽr<e{g\n;ϽQ@4\'f7vt;{ʶw6r?!K/e/O.N>dذa֭[˗gۻw|٬,CḚӄ#\"b&hڵY#\'xb,H:lI(7os#q;39D^gX\\|mt9ćJ%+Wͽr;e{PgĈ_W*eGh=4jGrJVcZt4F#8C+ǺiIz؁wsvG/Dn_tEYcKW^\\.\nuuuu\\M4-Y*{ȣwր#bDT:1\".NGi(H.f\0b[*ky.6ݻwg;ꨣʛXx#,A{wyM;7c=\ZE>y\\:ce=ޯwϵ)wq}ݷF;ӑ>\".6qwl/6|[kc{4\Zkjc4/ysF=^3n؋=n]:0\\s\Zaw(\rܑ{a9u,&LL<9?Gs/¥uO$c}?[4-u=ֺߋϿq5{1ꫯf?>o1nyA/m1yl\ZmX0WFsȓf\"x{9OƎٳ獯q;=?#fb \Z{8=sɔ)S{Ml}~i_}{:_Wk̴nذO\Z{SS5{êҦHtۑg}#8ʎ{0AWx@aiFh/w;13,\"^%{){Vؑ7;=Q/zMA]]]mZniiw}6o}zR# jgBDamӞ/B8.Nk˛{[ŷ5bz;,\nD#3{g#)m嬹\n;vZ7xcq>^upJFcǎ[#GcOj#(hbZ=cњ{4(}t饗;uVgbM4r(q$s|EǺ}iży \n\06Fץ8|(x#\'Ÿ?^AIwzݒPǎb5	WQq\\q=b0k:#LG>Av;?T|$`Ke:ԏ(;vh7Uˡxuʡ4vs4qS1W_~99ro%W=X5]\r9}<P|\Zc5J.x4|Z\\aCbh4^O;Xi}h5ɏ\Z5eڴi_}Gߤ{~k744> cI{(KYaCr&\'M}0kWFJfkoO	?-(>T =(W2Rf9$k܅,0]!@aVYaCBsfY!@s\nC,4w!\0YaCBsfY	Pf9$\0](rH\n܅fY	Pf9$4w@aV4w0!9(BsrPf]h¬0!\n,Y!Z466*{¼OC@/[bEb۶mrHzْ%K_lٟVqF[Q\Z\ZI&9$Z} -H?XC\0\0\0\0\0\0\0\0\0\0\0\0\0\0\0\0\0@\"G+ \0\0\0\0IENDB`',1),
('6d8cddac-2e03-11eb-8edb-227918fa15ea',1,'out-factory.bpmn','6d8cddab-2e03-11eb-8edb-227918fa15ea','<?xml version=\"1.0\" encoding=\"UTF-8\"?>\n<definitions xmlns=\"http://www.omg.org/spec/BPMN/20100524/MODEL\" xmlns:xsi=\"http://www.w3.org/2001/XMLSchema-instance\" xmlns:xsd=\"http://www.w3.org/2001/XMLSchema\" xmlns:flowable=\"http://flowable.org/bpmn\" xmlns:bpmndi=\"http://www.omg.org/spec/BPMN/20100524/DI\" xmlns:omgdc=\"http://www.omg.org/spec/DD/20100524/DC\" xmlns:omgdi=\"http://www.omg.org/spec/DD/20100524/DI\" typeLanguage=\"http://www.w3.org/2001/XMLSchema\" expressionLanguage=\"http://www.w3.org/1999/XPath\" targetNamespace=\"http://www.flowable.org/processdef\">\n  <process id=\"out-factory\" name=\"外出单\" isExecutable=\"true\">\n    <startEvent id=\"startEvent1\" name=\"填单\" flowable:initiator=\"initiator\" flowable:formKey=\"out-factory\" flowable:formFieldValidation=\"true\"></startEvent>\n    <userTask id=\"sid-E086BDD7-66B2-409F-B18C-B682DD9172DB\" name=\"申请人确认\" flowable:assignee=\"${initiator}\" flowable:formKey=\"out-factory\" flowable:formFieldValidation=\"true\" flowable:skipExpression=\"${skip==true}\">\n      <extensionElements>\n        <modeler:activiti-idm-initiator xmlns:modeler=\"http://flowable.org/modeler\"><![CDATA[true]]></modeler:activiti-idm-initiator>\n      </extensionElements>\n    </userTask>\n    <sequenceFlow id=\"sid-FB957372-CC09-424B-88F0-30C09C3C100F\" sourceRef=\"startEvent1\" targetRef=\"sid-E086BDD7-66B2-409F-B18C-B682DD9172DB\"></sequenceFlow>\n    <userTask id=\"sid-ABCBD09C-DB79-4EE8-BB28-96FEBAAFF175\" name=\"主管审核\" flowable:assignee=\"${manager}\" flowable:formKey=\"out-factory\" flowable:formFieldValidation=\"true\">\n      <extensionElements>\n        <flowable:taskListener event=\"create\" class=\"com.deltaww.flowapi.listener.AutoAssigneeListener\"></flowable:taskListener>\n        <modeler:initiator-can-complete xmlns:modeler=\"http://flowable.org/modeler\"><![CDATA[false]]></modeler:initiator-can-complete>\n      </extensionElements>\n    </userTask>\n    <sequenceFlow id=\"sid-D2A7423F-91E0-430D-AA1A-09A1C246CA40\" sourceRef=\"sid-E086BDD7-66B2-409F-B18C-B682DD9172DB\" targetRef=\"sid-ABCBD09C-DB79-4EE8-BB28-96FEBAAFF175\"></sequenceFlow>\n    <endEvent id=\"sid-52A44D3B-7206-486E-8F26-58E536F8AFDB\" name=\"结束\"></endEvent>\n    <sequenceFlow id=\"sid-C1DDC6AA-BE98-4CC6-AB71-8C8C99AEDC5C\" sourceRef=\"sid-ABCBD09C-DB79-4EE8-BB28-96FEBAAFF175\" targetRef=\"sid-52A44D3B-7206-486E-8F26-58E536F8AFDB\"></sequenceFlow>\n  </process>\n  <bpmndi:BPMNDiagram id=\"BPMNDiagram_out-factory\">\n    <bpmndi:BPMNPlane bpmnElement=\"out-factory\" id=\"BPMNPlane_out-factory\">\n      <bpmndi:BPMNShape bpmnElement=\"startEvent1\" id=\"BPMNShape_startEvent1\">\n        <omgdc:Bounds height=\"30.0\" width=\"30.0\" x=\"100.0\" y=\"163.0\"></omgdc:Bounds>\n      </bpmndi:BPMNShape>\n      <bpmndi:BPMNShape bpmnElement=\"sid-E086BDD7-66B2-409F-B18C-B682DD9172DB\" id=\"BPMNShape_sid-E086BDD7-66B2-409F-B18C-B682DD9172DB\">\n        <omgdc:Bounds height=\"80.0\" width=\"100.0\" x=\"175.0\" y=\"138.0\"></omgdc:Bounds>\n      </bpmndi:BPMNShape>\n      <bpmndi:BPMNShape bpmnElement=\"sid-ABCBD09C-DB79-4EE8-BB28-96FEBAAFF175\" id=\"BPMNShape_sid-ABCBD09C-DB79-4EE8-BB28-96FEBAAFF175\">\n        <omgdc:Bounds height=\"80.0\" width=\"100.0\" x=\"320.0\" y=\"138.0\"></omgdc:Bounds>\n      </bpmndi:BPMNShape>\n      <bpmndi:BPMNShape bpmnElement=\"sid-52A44D3B-7206-486E-8F26-58E536F8AFDB\" id=\"BPMNShape_sid-52A44D3B-7206-486E-8F26-58E536F8AFDB\">\n        <omgdc:Bounds height=\"28.0\" width=\"28.0\" x=\"465.0\" y=\"164.0\"></omgdc:Bounds>\n      </bpmndi:BPMNShape>\n      <bpmndi:BPMNEdge bpmnElement=\"sid-D2A7423F-91E0-430D-AA1A-09A1C246CA40\" id=\"BPMNEdge_sid-D2A7423F-91E0-430D-AA1A-09A1C246CA40\">\n        <omgdi:waypoint x=\"274.9499999999907\" y=\"178.0\"></omgdi:waypoint>\n        <omgdi:waypoint x=\"319.9999999999807\" y=\"178.0\"></omgdi:waypoint>\n      </bpmndi:BPMNEdge>\n      <bpmndi:BPMNEdge bpmnElement=\"sid-C1DDC6AA-BE98-4CC6-AB71-8C8C99AEDC5C\" id=\"BPMNEdge_sid-C1DDC6AA-BE98-4CC6-AB71-8C8C99AEDC5C\">\n        <omgdi:waypoint x=\"419.95000000000005\" y=\"178.0\"></omgdi:waypoint>\n        <omgdi:waypoint x=\"465.0\" y=\"178.0\"></omgdi:waypoint>\n      </bpmndi:BPMNEdge>\n      <bpmndi:BPMNEdge bpmnElement=\"sid-FB957372-CC09-424B-88F0-30C09C3C100F\" id=\"BPMNEdge_sid-FB957372-CC09-424B-88F0-30C09C3C100F\">\n        <omgdi:waypoint x=\"129.9499984899576\" y=\"178.0\"></omgdi:waypoint>\n        <omgdi:waypoint x=\"174.9999999999917\" y=\"178.0\"></omgdi:waypoint>\n      </bpmndi:BPMNEdge>\n    </bpmndi:BPMNPlane>\n  </bpmndi:BPMNDiagram>\n</definitions>',0),
('6dda616d-2e03-11eb-8edb-227918fa15ea',1,'out-factory.out-factory.png','6d8cddab-2e03-11eb-8edb-227918fa15ea','PNG\r\n\Z\n\0\0\0\rIHDR\0\0\0\0\0\0\0\0@m\0\0~IDATx}Uu\0*z\"\"#ڨh%\"\"6\"6zs4\'5\"{6Du]5g|͔ްYCV7̜m}̧1<{yw/3;|s~\0\0\0\0\0\0\0\0\0\0\0\0\0\0\0\0\0\0\0\0\0\0\0\0\0\0\0\0\0\0\0\0\0\0\0\0\0\0\0\0\0\0\0\0\0\0\0\0\0\0\0\0\0\0\0\0\0\0\0\0\0\0\0\0\0\0\0\0\0\0\0\0\0\0\0\0\0\0\0\0\0\0\0\0\0\0\0\0\0\0\0\0\0\0\0\0\0\0\0\0\0\0\0\0\0\0\0\0\0\0\0\0\0\0\0\0\0\0\0\0\0\0\0\0\0\0\0\0\0\0\0\0\0\0\0\0\0\0\0\0\0\0\0\0\0\0\0\0\0\0\0\0\0\0\0\0\0\0\0\0\0\0\0\0\0\0\0\0\0\0\0\0\0\0\0\0\0\0\0\0\0\0\0\0\0\0\0\0\0\0\0\0\0\0\0\0\0\0\0\0\0\0\0\0\0\0\0\0\0\0\0\0\0\0\0\0\0\0\0\0\0\0\0\0\0\0\0\0\0\0\0\0\0\0\0\0\0\0\0\0\0\0\0\0\0\0\0\0\0\0\0\0\0\0\0\0\0\0\0\0\0\0\0\0\0\0\0\0\0$I޴iӬ5kؘ,^Xs444$+V49(+WLZZZ{;v$˗/ߕj9m)SrHzYL*ia\'P!zXQ9Cb0@/ޞlOW\rg6TaCr¼{dݢ)ɗo-SP5w9$*+[Cr}5OA0_t9SP5w9$*+?iaT]!@aC@8)C@捫)C@5%>|t[ܧjrHUV#66SY!\Z/$?CSmq!9TQamXJq+irHPK\\<1X#0]!Bsw#-#0Y!\ns9#F`\n.Papr\n.PaY(rH܅f9(\n;t%I755տ;˧Mk	F\Z><;p]w<y򦧟~zf\ZYɡS[[W555w5zV\Z:=ilN~c<NM}3Noĉ믿Y&ٶm[gϞ$ז?Os=-cǎYɡs뭷}\Z{KxCDG?Y޿Rk&>7|ٚP;i>3m{;^shs.;yZpa2z2Wf9$*MMM#FoQ&O=TdɒoM~駬&Uӧ\'v[im?He>?~|aÆ7lٲ%IwZǌ/63gfKعsgbOs8Ĉ=\Z{Qxt^{\n,P%؋}ҤI(plI7,k1[#F~4aiBsr؋S<H)\'|t~X\Z{_?~kmmj]hB7GG؋\rdRbsxCפ7Z{fYɡw*)\Z*yq[/V]aV8oq0\\_xޫ]\\y.;SzjͱfTI,i¬0!9T9W?\'5:/9MLݲ%e|ͤ?M>}m\\R\nOkjjVaV:xIq<L_bsnYeZqIoIe^QbAG{\n,@kg/[Ot\\-L|777ɲ\\\n,@ɶtJvcnYe/zDGU܃i2YaCrh s(voiqޣ[Vx~\\Y!P̡<NUfȑ{\\%#OW\\qѕ4zO\Zm?cL.9$i>ȝ?~oUk\n@Κ5+NKNp\r	\'E<ci=nܸNwܹeq&駟Yq\nε^%_u+2k\nȡ\"΋y?x7Oڶ͙3\'vJs/>Svg$v!kmʔ)hEG-:TZ0(<\nhwYQ.wvZgԔtIr-m1cFr&֭kvy%]wP.CED//ro~_}ɹn[kVVJ{~GCͽr<e{g\n;ϽQ@4\'f7vt;{ʶw6r?!K/e/O.N>dذa֭[˗gۻw|٬,CḚӄ#\"b&hڵY#\'xb,H:lI(7os#q;39D^gX\\|mt9ćJ%+Wͽr;e{PgĈ_W*eGh=4jGrJVcZt4F#8C+ǺiIz؁wsvG/Dn_tEYcKW^\\.\nuuuu\\M4-Y*{ȣwր#bDT:1\".NGi(H.f\0b[*ky.6ݻwg;ꨣʛXx#,A{wyM;7c=\ZE>y\\:ce=ޯwϵ)wq}ݷF;ӑ>\".6qwl/6|[kc{4\Zkjc4/ysF=^3n؋=n]:0\\s\Zaw(\rܑ{a9u,&LL<9?Gs/¥uO$c}?[4-u=ֺߋϿq5{1ꫯf?>o1nyA/m1yl\ZmX0WFsȓf\"x{9OƎٳ獯q;=?#fb \Z{8=sɔ)S{Ml}~i_}{:_Wk̴nذO\Z{SS5{êҦHtۑg}#8ʎ{0AWx@aiFh/w;13,\"^%{){Vؑ7;=Q/zMA]]]mZniiw}6o}zR# jgBDamӞ/B8.Nk˛{[ŷ5bz;,\nD#3{g#)m嬹\n;vZ7xcq>^upJFcǎ[#GcOj#(hbZ=cњ{4(}t饗;uVgbM4r(q$s|EǺ}iży \n\06Fץ8|(x#\'Ÿ?^AIwzݒPǎb5	WQq\\q=b0k:#LG>Av;?T|$`Ke:ԏ(;vh7Uˡxuʡ4vs4qS1W_~99ro%W=X5]\r9}<P|\Zc5J.x4|Z\\aCbh4^O;Xi}h5ɏ\Z5eڴi_}Gߤ{~k744> cI{(KYaCr&\'M}0kWFJfkoO	?-(>T =(W2Rf9$k܅,0]!@aVYaCBsfY!@s\nC,4w!\0YaCBsfY	Pf9$\0](rH\n܅fY	Pf9$4w@aV4w0!9(BsrPf]h¬0!\n,Y!Z466*{¼OC@/[bEb۶mrHzْ%K_lٟVqF[Q\Z\ZI&9$Z} -H?XC\0\0\0\0\0\0\0\0\0\0\0\0\0\0\0\0\0@\"G+ \0\0\0\0IENDB`',1),
('782a4682-2fb3-11eb-a9f3-227918fa15ea',1,'out-factory.bpmn','782a4681-2fb3-11eb-a9f3-227918fa15ea','<?xml version=\"1.0\" encoding=\"UTF-8\"?>\n<definitions xmlns=\"http://www.omg.org/spec/BPMN/20100524/MODEL\" xmlns:xsi=\"http://www.w3.org/2001/XMLSchema-instance\" xmlns:xsd=\"http://www.w3.org/2001/XMLSchema\" xmlns:flowable=\"http://flowable.org/bpmn\" xmlns:bpmndi=\"http://www.omg.org/spec/BPMN/20100524/DI\" xmlns:omgdc=\"http://www.omg.org/spec/DD/20100524/DC\" xmlns:omgdi=\"http://www.omg.org/spec/DD/20100524/DI\" typeLanguage=\"http://www.w3.org/2001/XMLSchema\" expressionLanguage=\"http://www.w3.org/1999/XPath\" targetNamespace=\"固定流程表單\">\n  <process id=\"out-factory\" name=\"外出单\" isExecutable=\"true\">\n    <extensionElements>\n      <flowable:eventListener events=\"PROCESS_STARTED\" class=\"com.deltaww.flowapi.listener.ResolverManagerListener\"></flowable:eventListener>\n    </extensionElements>\n    <startEvent id=\"startEvent1\" name=\"填单\" flowable:initiator=\"initiator\" flowable:formKey=\"out-factory\" flowable:formFieldValidation=\"true\"></startEvent>\n    <userTask id=\"sid-E086BDD7-66B2-409F-B18C-B682DD9172DB\" name=\"申请人确认\" flowable:assignee=\"${initiator}\" flowable:formKey=\"out-factory\" flowable:formFieldValidation=\"true\" flowable:skipExpression=\"${skip}\">\n      <extensionElements>\n        <modeler:activiti-idm-initiator xmlns:modeler=\"http://flowable.org/modeler\"><![CDATA[true]]></modeler:activiti-idm-initiator>\n      </extensionElements>\n    </userTask>\n    <sequenceFlow id=\"sid-FB957372-CC09-424B-88F0-30C09C3C100F\" sourceRef=\"startEvent1\" targetRef=\"sid-E086BDD7-66B2-409F-B18C-B682DD9172DB\"></sequenceFlow>\n    <userTask id=\"sid-ABCBD09C-DB79-4EE8-BB28-96FEBAAFF175\" name=\"主管审核\" flowable:assignee=\"${manager}\" flowable:formKey=\"out-factory\" flowable:formFieldValidation=\"true\" flowable:skipExpression=\"${manager==initiator}\">\n      <extensionElements>\n        <modeler:initiator-can-complete xmlns:modeler=\"http://flowable.org/modeler\"><![CDATA[false]]></modeler:initiator-can-complete>\n      </extensionElements>\n    </userTask>\n    <sequenceFlow id=\"sid-D2A7423F-91E0-430D-AA1A-09A1C246CA40\" sourceRef=\"sid-E086BDD7-66B2-409F-B18C-B682DD9172DB\" targetRef=\"sid-ABCBD09C-DB79-4EE8-BB28-96FEBAAFF175\"></sequenceFlow>\n    <endEvent id=\"sid-52A44D3B-7206-486E-8F26-58E536F8AFDB\" name=\"结束\"></endEvent>\n    <sequenceFlow id=\"sid-C1DDC6AA-BE98-4CC6-AB71-8C8C99AEDC5C\" sourceRef=\"sid-ABCBD09C-DB79-4EE8-BB28-96FEBAAFF175\" targetRef=\"sid-52A44D3B-7206-486E-8F26-58E536F8AFDB\"></sequenceFlow>\n  </process>\n  <bpmndi:BPMNDiagram id=\"BPMNDiagram_out-factory\">\n    <bpmndi:BPMNPlane bpmnElement=\"out-factory\" id=\"BPMNPlane_out-factory\">\n      <bpmndi:BPMNShape bpmnElement=\"startEvent1\" id=\"BPMNShape_startEvent1\">\n        <omgdc:Bounds height=\"30.0\" width=\"30.0\" x=\"100.0\" y=\"163.0\"></omgdc:Bounds>\n      </bpmndi:BPMNShape>\n      <bpmndi:BPMNShape bpmnElement=\"sid-E086BDD7-66B2-409F-B18C-B682DD9172DB\" id=\"BPMNShape_sid-E086BDD7-66B2-409F-B18C-B682DD9172DB\">\n        <omgdc:Bounds height=\"80.0\" width=\"100.0\" x=\"175.0\" y=\"138.0\"></omgdc:Bounds>\n      </bpmndi:BPMNShape>\n      <bpmndi:BPMNShape bpmnElement=\"sid-ABCBD09C-DB79-4EE8-BB28-96FEBAAFF175\" id=\"BPMNShape_sid-ABCBD09C-DB79-4EE8-BB28-96FEBAAFF175\">\n        <omgdc:Bounds height=\"80.0\" width=\"100.0\" x=\"320.0\" y=\"138.0\"></omgdc:Bounds>\n      </bpmndi:BPMNShape>\n      <bpmndi:BPMNShape bpmnElement=\"sid-52A44D3B-7206-486E-8F26-58E536F8AFDB\" id=\"BPMNShape_sid-52A44D3B-7206-486E-8F26-58E536F8AFDB\">\n        <omgdc:Bounds height=\"28.0\" width=\"28.0\" x=\"465.0\" y=\"164.0\"></omgdc:Bounds>\n      </bpmndi:BPMNShape>\n      <bpmndi:BPMNEdge bpmnElement=\"sid-D2A7423F-91E0-430D-AA1A-09A1C246CA40\" id=\"BPMNEdge_sid-D2A7423F-91E0-430D-AA1A-09A1C246CA40\">\n        <omgdi:waypoint x=\"274.9499999999907\" y=\"178.0\"></omgdi:waypoint>\n        <omgdi:waypoint x=\"319.9999999999807\" y=\"178.0\"></omgdi:waypoint>\n      </bpmndi:BPMNEdge>\n      <bpmndi:BPMNEdge bpmnElement=\"sid-C1DDC6AA-BE98-4CC6-AB71-8C8C99AEDC5C\" id=\"BPMNEdge_sid-C1DDC6AA-BE98-4CC6-AB71-8C8C99AEDC5C\">\n        <omgdi:waypoint x=\"419.95000000000005\" y=\"178.0\"></omgdi:waypoint>\n        <omgdi:waypoint x=\"465.0\" y=\"178.0\"></omgdi:waypoint>\n      </bpmndi:BPMNEdge>\n      <bpmndi:BPMNEdge bpmnElement=\"sid-FB957372-CC09-424B-88F0-30C09C3C100F\" id=\"BPMNEdge_sid-FB957372-CC09-424B-88F0-30C09C3C100F\">\n        <omgdi:waypoint x=\"129.9499984899576\" y=\"178.0\"></omgdi:waypoint>\n        <omgdi:waypoint x=\"174.9999999999917\" y=\"178.0\"></omgdi:waypoint>\n      </bpmndi:BPMNEdge>\n    </bpmndi:BPMNPlane>\n  </bpmndi:BPMNDiagram>\n</definitions>',0),
('78512f9a-2e06-11eb-84ba-227918fa15ea',1,'out-factory.bpmn','78512f99-2e06-11eb-84ba-227918fa15ea','<?xml version=\"1.0\" encoding=\"UTF-8\"?>\n<definitions xmlns=\"http://www.omg.org/spec/BPMN/20100524/MODEL\" xmlns:xsi=\"http://www.w3.org/2001/XMLSchema-instance\" xmlns:xsd=\"http://www.w3.org/2001/XMLSchema\" xmlns:flowable=\"http://flowable.org/bpmn\" xmlns:bpmndi=\"http://www.omg.org/spec/BPMN/20100524/DI\" xmlns:omgdc=\"http://www.omg.org/spec/DD/20100524/DC\" xmlns:omgdi=\"http://www.omg.org/spec/DD/20100524/DI\" typeLanguage=\"http://www.w3.org/2001/XMLSchema\" expressionLanguage=\"http://www.w3.org/1999/XPath\" targetNamespace=\"http://www.flowable.org/processdef\">\n  <process id=\"out-factory\" name=\"外出单\" isExecutable=\"true\">\n    <startEvent id=\"startEvent1\" name=\"填单\" flowable:initiator=\"initiator\" flowable:formKey=\"out-factory\" flowable:formFieldValidation=\"true\"></startEvent>\n    <userTask id=\"sid-E086BDD7-66B2-409F-B18C-B682DD9172DB\" name=\"申请人确认\" flowable:assignee=\"${initiator}\" flowable:formKey=\"out-factory\" flowable:formFieldValidation=\"true\" flowable:skipExpression=\"${skip}\">\n      <extensionElements>\n        <modeler:activiti-idm-initiator xmlns:modeler=\"http://flowable.org/modeler\"><![CDATA[true]]></modeler:activiti-idm-initiator>\n      </extensionElements>\n    </userTask>\n    <sequenceFlow id=\"sid-FB957372-CC09-424B-88F0-30C09C3C100F\" sourceRef=\"startEvent1\" targetRef=\"sid-E086BDD7-66B2-409F-B18C-B682DD9172DB\"></sequenceFlow>\n    <userTask id=\"sid-ABCBD09C-DB79-4EE8-BB28-96FEBAAFF175\" name=\"主管审核\" flowable:assignee=\"${manager}\" flowable:formKey=\"out-factory\" flowable:formFieldValidation=\"true\">\n      <extensionElements>\n        <flowable:taskListener event=\"create\" class=\"com.deltaww.flowapi.listener.AutoAssigneeListener\"></flowable:taskListener>\n        <modeler:initiator-can-complete xmlns:modeler=\"http://flowable.org/modeler\"><![CDATA[false]]></modeler:initiator-can-complete>\n      </extensionElements>\n    </userTask>\n    <sequenceFlow id=\"sid-D2A7423F-91E0-430D-AA1A-09A1C246CA40\" sourceRef=\"sid-E086BDD7-66B2-409F-B18C-B682DD9172DB\" targetRef=\"sid-ABCBD09C-DB79-4EE8-BB28-96FEBAAFF175\"></sequenceFlow>\n    <endEvent id=\"sid-52A44D3B-7206-486E-8F26-58E536F8AFDB\" name=\"结束\"></endEvent>\n    <sequenceFlow id=\"sid-C1DDC6AA-BE98-4CC6-AB71-8C8C99AEDC5C\" sourceRef=\"sid-ABCBD09C-DB79-4EE8-BB28-96FEBAAFF175\" targetRef=\"sid-52A44D3B-7206-486E-8F26-58E536F8AFDB\"></sequenceFlow>\n  </process>\n  <bpmndi:BPMNDiagram id=\"BPMNDiagram_out-factory\">\n    <bpmndi:BPMNPlane bpmnElement=\"out-factory\" id=\"BPMNPlane_out-factory\">\n      <bpmndi:BPMNShape bpmnElement=\"startEvent1\" id=\"BPMNShape_startEvent1\">\n        <omgdc:Bounds height=\"30.0\" width=\"30.0\" x=\"100.0\" y=\"163.0\"></omgdc:Bounds>\n      </bpmndi:BPMNShape>\n      <bpmndi:BPMNShape bpmnElement=\"sid-E086BDD7-66B2-409F-B18C-B682DD9172DB\" id=\"BPMNShape_sid-E086BDD7-66B2-409F-B18C-B682DD9172DB\">\n        <omgdc:Bounds height=\"80.0\" width=\"100.0\" x=\"175.0\" y=\"138.0\"></omgdc:Bounds>\n      </bpmndi:BPMNShape>\n      <bpmndi:BPMNShape bpmnElement=\"sid-ABCBD09C-DB79-4EE8-BB28-96FEBAAFF175\" id=\"BPMNShape_sid-ABCBD09C-DB79-4EE8-BB28-96FEBAAFF175\">\n        <omgdc:Bounds height=\"80.0\" width=\"100.0\" x=\"320.0\" y=\"138.0\"></omgdc:Bounds>\n      </bpmndi:BPMNShape>\n      <bpmndi:BPMNShape bpmnElement=\"sid-52A44D3B-7206-486E-8F26-58E536F8AFDB\" id=\"BPMNShape_sid-52A44D3B-7206-486E-8F26-58E536F8AFDB\">\n        <omgdc:Bounds height=\"28.0\" width=\"28.0\" x=\"465.0\" y=\"164.0\"></omgdc:Bounds>\n      </bpmndi:BPMNShape>\n      <bpmndi:BPMNEdge bpmnElement=\"sid-D2A7423F-91E0-430D-AA1A-09A1C246CA40\" id=\"BPMNEdge_sid-D2A7423F-91E0-430D-AA1A-09A1C246CA40\">\n        <omgdi:waypoint x=\"274.9499999999907\" y=\"178.0\"></omgdi:waypoint>\n        <omgdi:waypoint x=\"319.9999999999807\" y=\"178.0\"></omgdi:waypoint>\n      </bpmndi:BPMNEdge>\n      <bpmndi:BPMNEdge bpmnElement=\"sid-C1DDC6AA-BE98-4CC6-AB71-8C8C99AEDC5C\" id=\"BPMNEdge_sid-C1DDC6AA-BE98-4CC6-AB71-8C8C99AEDC5C\">\n        <omgdi:waypoint x=\"419.95000000000005\" y=\"178.0\"></omgdi:waypoint>\n        <omgdi:waypoint x=\"465.0\" y=\"178.0\"></omgdi:waypoint>\n      </bpmndi:BPMNEdge>\n      <bpmndi:BPMNEdge bpmnElement=\"sid-FB957372-CC09-424B-88F0-30C09C3C100F\" id=\"BPMNEdge_sid-FB957372-CC09-424B-88F0-30C09C3C100F\">\n        <omgdi:waypoint x=\"129.9499984899576\" y=\"178.0\"></omgdi:waypoint>\n        <omgdi:waypoint x=\"174.9999999999917\" y=\"178.0\"></omgdi:waypoint>\n      </bpmndi:BPMNEdge>\n    </bpmndi:BPMNPlane>\n  </bpmndi:BPMNDiagram>\n</definitions>',0),
('7886e573-2fb3-11eb-a9f3-227918fa15ea',1,'out-factory.out-factory.png','782a4681-2fb3-11eb-a9f3-227918fa15ea','PNG\r\n\Z\n\0\0\0\rIHDR\0\0\0\0\0\0\0\0@m\0\0~IDATx}Uu\0*z\"\"#ڨh%\"\"6\"6zs4\'5\"{6Du]5g|͔ްYCV7̜m}̧1<{yw/3;|s~\0\0\0\0\0\0\0\0\0\0\0\0\0\0\0\0\0\0\0\0\0\0\0\0\0\0\0\0\0\0\0\0\0\0\0\0\0\0\0\0\0\0\0\0\0\0\0\0\0\0\0\0\0\0\0\0\0\0\0\0\0\0\0\0\0\0\0\0\0\0\0\0\0\0\0\0\0\0\0\0\0\0\0\0\0\0\0\0\0\0\0\0\0\0\0\0\0\0\0\0\0\0\0\0\0\0\0\0\0\0\0\0\0\0\0\0\0\0\0\0\0\0\0\0\0\0\0\0\0\0\0\0\0\0\0\0\0\0\0\0\0\0\0\0\0\0\0\0\0\0\0\0\0\0\0\0\0\0\0\0\0\0\0\0\0\0\0\0\0\0\0\0\0\0\0\0\0\0\0\0\0\0\0\0\0\0\0\0\0\0\0\0\0\0\0\0\0\0\0\0\0\0\0\0\0\0\0\0\0\0\0\0\0\0\0\0\0\0\0\0\0\0\0\0\0\0\0\0\0\0\0\0\0\0\0\0\0\0\0\0\0\0\0\0\0\0\0\0\0\0\0\0\0\0\0\0\0\0\0\0\0\0\0\0\0\0\0\0\0$I޴iӬ5kؘ,^Xs444$+V49(+WLZZZ{;v$˗/ߕj9m)SrHzYL*ia\'P!zXQ9Cb0@/ޞlOW\rg6TaCr¼{dݢ)ɗo-SP5w9$*+[Cr}5OA0_t9SP5w9$*+?iaT]!@aC@8)C@捫)C@5%>|t[ܧjrHUV#66SY!\Z/$?CSmq!9TQamXJq+irHPK\\<1X#0]!Bsw#-#0Y!\ns9#F`\n.Papr\n.PaY(rH܅f9(\n;t%I755տ;˧Mk	F\Z><;p]w<y򦧟~zf\ZYɡS[[W555w5zV\Z:=ilN~c<NM}3Noĉ믿Y&ٶm[gϞ$ז?Os=-cǎYɡs뭷}\Z{KxCDG?Y޿Rk&>7|ٚP;i>3m{;^shs.;yZpa2z2Wf9$*MMM#FoQ&O=TdɒoM~駬&Uӧ\'v[im?He>?~|aÆ7lٲ%IwZǌ/63gfKعsgbOs8Ĉ=\Z{Qxt^{\n,P%؋}ҤI(plI7,k1[#F~4aiBsr؋S<H)\'|t~X\Z{_?~kmmj]hB7GG؋\rdRbsxCפ7Z{fYɡw*)\Z*yq[/V]aV8oq0\\_xޫ]\\y.;SzjͱfTI,i¬0!9T9W?\'5:/9MLݲ%e|ͤ?M>}m\\R\nOkjjVaV:xIq<L_bsnYeZqIoIe^QbAG{\n,@kg/[Ot\\-L|777ɲ\\\n,@ɶtJvcnYe/zDGU܃i2YaCrh s(voiqޣ[Vx~\\Y!P̡<NUfȑ{\\%#OW\\qѕ4zO\Zm?cL.9$i>ȝ?~oUk\n@Κ5+NKNp\r	\'E<ci=nܸNwܹeq&駟Yq\nε^%_u+2k\nȡ\"΋y?x7Oڶ͙3\'vJs/>Svg$v!kmʔ)hEG-:TZ0(<\nhwYQ.wvZgԔtIr-m1cFr&֭kvy%]wP.CED//ro~_}ɹn[kVVJ{~GCͽr<e{g\n;ϽQ@4\'f7vt;{ʶw6r?!K/e/O.N>dذa֭[˗gۻw|٬,CḚӄ#\"b&hڵY#\'xb,H:lI(7os#q;39D^gX\\|mt9ćJ%+Wͽr;e{PgĈ_W*eGh=4jGrJVcZt4F#8C+ǺiIz؁wsvG/Dn_tEYcKW^\\.\nuuuu\\M4-Y*{ȣwր#bDT:1\".NGi(H.f\0b[*ky.6ݻwg;ꨣʛXx#,A{wyM;7c=\ZE>y\\:ce=ޯwϵ)wq}ݷF;ӑ>\".6qwl/6|[kc{4\Zkjc4/ysF=^3n؋=n]:0\\s\Zaw(\rܑ{a9u,&LL<9?Gs/¥uO$c}?[4-u=ֺߋϿq5{1ꫯf?>o1nyA/m1yl\ZmX0WFsȓf\"x{9OƎٳ獯q;=?#fb \Z{8=sɔ)S{Ml}~i_}{:_Wk̴nذO\Z{SS5{êҦHtۑg}#8ʎ{0AWx@aiFh/w;13,\"^%{){Vؑ7;=Q/zMA]]]mZniiw}6o}zR# jgBDamӞ/B8.Nk˛{[ŷ5bz;,\nD#3{g#)m嬹\n;vZ7xcq>^upJFcǎ[#GcOj#(hbZ=cњ{4(}t饗;uVgbM4r(q$s|EǺ}iży \n\06Fץ8|(x#\'Ÿ?^AIwzݒPǎb5	WQq\\q=b0k:#LG>Av;?T|$`Ke:ԏ(;vh7Uˡxuʡ4vs4qS1W_~99ro%W=X5]\r9}<P|\Zc5J.x4|Z\\aCbh4^O;Xi}h5ɏ\Z5eڴi_}Gߤ{~k744> cI{(KYaCr&\'M}0kWFJfkoO	?-(>T =(W2Rf9$k܅,0]!@aVYaCBsfY!@s\nC,4w!\0YaCBsfY	Pf9$\0](rH\n܅fY	Pf9$4w@aV4w0!9(BsrPf]h¬0!\n,Y!Z466*{¼OC@/[bEb۶mrHzْ%K_lٟVqF[Q\Z\ZI&9$Z} -H?XC\0\0\0\0\0\0\0\0\0\0\0\0\0\0\0\0\0@\"G+ \0\0\0\0IENDB`',1),
('78a9fdfb-2e06-11eb-84ba-227918fa15ea',1,'out-factory.out-factory.png','78512f99-2e06-11eb-84ba-227918fa15ea','PNG\r\n\Z\n\0\0\0\rIHDR\0\0\0\0\0\0\0\0@m\0\0~IDATx}Uu\0*z\"\"#ڨh%\"\"6\"6zs4\'5\"{6Du]5g|͔ްYCV7̜m}̧1<{yw/3;|s~\0\0\0\0\0\0\0\0\0\0\0\0\0\0\0\0\0\0\0\0\0\0\0\0\0\0\0\0\0\0\0\0\0\0\0\0\0\0\0\0\0\0\0\0\0\0\0\0\0\0\0\0\0\0\0\0\0\0\0\0\0\0\0\0\0\0\0\0\0\0\0\0\0\0\0\0\0\0\0\0\0\0\0\0\0\0\0\0\0\0\0\0\0\0\0\0\0\0\0\0\0\0\0\0\0\0\0\0\0\0\0\0\0\0\0\0\0\0\0\0\0\0\0\0\0\0\0\0\0\0\0\0\0\0\0\0\0\0\0\0\0\0\0\0\0\0\0\0\0\0\0\0\0\0\0\0\0\0\0\0\0\0\0\0\0\0\0\0\0\0\0\0\0\0\0\0\0\0\0\0\0\0\0\0\0\0\0\0\0\0\0\0\0\0\0\0\0\0\0\0\0\0\0\0\0\0\0\0\0\0\0\0\0\0\0\0\0\0\0\0\0\0\0\0\0\0\0\0\0\0\0\0\0\0\0\0\0\0\0\0\0\0\0\0\0\0\0\0\0\0\0\0\0\0\0\0\0\0\0\0\0\0\0\0\0\0\0\0\0$I޴iӬ5kؘ,^Xs444$+V49(+WLZZZ{;v$˗/ߕj9m)SrHzYL*ia\'P!zXQ9Cb0@/ޞlOW\rg6TaCr¼{dݢ)ɗo-SP5w9$*+[Cr}5OA0_t9SP5w9$*+?iaT]!@aC@8)C@捫)C@5%>|t[ܧjrHUV#66SY!\Z/$?CSmq!9TQamXJq+irHPK\\<1X#0]!Bsw#-#0Y!\ns9#F`\n.Papr\n.PaY(rH܅f9(\n;t%I755տ;˧Mk	F\Z><;p]w<y򦧟~zf\ZYɡS[[W555w5zV\Z:=ilN~c<NM}3Noĉ믿Y&ٶm[gϞ$ז?Os=-cǎYɡs뭷}\Z{KxCDG?Y޿Rk&>7|ٚP;i>3m{;^shs.;yZpa2z2Wf9$*MMM#FoQ&O=TdɒoM~駬&Uӧ\'v[im?He>?~|aÆ7lٲ%IwZǌ/63gfKعsgbOs8Ĉ=\Z{Qxt^{\n,P%؋}ҤI(plI7,k1[#F~4aiBsr؋S<H)\'|t~X\Z{_?~kmmj]hB7GG؋\rdRbsxCפ7Z{fYɡw*)\Z*yq[/V]aV8oq0\\_xޫ]\\y.;SzjͱfTI,i¬0!9T9W?\'5:/9MLݲ%e|ͤ?M>}m\\R\nOkjjVaV:xIq<L_bsnYeZqIoIe^QbAG{\n,@kg/[Ot\\-L|777ɲ\\\n,@ɶtJvcnYe/zDGU܃i2YaCrh s(voiqޣ[Vx~\\Y!P̡<NUfȑ{\\%#OW\\qѕ4zO\Zm?cL.9$i>ȝ?~oUk\n@Κ5+NKNp\r	\'E<ci=nܸNwܹeq&駟Yq\nε^%_u+2k\nȡ\"΋y?x7Oڶ͙3\'vJs/>Svg$v!kmʔ)hEG-:TZ0(<\nhwYQ.wvZgԔtIr-m1cFr&֭kvy%]wP.CED//ro~_}ɹn[kVVJ{~GCͽr<e{g\n;ϽQ@4\'f7vt;{ʶw6r?!K/e/O.N>dذa֭[˗gۻw|٬,CḚӄ#\"b&hڵY#\'xb,H:lI(7os#q;39D^gX\\|mt9ćJ%+Wͽr;e{PgĈ_W*eGh=4jGrJVcZt4F#8C+ǺiIz؁wsvG/Dn_tEYcKW^\\.\nuuuu\\M4-Y*{ȣwր#bDT:1\".NGi(H.f\0b[*ky.6ݻwg;ꨣʛXx#,A{wyM;7c=\ZE>y\\:ce=ޯwϵ)wq}ݷF;ӑ>\".6qwl/6|[kc{4\Zkjc4/ysF=^3n؋=n]:0\\s\Zaw(\rܑ{a9u,&LL<9?Gs/¥uO$c}?[4-u=ֺߋϿq5{1ꫯf?>o1nyA/m1yl\ZmX0WFsȓf\"x{9OƎٳ獯q;=?#fb \Z{8=sɔ)S{Ml}~i_}{:_Wk̴nذO\Z{SS5{êҦHtۑg}#8ʎ{0AWx@aiFh/w;13,\"^%{){Vؑ7;=Q/zMA]]]mZniiw}6o}zR# jgBDamӞ/B8.Nk˛{[ŷ5bz;,\nD#3{g#)m嬹\n;vZ7xcq>^upJFcǎ[#GcOj#(hbZ=cњ{4(}t饗;uVgbM4r(q$s|EǺ}iży \n\06Fץ8|(x#\'Ÿ?^AIwzݒPǎb5	WQq\\q=b0k:#LG>Av;?T|$`Ke:ԏ(;vh7Uˡxuʡ4vs4qS1W_~99ro%W=X5]\r9}<P|\Zc5J.x4|Z\\aCbh4^O;Xi}h5ɏ\Z5eڴi_}Gߤ{~k744> cI{(KYaCr&\'M}0kWFJfkoO	?-(>T =(W2Rf9$k܅,0]!@aVYaCBsfY!@s\nC,4w!\0YaCBsfY	Pf9$\0](rH\n܅fY	Pf9$4w@aV4w0!9(BsrPf]h¬0!\n,Y!Z466*{¼OC@/[bEb۶mrHzْ%K_lٟVqF[Q\Z\ZI&9$Z} -H?XC\0\0\0\0\0\0\0\0\0\0\0\0\0\0\0\0\0@\"G+ \0\0\0\0IENDB`',1),
('9c68405e-2d55-11eb-b88c-227918fa15ea',1,'mes-requirement.bpmn','9c68405d-2d55-11eb-b88c-227918fa15ea','<?xml version=\"1.0\" encoding=\"UTF-8\"?>\n<definitions xmlns=\"http://www.omg.org/spec/BPMN/20100524/MODEL\" xmlns:xsi=\"http://www.w3.org/2001/XMLSchema-instance\" xmlns:xsd=\"http://www.w3.org/2001/XMLSchema\" xmlns:flowable=\"http://flowable.org/bpmn\" xmlns:bpmndi=\"http://www.omg.org/spec/BPMN/20100524/DI\" xmlns:omgdc=\"http://www.omg.org/spec/DD/20100524/DC\" xmlns:omgdi=\"http://www.omg.org/spec/DD/20100524/DI\" typeLanguage=\"http://www.w3.org/2001/XMLSchema\" expressionLanguage=\"http://www.w3.org/1999/XPath\" targetNamespace=\"http://www.flowable.org/processdef\">\n  <process id=\"mes-requirement\" name=\"MES需求变更\" isExecutable=\"true\">\n    <startEvent id=\"startEvent1\" name=\"填单\" flowable:initiator=\"initiator\" flowable:formKey=\"mes-requirement\" flowable:formFieldValidation=\"true\"></startEvent>\n    <userTask id=\"sid-33868E85-5876-4712-9136-27C22F40C24D\" name=\"填单人确认\" flowable:formFieldValidation=\"true\"></userTask>\n    <sequenceFlow id=\"sid-07BACF0C-406A-4E40-A1FC-00A0BC020C59\" sourceRef=\"startEvent1\" targetRef=\"sid-33868E85-5876-4712-9136-27C22F40C24D\"></sequenceFlow>\n    <userTask id=\"sid-9E02A53C-8F0C-4B08-A7ED-46875520B424\" name=\"提案部门主管\" flowable:formFieldValidation=\"true\"></userTask>\n    <sequenceFlow id=\"sid-9D4E7218-A416-4E13-8129-6902D1CEDBD3\" sourceRef=\"sid-33868E85-5876-4712-9136-27C22F40C24D\" targetRef=\"sid-9E02A53C-8F0C-4B08-A7ED-46875520B424\"></sequenceFlow>\n    <userTask id=\"sid-962F5DA8-4C49-46EC-AC02-75726D74F3BD\" name=\"Coordinator\" flowable:formFieldValidation=\"true\"></userTask>\n    <sequenceFlow id=\"sid-3B1C7B5B-E126-4DBE-9960-3332CA8953FC\" sourceRef=\"sid-9E02A53C-8F0C-4B08-A7ED-46875520B424\" targetRef=\"sid-962F5DA8-4C49-46EC-AC02-75726D74F3BD\"></sequenceFlow>\n    <userTask id=\"sid-712F5FB9-B139-4A54-B5F0-0C9963B866D6\" name=\"DEV TL\" flowable:formFieldValidation=\"true\"></userTask>\n    <sequenceFlow id=\"sid-75B89205-F7AD-4B61-9772-F69F67FC5A4B\" sourceRef=\"sid-962F5DA8-4C49-46EC-AC02-75726D74F3BD\" targetRef=\"sid-712F5FB9-B139-4A54-B5F0-0C9963B866D6\"></sequenceFlow>\n    <userTask id=\"sid-1B1D89A5-C026-4A31-927F-32BD7888BD59\" name=\"PSM\" flowable:formFieldValidation=\"true\"></userTask>\n    <userTask id=\"sid-A57DF6D0-FE5C-4D32-B8EC-ECEA13271C76\" name=\"MESM\" flowable:formFieldValidation=\"true\"></userTask>\n    <sequenceFlow id=\"sid-6F9F2036-70B8-4F2E-AF81-4B54AA19CD43\" sourceRef=\"sid-1B1D89A5-C026-4A31-927F-32BD7888BD59\" targetRef=\"sid-A57DF6D0-FE5C-4D32-B8EC-ECEA13271C76\"></sequenceFlow>\n    <userTask id=\"sid-18F650C5-F8DF-4D17-AD0B-FCCB1F242C4D\" name=\"PM\" flowable:formFieldValidation=\"true\"></userTask>\n    <sequenceFlow id=\"sid-C4E02C10-B6FB-47DF-8F9F-346B5D75275C\" sourceRef=\"sid-A57DF6D0-FE5C-4D32-B8EC-ECEA13271C76\" targetRef=\"sid-18F650C5-F8DF-4D17-AD0B-FCCB1F242C4D\"></sequenceFlow>\n    <sequenceFlow id=\"sid-2090AF02-C11C-4993-9CC4-F4D95E4F6C72\" sourceRef=\"sid-712F5FB9-B139-4A54-B5F0-0C9963B866D6\" targetRef=\"sid-1B1D89A5-C026-4A31-927F-32BD7888BD59\"></sequenceFlow>\n    <endEvent id=\"sid-4C4E0E45-0E10-40C1-A1A5-B4BC491F8E1E\" name=\"结束\"></endEvent>\n    <sequenceFlow id=\"sid-19C22622-BF57-43FF-BE8C-D74EDD41782F\" sourceRef=\"sid-18F650C5-F8DF-4D17-AD0B-FCCB1F242C4D\" targetRef=\"sid-4C4E0E45-0E10-40C1-A1A5-B4BC491F8E1E\"></sequenceFlow>\n  </process>\n  <bpmndi:BPMNDiagram id=\"BPMNDiagram_mes-requirement\">\n    <bpmndi:BPMNPlane bpmnElement=\"mes-requirement\" id=\"BPMNPlane_mes-requirement\">\n      <bpmndi:BPMNShape bpmnElement=\"startEvent1\" id=\"BPMNShape_startEvent1\">\n        <omgdc:Bounds height=\"30.0\" width=\"30.0\" x=\"100.0\" y=\"163.0\"></omgdc:Bounds>\n      </bpmndi:BPMNShape>\n      <bpmndi:BPMNShape bpmnElement=\"sid-33868E85-5876-4712-9136-27C22F40C24D\" id=\"BPMNShape_sid-33868E85-5876-4712-9136-27C22F40C24D\">\n        <omgdc:Bounds height=\"80.0\" width=\"100.0\" x=\"175.0\" y=\"138.0\"></omgdc:Bounds>\n      </bpmndi:BPMNShape>\n      <bpmndi:BPMNShape bpmnElement=\"sid-9E02A53C-8F0C-4B08-A7ED-46875520B424\" id=\"BPMNShape_sid-9E02A53C-8F0C-4B08-A7ED-46875520B424\">\n        <omgdc:Bounds height=\"80.0\" width=\"100.0\" x=\"320.0\" y=\"138.0\"></omgdc:Bounds>\n      </bpmndi:BPMNShape>\n      <bpmndi:BPMNShape bpmnElement=\"sid-962F5DA8-4C49-46EC-AC02-75726D74F3BD\" id=\"BPMNShape_sid-962F5DA8-4C49-46EC-AC02-75726D74F3BD\">\n        <omgdc:Bounds height=\"80.0\" width=\"100.0\" x=\"465.0\" y=\"138.0\"></omgdc:Bounds>\n      </bpmndi:BPMNShape>\n      <bpmndi:BPMNShape bpmnElement=\"sid-712F5FB9-B139-4A54-B5F0-0C9963B866D6\" id=\"BPMNShape_sid-712F5FB9-B139-4A54-B5F0-0C9963B866D6\">\n        <omgdc:Bounds height=\"80.0\" width=\"100.0\" x=\"610.0\" y=\"138.0\"></omgdc:Bounds>\n      </bpmndi:BPMNShape>\n      <bpmndi:BPMNShape bpmnElement=\"sid-1B1D89A5-C026-4A31-927F-32BD7888BD59\" id=\"BPMNShape_sid-1B1D89A5-C026-4A31-927F-32BD7888BD59\">\n        <omgdc:Bounds height=\"80.0\" width=\"100.0\" x=\"175.0\" y=\"255.0\"></omgdc:Bounds>\n      </bpmndi:BPMNShape>\n      <bpmndi:BPMNShape bpmnElement=\"sid-A57DF6D0-FE5C-4D32-B8EC-ECEA13271C76\" id=\"BPMNShape_sid-A57DF6D0-FE5C-4D32-B8EC-ECEA13271C76\">\n        <omgdc:Bounds height=\"80.0\" width=\"100.0\" x=\"320.0\" y=\"255.0\"></omgdc:Bounds>\n      </bpmndi:BPMNShape>\n      <bpmndi:BPMNShape bpmnElement=\"sid-18F650C5-F8DF-4D17-AD0B-FCCB1F242C4D\" id=\"BPMNShape_sid-18F650C5-F8DF-4D17-AD0B-FCCB1F242C4D\">\n        <omgdc:Bounds height=\"80.0\" width=\"100.0\" x=\"465.0\" y=\"255.0\"></omgdc:Bounds>\n      </bpmndi:BPMNShape>\n      <bpmndi:BPMNShape bpmnElement=\"sid-4C4E0E45-0E10-40C1-A1A5-B4BC491F8E1E\" id=\"BPMNShape_sid-4C4E0E45-0E10-40C1-A1A5-B4BC491F8E1E\">\n        <omgdc:Bounds height=\"28.0\" width=\"28.0\" x=\"610.0\" y=\"281.0\"></omgdc:Bounds>\n      </bpmndi:BPMNShape>\n      <bpmndi:BPMNEdge bpmnElement=\"sid-07BACF0C-406A-4E40-A1FC-00A0BC020C59\" id=\"BPMNEdge_sid-07BACF0C-406A-4E40-A1FC-00A0BC020C59\">\n        <omgdi:waypoint x=\"129.9499984899576\" y=\"178.0\"></omgdi:waypoint>\n        <omgdi:waypoint x=\"174.9999999999917\" y=\"178.0\"></omgdi:waypoint>\n      </bpmndi:BPMNEdge>\n      <bpmndi:BPMNEdge bpmnElement=\"sid-C4E02C10-B6FB-47DF-8F9F-346B5D75275C\" id=\"BPMNEdge_sid-C4E02C10-B6FB-47DF-8F9F-346B5D75275C\">\n        <omgdi:waypoint x=\"419.94999999990824\" y=\"295.0\"></omgdi:waypoint>\n        <omgdi:waypoint x=\"464.9999999999807\" y=\"295.0\"></omgdi:waypoint>\n      </bpmndi:BPMNEdge>\n      <bpmndi:BPMNEdge bpmnElement=\"sid-2090AF02-C11C-4993-9CC4-F4D95E4F6C72\" id=\"BPMNEdge_sid-2090AF02-C11C-4993-9CC4-F4D95E4F6C72\">\n        <omgdi:waypoint x=\"660.0\" y=\"217.95000000000002\"></omgdi:waypoint>\n        <omgdi:waypoint x=\"660.0\" y=\"234.99999999999994\"></omgdi:waypoint>\n        <omgdi:waypoint x=\"225.0\" y=\"234.99999999999994\"></omgdi:waypoint>\n        <omgdi:waypoint x=\"225.0\" y=\"255.0\"></omgdi:waypoint>\n      </bpmndi:BPMNEdge>\n      <bpmndi:BPMNEdge bpmnElement=\"sid-3B1C7B5B-E126-4DBE-9960-3332CA8953FC\" id=\"BPMNEdge_sid-3B1C7B5B-E126-4DBE-9960-3332CA8953FC\">\n        <omgdi:waypoint x=\"419.94999999999067\" y=\"178.0\"></omgdi:waypoint>\n        <omgdi:waypoint x=\"464.9999999999807\" y=\"178.0\"></omgdi:waypoint>\n      </bpmndi:BPMNEdge>\n      <bpmndi:BPMNEdge bpmnElement=\"sid-75B89205-F7AD-4B61-9772-F69F67FC5A4B\" id=\"BPMNEdge_sid-75B89205-F7AD-4B61-9772-F69F67FC5A4B\">\n        <omgdi:waypoint x=\"564.9499999999907\" y=\"178.0\"></omgdi:waypoint>\n        <omgdi:waypoint x=\"609.9999999999807\" y=\"178.0\"></omgdi:waypoint>\n      </bpmndi:BPMNEdge>\n      <bpmndi:BPMNEdge bpmnElement=\"sid-9D4E7218-A416-4E13-8129-6902D1CEDBD3\" id=\"BPMNEdge_sid-9D4E7218-A416-4E13-8129-6902D1CEDBD3\">\n        <omgdi:waypoint x=\"274.9499999999907\" y=\"178.0\"></omgdi:waypoint>\n        <omgdi:waypoint x=\"319.9999999999807\" y=\"178.0\"></omgdi:waypoint>\n      </bpmndi:BPMNEdge>\n      <bpmndi:BPMNEdge bpmnElement=\"sid-6F9F2036-70B8-4F2E-AF81-4B54AA19CD43\" id=\"BPMNEdge_sid-6F9F2036-70B8-4F2E-AF81-4B54AA19CD43\">\n        <omgdi:waypoint x=\"274.94999999974334\" y=\"295.0\"></omgdi:waypoint>\n        <omgdi:waypoint x=\"319.9999999999807\" y=\"295.0\"></omgdi:waypoint>\n      </bpmndi:BPMNEdge>\n      <bpmndi:BPMNEdge bpmnElement=\"sid-19C22622-BF57-43FF-BE8C-D74EDD41782F\" id=\"BPMNEdge_sid-19C22622-BF57-43FF-BE8C-D74EDD41782F\">\n        <omgdi:waypoint x=\"564.95\" y=\"295.0\"></omgdi:waypoint>\n        <omgdi:waypoint x=\"610.0\" y=\"295.0\"></omgdi:waypoint>\n      </bpmndi:BPMNEdge>\n    </bpmndi:BPMNPlane>\n  </bpmndi:BPMNDiagram>\n</definitions>',0),
('9ca6cfff-2d55-11eb-b88c-227918fa15ea',1,'mes-requirement.mes-requirement.png','9c68405d-2d55-11eb-b88c-227918fa15ea','PNG\r\n\Z\n\0\0\0\rIHDR\0\0\0\0Y\0\0\0\0\0\0 IDATxe&@BH$(sbALCb<Dtrb)Ŧ\\l,xAEsTMCpZ,CKVNJZ;әuwvfKtwfvv}{gf4\0\0\0\0\0\0\0\0\0\0\0\0\0\0\0\0\0\0\0\0\0\0\0\0\0\0\0\0\0\0\0\0\0\0\0\0\0\0\0\0\0\0\0\0\0\0\0\0\0\0\0\0\0\0\0\0\0\0\0\0\0\0\0\0\0\0\0\0\0\0\0\0\0\0\0\0\0\0\0\0\0\0\0\0\0\0\0\0\0\0\0\0\0\0\0\0\0\0\0\0\0\0\0\0\0\0\0\0\0\0\0\0\0\0\0\0\0\0\0\0\0\0\0\0\0\0\0\0\0\0\0\0\0\0\0\0\0\0\0\0\0\0\0\0\0\0\0\0\0\0\0\0\0\0\0\0\0\0\0\0\0\0\0\0\0\0\0\0\0\0\0\0\0\0\0\0\0\0\0\0\0\0\0\0\0\0\0\0\0\0\0\0\0\0\0\0\0\0\0\0\0\0\0\0\0\0\0\0\0\0\0\0\0\0\0\0\0\0\0\0\0\0\0\0\0\0\0\0\0\0\0\0\0\0\0\0\0\0\0\0\0\0\0\0\0\0\0\0\0\0\0\0\0\0\0\0\0\0\0\0\0\0\0\0\0\0\0\0\0\0\0\0\0\0\0\0\0\0\0\0\0\0\0\0\0\0\0\0\0\0\0\0\0\0\0\0\0\0\0\0\0\0\0\0\0\0\0\0\0\0\0\0\0\0\0\0\0\0\0\0\0\0\0\0\0\0\0\0\0\0\0\0\0\0\0\0\0\0\0\0\0\0\0\0\0\0\0\0\0\0\0\0\0\0\0\0\0\0\0\0\0\0\0\0\0\0\0\0\0\0\0\0\0\0\0\0\0\0\0\0\0\0\0\0\0IeYv֭[_Sչ5k5R2$C2$C2\r.kfݻիW@Ȑ!%C2$Ch݀0(~)R2$C2\r,Nuo2dHɐ4ط䏽L)!I0\r̞ﺥ8.3PtdHdHdHi@W==٦fϭ~@eq%C2$C2$CJT۟!N/7XdHdHdHi@kt:KdHdH\Z\rt6uTsЉ&.!!R\Zh4ɐɐ)\r4nЉg*\Zt:KdHdH\Z\rtIA\'3XdHdHdHi@٦Gz+,3XdHdHdHi@WOsȠ(:2$C2$C24h+-ǡ:KdHdH\Z\rt靛^\\wg}cqwp2qɐɐɐ@ΏwnYopRmⶎM\\2$C2$C24Lz#uG!!R\Zh4Х\ZΑ`GɐɐLzN*KdHdHdT:2$C2$C24`1Ȑɐ!%C`1Ȑ!%C2$C`1Ȑ!%C2$C4,޷q9W/Yy9sfښutt|e7޸n7@+ɐɐ)\rm{n^{m,[~}ӓe!͞~,o~}k_{eWjAGdHdHzY߾wɆgnw̙K/=E:2$C2$C24Гye˖;wn|5Εzl֬Y&jAǠ#C2$CJCUV=y5d/b6^y,o]yV&.!!R\ZI%Vy=c)o{:4屓!!R\ZI!<ǶZy}ɛS5ĥdHdHٷn[n{ӊ+͘1	\r2q)!!nj<ƫmUW]Yrt:2$C2dHi)Vu߬ɐ)R\Zh;Fj֬YZ[[OnA[[[g^6tdHdHɐ@3x{_Y=q\rF[GIAGdH)\r45-Yx{zz_ȗ7ڠSt:2$C2dHi6o޼;wkk׮{{:GǠcБ!!%CJʹ3gf}}}um}>蔏tAǠ#C2$CJn\"ʠX%CJɐ	qWW}j\rӧO?.좋.\ZpYGGGvdw姮R2dHd:k{=`׾@/]4V&?yv9d{->׳O?=[dI{ٲeZN:x\\|Kwyuk|\Z8~jYI(Wd#ԺEeЇVw=~kO}Sَ;վϽޛqd\'|xG&n~>qL/!\r4Mg[*?7p<vq`S:\Zh~۳}s[_zu1E/X<ޒo~S5kրgƍ_{3<3۴iSe_xSyK*~YwwwQ/o+Zu]wesέz]QGU4GqDvwk׮>ۥJY@ \Zh+\\#vڀ\"2txz1Gջ+\Z]uU)il*-|Ƣ:w˖-۵kW1.\\T{TVz\r4~~Ehׁz^A\'\Z{NT|=&ZW>?я_ag>SLկSOͶo^43?b ܆2E&e(Vˍo41Tf@8Rk~bo?b9#ns__oo4~@}~_Ȟ}w\\˸Ϗ~O<!Cc<57ĞxuoǪ4\\6-Ɲo8HcK;y,mR?(./e㲸=_W*\r4c[ֿ\\}_jw\"t98GУlǭh.\\X|MO:VUT}	\'+LETk2mlc00eG-V[|gFGER]yVaAxLYNyK\rtrϙ3p8kR^uo8PKxCU+RKl۶mſx}(X	|A+7%\r\'Ə9Lw\ZâwuqPVc|3VG6ҙt&$>y&|$Ɱ%,W#|i\'|~^7͛{I$*>XՋ=ܚQ1(Eފ+W1:\Zh\rt4li[d(ؗ`je t`[:1m(7PRGsyhHI]k~\"Җj\ZT\0\'wĖx+7%\nw3T2nhSX\\gҁs:FP4БŴ<{EPg=5Ќ/˗^wu\n\r\rP+бR.VkUt:?>[ng}vqy`:j+~i\Zt\'Cq3xi)HEDj>X勬D.WhSPG2:5Rӆt TV8~鉢՚Kq`ו8Q>Џ(p\Z]mU8-$՚|28\rtSY<湸{^1~MƓ5Ќ9sl\'oCϚ\rt4cO\'c{I4D(\Z@ǖԼU:Nj@ēm]3Ov=`FxRS[xq9UN9WOhS]>iG:S5QqeǾr5~-@D4m	Y]W)I1\'0@W^oێI`o?5N[x2`Ud Zv nbOr0{ǥy޸q{lkk;YGhcU0=p8؉j{ʯSOc\rNl(+7<My̱76n/^_Ag2TncU_…6*ZwtWjszI@1^[8Z)24Jg\rKlF$KKJ<]W)i_e$\rtzUx{\ZRÜJ瓡xabT:+ߦ8)=mݿ\'y#Voo6;vx,oƶ5֍z:zk\rZNy_aŤL4Ng2CyP}bXՉ&*\r413o޼\'=iZ4PMىFr\ri4*՛xh4\"{}xv|AΫpgͻzl2L4\"q<mد	8SVk]WAWƑ6Бg`=5v)+1\rkvpsMK\r2tLv\ZhFeƌfϞwVc9疖w3NE}y1ĀMOB\Z*Q4,&THLvr`,_\\=ɀ#\nvPq&i5\'5>`X錆<ٳXf\ZY=cY&;Dnv/Bcpl؆Y\nt쓎MsjPʯ\'+?	(HON֬ēkK7!nkGGǛ~O,m#2Xeo[\n2g\ZyMX\'Ӥ6Vc59ޏI4qz5N7E̔T&\"[%CJS\'{Μ9y}#y|\"/o7yϳAǠ#C2$CJ1FhgΜٻdɒ{m===;cOYطo߮W_}]]]uM7=8cƌ8ǪsچAǠ#C2$CJqmmmҼ^Ϋ/w{^\r:!R2d:R2dHd:ĥdc\'C2$C`Q&.%C2$C2$CV!!R\Zh4\r:2$C2dHicБ!!%CJcБ!%CJdHL\\J<v2$C2eR2$C2$C2\ZheБ!!!Fݠ#C2$CJ\Z:!R2d:R2dHd:ĥdc\'C2$C`Q&.%C2$C2$CV!!R\Zh4\r:2$C2dHicБ!!%CJcБ!%CJdHL\\J<v2$C2eR2$C2$C2Qww?Ʃ|9 CJɐA[f^\rP===2dHɐ4+W^jժ7^{}\'h=my]\"CJɐA˃~A~!Nľ%UfpdHdHd𫵵U\0\0`[\0\0\0\r4\0\0h\0@\r\0\0\Zh\0\0@\0o\0\04\0\0\0\0\r4\0\0h\0@\r\0\0\Zh\0\0@\0\ZRJ)eF\0\Z\0\04\0\0\0\04\0\0\0\0\r4\0\0h\0@\r\0\0\Zh\0\0,.ۡn\0o?ׁ\Z薖\0\0M4OL>H%\0\0gZ\rt[[~C\0\0ph]m/\0\0P>d/\0\00a~3\0\0di\0\0^h\0\00މ\0Ȳȭ[.]~Yggsuuuek֬k^2dHdŤvڬ7ۿڽ{wz7IR2dŊIa&eHɐ!KM\ZSu@)h`̈́PW&CJLo̶ne|-Eq%C2$C2{zM/̞[q:GdHd@]I+Վ痛p4?2$C2$C\0\Zrm~W\\gȐɐhKW\\gȐɐhM\\&.!!\0F7qųkM\\q	G#C2$C2.Ֆu?9qu&͏ɐTl6=Ӧeq	G#C2$C2琉+.3٘dHdH\04ЕٖӦeq	G#C2$C2.׋0.`!!\0\rog;7kNZ6q[@!!)@c%C2$C2.pV{[2i~dHdH\0T=I+	H#C2$C20\Zhe!!e!!0qdHɐ!\0K)0q)͏!3cƌ\\ں4-y+˫/]\0&.ɐ)@]Wg^6éGw\0KdHԔi&	~hMsZ{饗[\0L\\&.!Rniiimoor3<cƌ;Nr/K-oVӓ[.;/}KM^р%C2$Cj6y|ASnެ7={+7}^k\0L\\&.!Rr<by4뮿&J4`2qɐɐ\rty.oXhQ6ъ/q4&ɐo湫|sX^{\0\r	%C2$C3/UW<mm(4&ɐfo;SsO\0wUhe\ZzB2$C2$CxX%~ǥWxuV&J*;[ZZ>)C2$C2Ԉ:nl<D\Z@+WՉTV[	!!-MׯZj\\xϲ\\\Zhe\Zj_	*O`2$C2$C-~`xϱ]\Zhe\ZU^	S2$C2$C{IEZ5@\rch!!jEZYφO~ɐDg(\n46q55!!j\rhKxu1dw^/m߾=;wnv\'fGuTvGg\'t!_K/m۶m&M\\OĻ|U6=<M\\čK<4s\n8].3<*>_pavwW#8hⲸ<.@{⪺Z\rpO/njJ&n\\j汧3u\rtDuD`||$kooϞz_ן}]~9眣\Z^V&Cdhƥf{9CNy3{Dw\"^bEiV|>o޼Ecri%Kdw\\q)R|>I@qVcdȕMܸcOg(^:57;Zh~auww_}^ؗ.[w˖-\Z)@qOWnӘy\rũU~2a_{{{7rA\'hh.]ZKر\'|iثP[ykr6yk`2J&n\\j汧3Ο?^.^{<Ծ~@\rQep	ق9sox\Z)@+D8r%C7.53I\Zڝ\ZEvs=mkk;U\0\Z覜	:{lG5NFk׮CnӦMz4C=j쁞hm\rthiiiMO(L+ѣ_Wl|70!%CJ=DǞr1Wۈ\'<G\re!!5\ZמrtNtJ.M#a0$?qvW[V3u%C2$Cj6WO.(k=π%C2$CjJ4ХF4α6\0KdHԔkx¼6or^}w{^ `2qɐɐ@L\\2dHKi~)0q)͏!!\0\r2qɐɐhKdH\Ze!!0qdHɐ!\0(R2`R%C2$C\0\Zhe!!@+ɐ)\r4%C2$CJ\r`2qɐ!%C\0&.Q2dĥ4?JdH\04%C2$C2V&.!R\Zh\0KdH\Ze!%CJ\0L\\JdH@6a4NR2dYfgooIĵY)h`+WhժUokLVWW׶.!%CJ\0\Z\\>X^ٹ!N7UfdHdH\0\0\0\0\0\0\0\0\0\0\0\0\0\0\0\0\0\0\0\0\0\0\0\0\0swְ,\0\0\0\0IENDB`',1),
('9f32daab-2e0b-11eb-b42b-227918fa15ea',1,'out-factory.bpmn','9f32daaa-2e0b-11eb-b42b-227918fa15ea','<?xml version=\"1.0\" encoding=\"UTF-8\"?>\n<definitions xmlns=\"http://www.omg.org/spec/BPMN/20100524/MODEL\" xmlns:xsi=\"http://www.w3.org/2001/XMLSchema-instance\" xmlns:xsd=\"http://www.w3.org/2001/XMLSchema\" xmlns:flowable=\"http://flowable.org/bpmn\" xmlns:bpmndi=\"http://www.omg.org/spec/BPMN/20100524/DI\" xmlns:omgdc=\"http://www.omg.org/spec/DD/20100524/DC\" xmlns:omgdi=\"http://www.omg.org/spec/DD/20100524/DI\" typeLanguage=\"http://www.w3.org/2001/XMLSchema\" expressionLanguage=\"http://www.w3.org/1999/XPath\" targetNamespace=\"http://www.flowable.org/processdef\">\n  <process id=\"out-factory\" name=\"外出单\" isExecutable=\"true\">\n    <startEvent id=\"startEvent1\" name=\"填单\" flowable:initiator=\"initiator\" flowable:formKey=\"out-factory\" flowable:formFieldValidation=\"true\"></startEvent>\n    <userTask id=\"sid-E086BDD7-66B2-409F-B18C-B682DD9172DB\" name=\"申请人确认\" flowable:assignee=\"${initiator}\" flowable:formKey=\"out-factory\" flowable:formFieldValidation=\"true\" flowable:skipExpression=\"${skip}\">\n      <extensionElements>\n        <modeler:activiti-idm-initiator xmlns:modeler=\"http://flowable.org/modeler\"><![CDATA[true]]></modeler:activiti-idm-initiator>\n      </extensionElements>\n    </userTask>\n    <sequenceFlow id=\"sid-FB957372-CC09-424B-88F0-30C09C3C100F\" sourceRef=\"startEvent1\" targetRef=\"sid-E086BDD7-66B2-409F-B18C-B682DD9172DB\"></sequenceFlow>\n    <userTask id=\"sid-ABCBD09C-DB79-4EE8-BB28-96FEBAAFF175\" name=\"主管审核\" flowable:assignee=\"${manager}\" flowable:formKey=\"out-factory\" flowable:formFieldValidation=\"true\">\n      <extensionElements>\n        <flowable:taskListener event=\"create\" class=\"com.deltaww.flowapi.listener.AutoAssigneeListener\"></flowable:taskListener>\n        <modeler:initiator-can-complete xmlns:modeler=\"http://flowable.org/modeler\"><![CDATA[false]]></modeler:initiator-can-complete>\n      </extensionElements>\n    </userTask>\n    <sequenceFlow id=\"sid-D2A7423F-91E0-430D-AA1A-09A1C246CA40\" sourceRef=\"sid-E086BDD7-66B2-409F-B18C-B682DD9172DB\" targetRef=\"sid-ABCBD09C-DB79-4EE8-BB28-96FEBAAFF175\"></sequenceFlow>\n    <endEvent id=\"sid-52A44D3B-7206-486E-8F26-58E536F8AFDB\" name=\"结束\"></endEvent>\n    <sequenceFlow id=\"sid-C1DDC6AA-BE98-4CC6-AB71-8C8C99AEDC5C\" sourceRef=\"sid-ABCBD09C-DB79-4EE8-BB28-96FEBAAFF175\" targetRef=\"sid-52A44D3B-7206-486E-8F26-58E536F8AFDB\"></sequenceFlow>\n  </process>\n  <bpmndi:BPMNDiagram id=\"BPMNDiagram_out-factory\">\n    <bpmndi:BPMNPlane bpmnElement=\"out-factory\" id=\"BPMNPlane_out-factory\">\n      <bpmndi:BPMNShape bpmnElement=\"startEvent1\" id=\"BPMNShape_startEvent1\">\n        <omgdc:Bounds height=\"30.0\" width=\"30.0\" x=\"100.0\" y=\"163.0\"></omgdc:Bounds>\n      </bpmndi:BPMNShape>\n      <bpmndi:BPMNShape bpmnElement=\"sid-E086BDD7-66B2-409F-B18C-B682DD9172DB\" id=\"BPMNShape_sid-E086BDD7-66B2-409F-B18C-B682DD9172DB\">\n        <omgdc:Bounds height=\"80.0\" width=\"100.0\" x=\"175.0\" y=\"138.0\"></omgdc:Bounds>\n      </bpmndi:BPMNShape>\n      <bpmndi:BPMNShape bpmnElement=\"sid-ABCBD09C-DB79-4EE8-BB28-96FEBAAFF175\" id=\"BPMNShape_sid-ABCBD09C-DB79-4EE8-BB28-96FEBAAFF175\">\n        <omgdc:Bounds height=\"80.0\" width=\"100.0\" x=\"320.0\" y=\"138.0\"></omgdc:Bounds>\n      </bpmndi:BPMNShape>\n      <bpmndi:BPMNShape bpmnElement=\"sid-52A44D3B-7206-486E-8F26-58E536F8AFDB\" id=\"BPMNShape_sid-52A44D3B-7206-486E-8F26-58E536F8AFDB\">\n        <omgdc:Bounds height=\"28.0\" width=\"28.0\" x=\"465.0\" y=\"164.0\"></omgdc:Bounds>\n      </bpmndi:BPMNShape>\n      <bpmndi:BPMNEdge bpmnElement=\"sid-D2A7423F-91E0-430D-AA1A-09A1C246CA40\" id=\"BPMNEdge_sid-D2A7423F-91E0-430D-AA1A-09A1C246CA40\">\n        <omgdi:waypoint x=\"274.9499999999907\" y=\"178.0\"></omgdi:waypoint>\n        <omgdi:waypoint x=\"319.9999999999807\" y=\"178.0\"></omgdi:waypoint>\n      </bpmndi:BPMNEdge>\n      <bpmndi:BPMNEdge bpmnElement=\"sid-C1DDC6AA-BE98-4CC6-AB71-8C8C99AEDC5C\" id=\"BPMNEdge_sid-C1DDC6AA-BE98-4CC6-AB71-8C8C99AEDC5C\">\n        <omgdi:waypoint x=\"419.95000000000005\" y=\"178.0\"></omgdi:waypoint>\n        <omgdi:waypoint x=\"465.0\" y=\"178.0\"></omgdi:waypoint>\n      </bpmndi:BPMNEdge>\n      <bpmndi:BPMNEdge bpmnElement=\"sid-FB957372-CC09-424B-88F0-30C09C3C100F\" id=\"BPMNEdge_sid-FB957372-CC09-424B-88F0-30C09C3C100F\">\n        <omgdi:waypoint x=\"129.9499984899576\" y=\"178.0\"></omgdi:waypoint>\n        <omgdi:waypoint x=\"174.9999999999917\" y=\"178.0\"></omgdi:waypoint>\n      </bpmndi:BPMNEdge>\n    </bpmndi:BPMNPlane>\n  </bpmndi:BPMNDiagram>\n</definitions>',0),
('9fcde22c-2e0b-11eb-b42b-227918fa15ea',1,'out-factory.out-factory.png','9f32daaa-2e0b-11eb-b42b-227918fa15ea','PNG\r\n\Z\n\0\0\0\rIHDR\0\0\0\0\0\0\0\0@m\0\0~IDATx}Uu\0*z\"\"#ڨh%\"\"6\"6zs4\'5\"{6Du]5g|͔ްYCV7̜m}̧1<{yw/3;|s~\0\0\0\0\0\0\0\0\0\0\0\0\0\0\0\0\0\0\0\0\0\0\0\0\0\0\0\0\0\0\0\0\0\0\0\0\0\0\0\0\0\0\0\0\0\0\0\0\0\0\0\0\0\0\0\0\0\0\0\0\0\0\0\0\0\0\0\0\0\0\0\0\0\0\0\0\0\0\0\0\0\0\0\0\0\0\0\0\0\0\0\0\0\0\0\0\0\0\0\0\0\0\0\0\0\0\0\0\0\0\0\0\0\0\0\0\0\0\0\0\0\0\0\0\0\0\0\0\0\0\0\0\0\0\0\0\0\0\0\0\0\0\0\0\0\0\0\0\0\0\0\0\0\0\0\0\0\0\0\0\0\0\0\0\0\0\0\0\0\0\0\0\0\0\0\0\0\0\0\0\0\0\0\0\0\0\0\0\0\0\0\0\0\0\0\0\0\0\0\0\0\0\0\0\0\0\0\0\0\0\0\0\0\0\0\0\0\0\0\0\0\0\0\0\0\0\0\0\0\0\0\0\0\0\0\0\0\0\0\0\0\0\0\0\0\0\0\0\0\0\0\0\0\0\0\0\0\0\0\0\0\0\0\0\0\0\0\0\0$I޴iӬ5kؘ,^Xs444$+V49(+WLZZZ{;v$˗/ߕj9m)SrHzYL*ia\'P!zXQ9Cb0@/ޞlOW\rg6TaCr¼{dݢ)ɗo-SP5w9$*+[Cr}5OA0_t9SP5w9$*+?iaT]!@aC@8)C@捫)C@5%>|t[ܧjrHUV#66SY!\Z/$?CSmq!9TQamXJq+irHPK\\<1X#0]!Bsw#-#0Y!\ns9#F`\n.Papr\n.PaY(rH܅f9(\n;t%I755տ;˧Mk	F\Z><;p]w<y򦧟~zf\ZYɡS[[W555w5zV\Z:=ilN~c<NM}3Noĉ믿Y&ٶm[gϞ$ז?Os=-cǎYɡs뭷}\Z{KxCDG?Y޿Rk&>7|ٚP;i>3m{;^shs.;yZpa2z2Wf9$*MMM#FoQ&O=TdɒoM~駬&Uӧ\'v[im?He>?~|aÆ7lٲ%IwZǌ/63gfKعsgbOs8Ĉ=\Z{Qxt^{\n,P%؋}ҤI(plI7,k1[#F~4aiBsr؋S<H)\'|t~X\Z{_?~kmmj]hB7GG؋\rdRbsxCפ7Z{fYɡw*)\Z*yq[/V]aV8oq0\\_xޫ]\\y.;SzjͱfTI,i¬0!9T9W?\'5:/9MLݲ%e|ͤ?M>}m\\R\nOkjjVaV:xIq<L_bsnYeZqIoIe^QbAG{\n,@kg/[Ot\\-L|777ɲ\\\n,@ɶtJvcnYe/zDGU܃i2YaCrh s(voiqޣ[Vx~\\Y!P̡<NUfȑ{\\%#OW\\qѕ4zO\Zm?cL.9$i>ȝ?~oUk\n@Κ5+NKNp\r	\'E<ci=nܸNwܹeq&駟Yq\nε^%_u+2k\nȡ\"΋y?x7Oڶ͙3\'vJs/>Svg$v!kmʔ)hEG-:TZ0(<\nhwYQ.wvZgԔtIr-m1cFr&֭kvy%]wP.CED//ro~_}ɹn[kVVJ{~GCͽr<e{g\n;ϽQ@4\'f7vt;{ʶw6r?!K/e/O.N>dذa֭[˗gۻw|٬,CḚӄ#\"b&hڵY#\'xb,H:lI(7os#q;39D^gX\\|mt9ćJ%+Wͽr;e{PgĈ_W*eGh=4jGrJVcZt4F#8C+ǺiIz؁wsvG/Dn_tEYcKW^\\.\nuuuu\\M4-Y*{ȣwր#bDT:1\".NGi(H.f\0b[*ky.6ݻwg;ꨣʛXx#,A{wyM;7c=\ZE>y\\:ce=ޯwϵ)wq}ݷF;ӑ>\".6qwl/6|[kc{4\Zkjc4/ysF=^3n؋=n]:0\\s\Zaw(\rܑ{a9u,&LL<9?Gs/¥uO$c}?[4-u=ֺߋϿq5{1ꫯf?>o1nyA/m1yl\ZmX0WFsȓf\"x{9OƎٳ獯q;=?#fb \Z{8=sɔ)S{Ml}~i_}{:_Wk̴nذO\Z{SS5{êҦHtۑg}#8ʎ{0AWx@aiFh/w;13,\"^%{){Vؑ7;=Q/zMA]]]mZniiw}6o}zR# jgBDamӞ/B8.Nk˛{[ŷ5bz;,\nD#3{g#)m嬹\n;vZ7xcq>^upJFcǎ[#GcOj#(hbZ=cњ{4(}t饗;uVgbM4r(q$s|EǺ}iży \n\06Fץ8|(x#\'Ÿ?^AIwzݒPǎb5	WQq\\q=b0k:#LG>Av;?T|$`Ke:ԏ(;vh7Uˡxuʡ4vs4qS1W_~99ro%W=X5]\r9}<P|\Zc5J.x4|Z\\aCbh4^O;Xi}h5ɏ\Z5eڴi_}Gߤ{~k744> cI{(KYaCr&\'M}0kWFJfkoO	?-(>T =(W2Rf9$k܅,0]!@aVYaCBsfY!@s\nC,4w!\0YaCBsfY	Pf9$\0](rH\n܅fY	Pf9$4w@aV4w0!9(BsrPf]h¬0!\n,Y!Z466*{¼OC@/[bEb۶mrHzْ%K_lٟVqF[Q\Z\ZI&9$Z} -H?XC\0\0\0\0\0\0\0\0\0\0\0\0\0\0\0\0\0@\"G+ \0\0\0\0IENDB`',1),
('a63745e5-2e00-11eb-8699-227918fa15ea',1,'out-factory.bpmn','a63745e4-2e00-11eb-8699-227918fa15ea','<?xml version=\"1.0\" encoding=\"UTF-8\"?>\n<definitions xmlns=\"http://www.omg.org/spec/BPMN/20100524/MODEL\" xmlns:xsi=\"http://www.w3.org/2001/XMLSchema-instance\" xmlns:xsd=\"http://www.w3.org/2001/XMLSchema\" xmlns:flowable=\"http://flowable.org/bpmn\" xmlns:bpmndi=\"http://www.omg.org/spec/BPMN/20100524/DI\" xmlns:omgdc=\"http://www.omg.org/spec/DD/20100524/DC\" xmlns:omgdi=\"http://www.omg.org/spec/DD/20100524/DI\" typeLanguage=\"http://www.w3.org/2001/XMLSchema\" expressionLanguage=\"http://www.w3.org/1999/XPath\" targetNamespace=\"http://www.flowable.org/processdef\">\n  <process id=\"out-factory\" name=\"外出单\" isExecutable=\"true\">\n    <startEvent id=\"startEvent1\" name=\"填单\" flowable:initiator=\"initiator\" flowable:formKey=\"out-factory\" flowable:formFieldValidation=\"true\"></startEvent>\n    <userTask id=\"sid-E086BDD7-66B2-409F-B18C-B682DD9172DB\" name=\"申请人确认\" flowable:assignee=\"${INITIATOR}\" flowable:formKey=\"out-factory\" flowable:formFieldValidation=\"true\" flowable:skipExpression=\"${skip==true}\">\n      <extensionElements>\n        <modeler:initiator-can-complete xmlns:modeler=\"http://flowable.org/modeler\"><![CDATA[false]]></modeler:initiator-can-complete>\n      </extensionElements>\n    </userTask>\n    <sequenceFlow id=\"sid-FB957372-CC09-424B-88F0-30C09C3C100F\" sourceRef=\"startEvent1\" targetRef=\"sid-E086BDD7-66B2-409F-B18C-B682DD9172DB\"></sequenceFlow>\n    <userTask id=\"sid-ABCBD09C-DB79-4EE8-BB28-96FEBAAFF175\" name=\"主管审核\" flowable:assignee=\"${manager}\" flowable:formKey=\"out-factory\" flowable:formFieldValidation=\"true\">\n      <extensionElements>\n        <flowable:taskListener event=\"create\" class=\"com.deltaww.flowapi.listener.AutoAssigneeListener\"></flowable:taskListener>\n        <modeler:initiator-can-complete xmlns:modeler=\"http://flowable.org/modeler\"><![CDATA[false]]></modeler:initiator-can-complete>\n      </extensionElements>\n    </userTask>\n    <sequenceFlow id=\"sid-D2A7423F-91E0-430D-AA1A-09A1C246CA40\" sourceRef=\"sid-E086BDD7-66B2-409F-B18C-B682DD9172DB\" targetRef=\"sid-ABCBD09C-DB79-4EE8-BB28-96FEBAAFF175\"></sequenceFlow>\n    <endEvent id=\"sid-52A44D3B-7206-486E-8F26-58E536F8AFDB\" name=\"结束\"></endEvent>\n    <sequenceFlow id=\"sid-C1DDC6AA-BE98-4CC6-AB71-8C8C99AEDC5C\" sourceRef=\"sid-ABCBD09C-DB79-4EE8-BB28-96FEBAAFF175\" targetRef=\"sid-52A44D3B-7206-486E-8F26-58E536F8AFDB\"></sequenceFlow>\n  </process>\n  <bpmndi:BPMNDiagram id=\"BPMNDiagram_out-factory\">\n    <bpmndi:BPMNPlane bpmnElement=\"out-factory\" id=\"BPMNPlane_out-factory\">\n      <bpmndi:BPMNShape bpmnElement=\"startEvent1\" id=\"BPMNShape_startEvent1\">\n        <omgdc:Bounds height=\"30.0\" width=\"30.0\" x=\"100.0\" y=\"163.0\"></omgdc:Bounds>\n      </bpmndi:BPMNShape>\n      <bpmndi:BPMNShape bpmnElement=\"sid-E086BDD7-66B2-409F-B18C-B682DD9172DB\" id=\"BPMNShape_sid-E086BDD7-66B2-409F-B18C-B682DD9172DB\">\n        <omgdc:Bounds height=\"80.0\" width=\"100.0\" x=\"175.0\" y=\"138.0\"></omgdc:Bounds>\n      </bpmndi:BPMNShape>\n      <bpmndi:BPMNShape bpmnElement=\"sid-ABCBD09C-DB79-4EE8-BB28-96FEBAAFF175\" id=\"BPMNShape_sid-ABCBD09C-DB79-4EE8-BB28-96FEBAAFF175\">\n        <omgdc:Bounds height=\"80.0\" width=\"100.0\" x=\"320.0\" y=\"138.0\"></omgdc:Bounds>\n      </bpmndi:BPMNShape>\n      <bpmndi:BPMNShape bpmnElement=\"sid-52A44D3B-7206-486E-8F26-58E536F8AFDB\" id=\"BPMNShape_sid-52A44D3B-7206-486E-8F26-58E536F8AFDB\">\n        <omgdc:Bounds height=\"28.0\" width=\"28.0\" x=\"465.0\" y=\"164.0\"></omgdc:Bounds>\n      </bpmndi:BPMNShape>\n      <bpmndi:BPMNEdge bpmnElement=\"sid-D2A7423F-91E0-430D-AA1A-09A1C246CA40\" id=\"BPMNEdge_sid-D2A7423F-91E0-430D-AA1A-09A1C246CA40\">\n        <omgdi:waypoint x=\"274.9499999999907\" y=\"178.0\"></omgdi:waypoint>\n        <omgdi:waypoint x=\"319.9999999999807\" y=\"178.0\"></omgdi:waypoint>\n      </bpmndi:BPMNEdge>\n      <bpmndi:BPMNEdge bpmnElement=\"sid-C1DDC6AA-BE98-4CC6-AB71-8C8C99AEDC5C\" id=\"BPMNEdge_sid-C1DDC6AA-BE98-4CC6-AB71-8C8C99AEDC5C\">\n        <omgdi:waypoint x=\"419.95000000000005\" y=\"178.0\"></omgdi:waypoint>\n        <omgdi:waypoint x=\"465.0\" y=\"178.0\"></omgdi:waypoint>\n      </bpmndi:BPMNEdge>\n      <bpmndi:BPMNEdge bpmnElement=\"sid-FB957372-CC09-424B-88F0-30C09C3C100F\" id=\"BPMNEdge_sid-FB957372-CC09-424B-88F0-30C09C3C100F\">\n        <omgdi:waypoint x=\"129.9499984899576\" y=\"178.0\"></omgdi:waypoint>\n        <omgdi:waypoint x=\"174.9999999999917\" y=\"178.0\"></omgdi:waypoint>\n      </bpmndi:BPMNEdge>\n    </bpmndi:BPMNPlane>\n  </bpmndi:BPMNDiagram>\n</definitions>',0),
('a68ae426-2e00-11eb-8699-227918fa15ea',1,'out-factory.out-factory.png','a63745e4-2e00-11eb-8699-227918fa15ea','PNG\r\n\Z\n\0\0\0\rIHDR\0\0\0\0\0\0\0\0@m\0\0~IDATx}Uu\0*z\"\"#ڨh%\"\"6\"6zs4\'5\"{6Du]5g|͔ްYCV7̜m}̧1<{yw/3;|s~\0\0\0\0\0\0\0\0\0\0\0\0\0\0\0\0\0\0\0\0\0\0\0\0\0\0\0\0\0\0\0\0\0\0\0\0\0\0\0\0\0\0\0\0\0\0\0\0\0\0\0\0\0\0\0\0\0\0\0\0\0\0\0\0\0\0\0\0\0\0\0\0\0\0\0\0\0\0\0\0\0\0\0\0\0\0\0\0\0\0\0\0\0\0\0\0\0\0\0\0\0\0\0\0\0\0\0\0\0\0\0\0\0\0\0\0\0\0\0\0\0\0\0\0\0\0\0\0\0\0\0\0\0\0\0\0\0\0\0\0\0\0\0\0\0\0\0\0\0\0\0\0\0\0\0\0\0\0\0\0\0\0\0\0\0\0\0\0\0\0\0\0\0\0\0\0\0\0\0\0\0\0\0\0\0\0\0\0\0\0\0\0\0\0\0\0\0\0\0\0\0\0\0\0\0\0\0\0\0\0\0\0\0\0\0\0\0\0\0\0\0\0\0\0\0\0\0\0\0\0\0\0\0\0\0\0\0\0\0\0\0\0\0\0\0\0\0\0\0\0\0\0\0\0\0\0\0\0\0\0\0\0\0\0\0\0\0\0\0$I޴iӬ5kؘ,^Xs444$+V49(+WLZZZ{;v$˗/ߕj9m)SrHzYL*ia\'P!zXQ9Cb0@/ޞlOW\rg6TaCr¼{dݢ)ɗo-SP5w9$*+[Cr}5OA0_t9SP5w9$*+?iaT]!@aC@8)C@捫)C@5%>|t[ܧjrHUV#66SY!\Z/$?CSmq!9TQamXJq+irHPK\\<1X#0]!Bsw#-#0Y!\ns9#F`\n.Papr\n.PaY(rH܅f9(\n;t%I755տ;˧Mk	F\Z><;p]w<y򦧟~zf\ZYɡS[[W555w5zV\Z:=ilN~c<NM}3Noĉ믿Y&ٶm[gϞ$ז?Os=-cǎYɡs뭷}\Z{KxCDG?Y޿Rk&>7|ٚP;i>3m{;^shs.;yZpa2z2Wf9$*MMM#FoQ&O=TdɒoM~駬&Uӧ\'v[im?He>?~|aÆ7lٲ%IwZǌ/63gfKعsgbOs8Ĉ=\Z{Qxt^{\n,P%؋}ҤI(plI7,k1[#F~4aiBsr؋S<H)\'|t~X\Z{_?~kmmj]hB7GG؋\rdRbsxCפ7Z{fYɡw*)\Z*yq[/V]aV8oq0\\_xޫ]\\y.;SzjͱfTI,i¬0!9T9W?\'5:/9MLݲ%e|ͤ?M>}m\\R\nOkjjVaV:xIq<L_bsnYeZqIoIe^QbAG{\n,@kg/[Ot\\-L|777ɲ\\\n,@ɶtJvcnYe/zDGU܃i2YaCrh s(voiqޣ[Vx~\\Y!P̡<NUfȑ{\\%#OW\\qѕ4zO\Zm?cL.9$i>ȝ?~oUk\n@Κ5+NKNp\r	\'E<ci=nܸNwܹeq&駟Yq\nε^%_u+2k\nȡ\"΋y?x7Oڶ͙3\'vJs/>Svg$v!kmʔ)hEG-:TZ0(<\nhwYQ.wvZgԔtIr-m1cFr&֭kvy%]wP.CED//ro~_}ɹn[kVVJ{~GCͽr<e{g\n;ϽQ@4\'f7vt;{ʶw6r?!K/e/O.N>dذa֭[˗gۻw|٬,CḚӄ#\"b&hڵY#\'xb,H:lI(7os#q;39D^gX\\|mt9ćJ%+Wͽr;e{PgĈ_W*eGh=4jGrJVcZt4F#8C+ǺiIz؁wsvG/Dn_tEYcKW^\\.\nuuuu\\M4-Y*{ȣwր#bDT:1\".NGi(H.f\0b[*ky.6ݻwg;ꨣʛXx#,A{wyM;7c=\ZE>y\\:ce=ޯwϵ)wq}ݷF;ӑ>\".6qwl/6|[kc{4\Zkjc4/ysF=^3n؋=n]:0\\s\Zaw(\rܑ{a9u,&LL<9?Gs/¥uO$c}?[4-u=ֺߋϿq5{1ꫯf?>o1nyA/m1yl\ZmX0WFsȓf\"x{9OƎٳ獯q;=?#fb \Z{8=sɔ)S{Ml}~i_}{:_Wk̴nذO\Z{SS5{êҦHtۑg}#8ʎ{0AWx@aiFh/w;13,\"^%{){Vؑ7;=Q/zMA]]]mZniiw}6o}zR# jgBDamӞ/B8.Nk˛{[ŷ5bz;,\nD#3{g#)m嬹\n;vZ7xcq>^upJFcǎ[#GcOj#(hbZ=cњ{4(}t饗;uVgbM4r(q$s|EǺ}iży \n\06Fץ8|(x#\'Ÿ?^AIwzݒPǎb5	WQq\\q=b0k:#LG>Av;?T|$`Ke:ԏ(;vh7Uˡxuʡ4vs4qS1W_~99ro%W=X5]\r9}<P|\Zc5J.x4|Z\\aCbh4^O;Xi}h5ɏ\Z5eڴi_}Gߤ{~k744> cI{(KYaCr&\'M}0kWFJfkoO	?-(>T =(W2Rf9$k܅,0]!@aVYaCBsfY!@s\nC,4w!\0YaCBsfY	Pf9$\0](rH\n܅fY	Pf9$4w@aV4w0!9(BsrPf]h¬0!\n,Y!Z466*{¼OC@/[bEb۶mrHzْ%K_lٟVqF[Q\Z\ZI&9$Z} -H?XC\0\0\0\0\0\0\0\0\0\0\0\0\0\0\0\0\0@\"G+ \0\0\0\0IENDB`',1),
('a83f9aa0-2d56-11eb-b88c-227918fa15ea',1,'liaison.bpmn','a83f9a9f-2d56-11eb-b88c-227918fa15ea','<?xml version=\"1.0\" encoding=\"UTF-8\"?>\n<definitions xmlns=\"http://www.omg.org/spec/BPMN/20100524/MODEL\" xmlns:xsi=\"http://www.w3.org/2001/XMLSchema-instance\" xmlns:xsd=\"http://www.w3.org/2001/XMLSchema\" xmlns:flowable=\"http://flowable.org/bpmn\" xmlns:bpmndi=\"http://www.omg.org/spec/BPMN/20100524/DI\" xmlns:omgdc=\"http://www.omg.org/spec/DD/20100524/DC\" xmlns:omgdi=\"http://www.omg.org/spec/DD/20100524/DI\" typeLanguage=\"http://www.w3.org/2001/XMLSchema\" expressionLanguage=\"http://www.w3.org/1999/XPath\" targetNamespace=\"http://www.flowable.org/processdef\">\n  <process id=\"liaison\" name=\"联络单\" isExecutable=\"true\">\n    <startEvent id=\"startEvent1\" name=\"填单\" flowable:initiator=\"initiator\" flowable:formKey=\"liaison\" flowable:formFieldValidation=\"true\"></startEvent>\n    <userTask id=\"sid-BB836425-7C40-48DC-A59E-2AD704CA7DF1\" name=\"填单人确认\" flowable:formFieldValidation=\"true\"></userTask>\n    <sequenceFlow id=\"sid-8837ACC1-9927-4EF2-AB27-6113B895B400\" sourceRef=\"startEvent1\" targetRef=\"sid-BB836425-7C40-48DC-A59E-2AD704CA7DF1\"></sequenceFlow>\n    <userTask id=\"sid-B77C750E-DE59-438E-B87C-E2ACA53B76E1\" name=\"审核中\" flowable:formFieldValidation=\"true\"></userTask>\n    <sequenceFlow id=\"sid-7BA30D19-708A-4A69-A05E-3B5FC38E05C5\" sourceRef=\"sid-BB836425-7C40-48DC-A59E-2AD704CA7DF1\" targetRef=\"sid-B77C750E-DE59-438E-B87C-E2ACA53B76E1\"></sequenceFlow>\n    <endEvent id=\"sid-7387C76A-E91A-40AA-A84A-11C8155AD7C0\" name=\"结束\"></endEvent>\n    <sequenceFlow id=\"sid-0255207B-6BE7-449E-8B53-6D87AF68964A\" sourceRef=\"sid-B77C750E-DE59-438E-B87C-E2ACA53B76E1\" targetRef=\"sid-7387C76A-E91A-40AA-A84A-11C8155AD7C0\"></sequenceFlow>\n  </process>\n  <bpmndi:BPMNDiagram id=\"BPMNDiagram_liaison\">\n    <bpmndi:BPMNPlane bpmnElement=\"liaison\" id=\"BPMNPlane_liaison\">\n      <bpmndi:BPMNShape bpmnElement=\"startEvent1\" id=\"BPMNShape_startEvent1\">\n        <omgdc:Bounds height=\"30.0\" width=\"30.0\" x=\"100.0\" y=\"163.0\"></omgdc:Bounds>\n      </bpmndi:BPMNShape>\n      <bpmndi:BPMNShape bpmnElement=\"sid-BB836425-7C40-48DC-A59E-2AD704CA7DF1\" id=\"BPMNShape_sid-BB836425-7C40-48DC-A59E-2AD704CA7DF1\">\n        <omgdc:Bounds height=\"80.0\" width=\"100.0\" x=\"175.0\" y=\"138.0\"></omgdc:Bounds>\n      </bpmndi:BPMNShape>\n      <bpmndi:BPMNShape bpmnElement=\"sid-B77C750E-DE59-438E-B87C-E2ACA53B76E1\" id=\"BPMNShape_sid-B77C750E-DE59-438E-B87C-E2ACA53B76E1\">\n        <omgdc:Bounds height=\"80.0\" width=\"100.0\" x=\"320.0\" y=\"138.0\"></omgdc:Bounds>\n      </bpmndi:BPMNShape>\n      <bpmndi:BPMNShape bpmnElement=\"sid-7387C76A-E91A-40AA-A84A-11C8155AD7C0\" id=\"BPMNShape_sid-7387C76A-E91A-40AA-A84A-11C8155AD7C0\">\n        <omgdc:Bounds height=\"28.0\" width=\"28.0\" x=\"465.0\" y=\"164.0\"></omgdc:Bounds>\n      </bpmndi:BPMNShape>\n      <bpmndi:BPMNEdge bpmnElement=\"sid-7BA30D19-708A-4A69-A05E-3B5FC38E05C5\" id=\"BPMNEdge_sid-7BA30D19-708A-4A69-A05E-3B5FC38E05C5\">\n        <omgdi:waypoint x=\"274.9499999999907\" y=\"178.0\"></omgdi:waypoint>\n        <omgdi:waypoint x=\"319.9999999999807\" y=\"178.0\"></omgdi:waypoint>\n      </bpmndi:BPMNEdge>\n      <bpmndi:BPMNEdge bpmnElement=\"sid-8837ACC1-9927-4EF2-AB27-6113B895B400\" id=\"BPMNEdge_sid-8837ACC1-9927-4EF2-AB27-6113B895B400\">\n        <omgdi:waypoint x=\"129.9499984899576\" y=\"178.0\"></omgdi:waypoint>\n        <omgdi:waypoint x=\"174.9999999999917\" y=\"178.0\"></omgdi:waypoint>\n      </bpmndi:BPMNEdge>\n      <bpmndi:BPMNEdge bpmnElement=\"sid-0255207B-6BE7-449E-8B53-6D87AF68964A\" id=\"BPMNEdge_sid-0255207B-6BE7-449E-8B53-6D87AF68964A\">\n        <omgdi:waypoint x=\"419.95000000000005\" y=\"178.0\"></omgdi:waypoint>\n        <omgdi:waypoint x=\"465.0\" y=\"178.0\"></omgdi:waypoint>\n      </bpmndi:BPMNEdge>\n    </bpmndi:BPMNPlane>\n  </bpmndi:BPMNDiagram>\n</definitions>',0),
('a866aaa1-2d56-11eb-b88c-227918fa15ea',1,'liaison.liaison.png','a83f9a9f-2d56-11eb-b88c-227918fa15ea','PNG\r\n\Z\n\0\0\0\rIHDR\0\0\0\0\0\0\0\0@m\0\0IDATx}V\0݈6*6Z \"F/cΔ2ffTkbeVD\rs]W_+anj9zۘi=߃g8Ό8sf>2<}~\0\0\0\0\0\0\0\0\0\0\0\0\0\0\0\0\0\0\0\0\0\0\0\0\0\0\0\0\0\0\0\0\0\0\0\0\0\0\0\0\0\0\0\0\0\0\0\0\0\0\0\0\0\0\0\0\0\0\0\0\0\0\0\0\0\0\0\0\0\0\0\0\0\0\0\0\0\0\0\0\0\0\0\0\0\0\0\0\0\0\0\0\0\0\0\0\0\0\0\0\0\0\0\0\0\0\0\0\0\0\0\0\0\0\0\0\0\0\0\0\0\0\0\0\0\0\0\0\0\0\0\0\0\0\0\0\0\0\0\0\0\0\0\0\0\0\0\0\0\0\0\0\0\0\0\0\0\0\0\0\0\0\0\0\0\0\0\0\0\0\0\0\0\0\0\0\0\0\0\0\0\0\0\0\0\0\0\0\0\0\0\0\0\0\0\0\0\0\0\0\0\0\0\0\0\0\0\0\0\0\0\0\0\0\0\0\0\0\0\0\0\0\0\0\0\0\0\0\0\0\0\0\0\0\0\0\0\0\0\0\0\0\0\0\0\0\0\0\0\0\0\0\0\0\0\0\0\0\0\0\0\0\0\0\0\0\0\0\0$6ljժ\ZE\nGCCC|INC@/bŊ%ٽ{ضm[lٲiIC@/ٖ\\5yw:[+`!2X==rHzYS0\'rH0[\r1,xN1UJXwnߒY89rD<T]!dyWvPQ㻯*C@\n%OuZc!90YH9)C,4w9$,qdsg9)C@\niam\n.P㖦d͇S^NMm\n.PxN1UX%Y?>T]!D9n˝/m0!90\';-ykf`C@Cʹf9$̴)C@<X]!\nP4w9(BsrPf9$4wJ$ojj\Zo/6mڎq1bD2tФn]wݵ{ҤIzw](rHڿ;3XΨiJccmvqbNM}֬Y3NgkZ*ٲeKk׮$ǖ?Os=MF\ZYɡʹ[>Ei̻KxD_qݻ7իW\'>ѣG܅,PIi^p\rX15֏3g;3;wa5,X׷Y¬0!9Tmjjj66y\'ŋ\'~mO?e5V^W\\L>=7f/]c&֭KzæMt:r܅.P6?xo;ٮؾ}{bOHq\0{4&FwKg*\nC4c/6	&d]\Z@K5choOf.4w!l{q)~ʔ)mK=KO<D%!cc}}i޼y܅.Pϥ8c?^lf+t={믿&}m̘1e]Qf9$[Vӥ-ϗxn_.]aV(oq0\\_x.<)o9UK\Z0+rHUsbv?I۝&wnY2qI7x#ӧKVAaiQMM*\nC՘C/)駟:]lu˒k%e+?ޔ&j*F\n,Pkgۗ.]ڧu:.tS]%7ٺukE{sssK,m]Rf9$3&{k/dW=6%wwoS)DGUA2¬0!9ԟ9FkN괸ޥ[Lqop/0WW!1s(Jiݲd3?k7_qGWbI[nIK\Z9T/;];vJsP+4o3gΌak׿ɥ^ܹ3{Ŝwyɴi:3gN~8Og]{믿n{+`sPO_NN8h{\\SO=38#ٱc!->jGCm\'O^_.\\UzOr{DÎ6lXrW=te˖e3/\'Ne;n?m$N:Ō3/0YfMs1sanꫝ k܏=_;ͽost3<Fs2eʼ*;ϽYV%s4H1:cB\ZǶwY`_|1ѿ%_\\r%[o}ɐ!C͛7g\'|AIaIsoll\"nc\\c%&ϫ<^|mp9M+VtTjie!m?_}ݿU\nueQ_h]tQrdGgMy-6}˖}lɓǏﴹJ@6aoSN9%+|Irqu:~F~\'KVys(6\"߽9\'K,iL=r3$f8>x^sﹸB]Z;T\nuuuu\\&Lߕ)뵊+y@]҈	G1s~eu:ϗXcneE!ꪫ\"bs񺣎:8\0{7k4xc~<EܣǠ-s= bpǀ?|<ז㎛=oOg_+\\f/BVgϞ}@a~W:lofh1Rk^:%3W[^g)c\ncp\rzԩY^7.4iR[nji}~WNsWbM}}?ؿC=\n_oׯ_}uYg}51(|c?X\r}sٍ7f8\0/ǁu\ns781VYf͚1ysϏÈU83\Z{yg]Au1,6s|{:[^rfZ[׭[\'iN3!e?Ds?ju=xg}38ˎinP30,/?\"P=Va#ȟ6r\"W^-oww\r>\Z{:P/gYzMA]]]mZniiw}6oʾӗ9fC$cuVpcf;x]	M9 >{]D=ژŬ X(m>4cv|0{{Sbvie9u7f\r>v9rjjj3.׵[hjkkG\Zf1cƞ&eOEьclǌ=2G}uW.tS<3XVϗc5Qu4oE3hnnnqVJ{+A+>|z1֤lCK\'Vb`Q~s[sb}q]u8x=b k:|_ =c)>p KFᎂm۶;,\\~u\Zۋ9|Yyd+kqKkwU^>t48ztz8籧\rtpi1(\nCZ0V>MG2mڴ>oґf3qV|CCÿ?#H\r,fYɡji^Mqe4i￶ƸKP~@\\{8.Q8d0+rHנY!@aC¬0!\n,(\nC.f9$\0YhB\n,(\n;0+rHPf9(\n;0+rHh¬0!9hBaCrP.0+̚YaCBsfY!@s\nC@Y466*¼GC@/[|֖E\nb˖-rHzŋ_tVűf[Q\Z\ZI&9$[} -HGr^_[,\0\0\0\0\0\0\0\0\0\0\0\0\0\0\0\0\0PjH\0\0\0\0IENDB`',1),
('b222144e-2fc6-11eb-8a65-227918fa15ea',1,'mes-requirement.bpmn','b222144d-2fc6-11eb-8a65-227918fa15ea','<?xml version=\"1.0\" encoding=\"UTF-8\"?>\n<definitions xmlns=\"http://www.omg.org/spec/BPMN/20100524/MODEL\" xmlns:xsi=\"http://www.w3.org/2001/XMLSchema-instance\" xmlns:xsd=\"http://www.w3.org/2001/XMLSchema\" xmlns:flowable=\"http://flowable.org/bpmn\" xmlns:bpmndi=\"http://www.omg.org/spec/BPMN/20100524/DI\" xmlns:omgdc=\"http://www.omg.org/spec/DD/20100524/DC\" xmlns:omgdi=\"http://www.omg.org/spec/DD/20100524/DI\" typeLanguage=\"http://www.w3.org/2001/XMLSchema\" expressionLanguage=\"http://www.w3.org/1999/XPath\" targetNamespace=\"自定義流程表單\">\n  <process id=\"mes-requirement\" name=\"MES需求变更\" isExecutable=\"true\">\n    <extensionElements>\n      <flowable:eventListener events=\"PROCESS_STARTED\" class=\"com.deltaww.flowapi.listener.ResolverAssigneeListener\"></flowable:eventListener>\n    </extensionElements>\n    <startEvent id=\"startEvent1\" name=\"填单\" flowable:initiator=\"initiator\" flowable:formKey=\"mes-requirement\" flowable:formFieldValidation=\"true\"></startEvent>\n    <userTask id=\"sid-33868E85-5876-4712-9136-27C22F40C24D\" name=\"填单人确认\" flowable:assignee=\"${initiator}\" flowable:formKey=\"mes-requirement\" flowable:formFieldValidation=\"true\" flowable:skipExpression=\"${skip}\">\n      <extensionElements>\n        <modeler:activiti-idm-initiator xmlns:modeler=\"http://flowable.org/modeler\"><![CDATA[true]]></modeler:activiti-idm-initiator>\n      </extensionElements>\n    </userTask>\n    <sequenceFlow id=\"sid-07BACF0C-406A-4E40-A1FC-00A0BC020C59\" sourceRef=\"startEvent1\" targetRef=\"sid-33868E85-5876-4712-9136-27C22F40C24D\"></sequenceFlow>\n    <userTask id=\"sid-9E02A53C-8F0C-4B08-A7ED-46875520B424\" name=\"提案部门主管\" flowable:formKey=\"mes-requirement\" flowable:formFieldValidation=\"true\"></userTask>\n    <sequenceFlow id=\"sid-9D4E7218-A416-4E13-8129-6902D1CEDBD3\" sourceRef=\"sid-33868E85-5876-4712-9136-27C22F40C24D\" targetRef=\"sid-9E02A53C-8F0C-4B08-A7ED-46875520B424\"></sequenceFlow>\n    <userTask id=\"sid-962F5DA8-4C49-46EC-AC02-75726D74F3BD\" name=\"Coordinator\" flowable:formKey=\"mes-requirement\" flowable:formFieldValidation=\"true\"></userTask>\n    <sequenceFlow id=\"sid-3B1C7B5B-E126-4DBE-9960-3332CA8953FC\" sourceRef=\"sid-9E02A53C-8F0C-4B08-A7ED-46875520B424\" targetRef=\"sid-962F5DA8-4C49-46EC-AC02-75726D74F3BD\"></sequenceFlow>\n    <userTask id=\"sid-712F5FB9-B139-4A54-B5F0-0C9963B866D6\" name=\"DEV TL\" flowable:formKey=\"mes-requirement\" flowable:formFieldValidation=\"true\"></userTask>\n    <sequenceFlow id=\"sid-75B89205-F7AD-4B61-9772-F69F67FC5A4B\" sourceRef=\"sid-962F5DA8-4C49-46EC-AC02-75726D74F3BD\" targetRef=\"sid-712F5FB9-B139-4A54-B5F0-0C9963B866D6\"></sequenceFlow>\n    <userTask id=\"sid-1B1D89A5-C026-4A31-927F-32BD7888BD59\" name=\"PSM\" flowable:formKey=\"mes-requirement\" flowable:formFieldValidation=\"true\"></userTask>\n    <userTask id=\"sid-A57DF6D0-FE5C-4D32-B8EC-ECEA13271C76\" name=\"MESM\" flowable:formKey=\"mes-requirement\" flowable:formFieldValidation=\"true\"></userTask>\n    <sequenceFlow id=\"sid-6F9F2036-70B8-4F2E-AF81-4B54AA19CD43\" sourceRef=\"sid-1B1D89A5-C026-4A31-927F-32BD7888BD59\" targetRef=\"sid-A57DF6D0-FE5C-4D32-B8EC-ECEA13271C76\"></sequenceFlow>\n    <userTask id=\"sid-18F650C5-F8DF-4D17-AD0B-FCCB1F242C4D\" name=\"PM\" flowable:formKey=\"mes-requirement\" flowable:formFieldValidation=\"true\"></userTask>\n    <sequenceFlow id=\"sid-C4E02C10-B6FB-47DF-8F9F-346B5D75275C\" sourceRef=\"sid-A57DF6D0-FE5C-4D32-B8EC-ECEA13271C76\" targetRef=\"sid-18F650C5-F8DF-4D17-AD0B-FCCB1F242C4D\"></sequenceFlow>\n    <sequenceFlow id=\"sid-2090AF02-C11C-4993-9CC4-F4D95E4F6C72\" sourceRef=\"sid-712F5FB9-B139-4A54-B5F0-0C9963B866D6\" targetRef=\"sid-1B1D89A5-C026-4A31-927F-32BD7888BD59\"></sequenceFlow>\n    <endEvent id=\"sid-4C4E0E45-0E10-40C1-A1A5-B4BC491F8E1E\" name=\"结束\"></endEvent>\n    <sequenceFlow id=\"sid-19C22622-BF57-43FF-BE8C-D74EDD41782F\" sourceRef=\"sid-18F650C5-F8DF-4D17-AD0B-FCCB1F242C4D\" targetRef=\"sid-4C4E0E45-0E10-40C1-A1A5-B4BC491F8E1E\"></sequenceFlow>\n  </process>\n  <bpmndi:BPMNDiagram id=\"BPMNDiagram_mes-requirement\">\n    <bpmndi:BPMNPlane bpmnElement=\"mes-requirement\" id=\"BPMNPlane_mes-requirement\">\n      <bpmndi:BPMNShape bpmnElement=\"startEvent1\" id=\"BPMNShape_startEvent1\">\n        <omgdc:Bounds height=\"30.0\" width=\"30.0\" x=\"100.0\" y=\"163.0\"></omgdc:Bounds>\n      </bpmndi:BPMNShape>\n      <bpmndi:BPMNShape bpmnElement=\"sid-33868E85-5876-4712-9136-27C22F40C24D\" id=\"BPMNShape_sid-33868E85-5876-4712-9136-27C22F40C24D\">\n        <omgdc:Bounds height=\"80.0\" width=\"100.0\" x=\"175.0\" y=\"138.0\"></omgdc:Bounds>\n      </bpmndi:BPMNShape>\n      <bpmndi:BPMNShape bpmnElement=\"sid-9E02A53C-8F0C-4B08-A7ED-46875520B424\" id=\"BPMNShape_sid-9E02A53C-8F0C-4B08-A7ED-46875520B424\">\n        <omgdc:Bounds height=\"80.0\" width=\"100.0\" x=\"320.0\" y=\"138.0\"></omgdc:Bounds>\n      </bpmndi:BPMNShape>\n      <bpmndi:BPMNShape bpmnElement=\"sid-962F5DA8-4C49-46EC-AC02-75726D74F3BD\" id=\"BPMNShape_sid-962F5DA8-4C49-46EC-AC02-75726D74F3BD\">\n        <omgdc:Bounds height=\"80.0\" width=\"100.0\" x=\"465.0\" y=\"138.0\"></omgdc:Bounds>\n      </bpmndi:BPMNShape>\n      <bpmndi:BPMNShape bpmnElement=\"sid-712F5FB9-B139-4A54-B5F0-0C9963B866D6\" id=\"BPMNShape_sid-712F5FB9-B139-4A54-B5F0-0C9963B866D6\">\n        <omgdc:Bounds height=\"80.0\" width=\"100.0\" x=\"610.0\" y=\"138.0\"></omgdc:Bounds>\n      </bpmndi:BPMNShape>\n      <bpmndi:BPMNShape bpmnElement=\"sid-1B1D89A5-C026-4A31-927F-32BD7888BD59\" id=\"BPMNShape_sid-1B1D89A5-C026-4A31-927F-32BD7888BD59\">\n        <omgdc:Bounds height=\"80.0\" width=\"100.0\" x=\"175.0\" y=\"255.0\"></omgdc:Bounds>\n      </bpmndi:BPMNShape>\n      <bpmndi:BPMNShape bpmnElement=\"sid-A57DF6D0-FE5C-4D32-B8EC-ECEA13271C76\" id=\"BPMNShape_sid-A57DF6D0-FE5C-4D32-B8EC-ECEA13271C76\">\n        <omgdc:Bounds height=\"80.0\" width=\"100.0\" x=\"320.0\" y=\"255.0\"></omgdc:Bounds>\n      </bpmndi:BPMNShape>\n      <bpmndi:BPMNShape bpmnElement=\"sid-18F650C5-F8DF-4D17-AD0B-FCCB1F242C4D\" id=\"BPMNShape_sid-18F650C5-F8DF-4D17-AD0B-FCCB1F242C4D\">\n        <omgdc:Bounds height=\"80.0\" width=\"100.0\" x=\"465.0\" y=\"255.0\"></omgdc:Bounds>\n      </bpmndi:BPMNShape>\n      <bpmndi:BPMNShape bpmnElement=\"sid-4C4E0E45-0E10-40C1-A1A5-B4BC491F8E1E\" id=\"BPMNShape_sid-4C4E0E45-0E10-40C1-A1A5-B4BC491F8E1E\">\n        <omgdc:Bounds height=\"28.0\" width=\"28.0\" x=\"610.0\" y=\"281.0\"></omgdc:Bounds>\n      </bpmndi:BPMNShape>\n      <bpmndi:BPMNEdge bpmnElement=\"sid-07BACF0C-406A-4E40-A1FC-00A0BC020C59\" id=\"BPMNEdge_sid-07BACF0C-406A-4E40-A1FC-00A0BC020C59\">\n        <omgdi:waypoint x=\"129.9499984899576\" y=\"178.0\"></omgdi:waypoint>\n        <omgdi:waypoint x=\"174.9999999999917\" y=\"178.0\"></omgdi:waypoint>\n      </bpmndi:BPMNEdge>\n      <bpmndi:BPMNEdge bpmnElement=\"sid-C4E02C10-B6FB-47DF-8F9F-346B5D75275C\" id=\"BPMNEdge_sid-C4E02C10-B6FB-47DF-8F9F-346B5D75275C\">\n        <omgdi:waypoint x=\"419.94999999990824\" y=\"295.0\"></omgdi:waypoint>\n        <omgdi:waypoint x=\"464.9999999999807\" y=\"295.0\"></omgdi:waypoint>\n      </bpmndi:BPMNEdge>\n      <bpmndi:BPMNEdge bpmnElement=\"sid-2090AF02-C11C-4993-9CC4-F4D95E4F6C72\" id=\"BPMNEdge_sid-2090AF02-C11C-4993-9CC4-F4D95E4F6C72\">\n        <omgdi:waypoint x=\"660.0\" y=\"217.95000000000002\"></omgdi:waypoint>\n        <omgdi:waypoint x=\"660.0\" y=\"234.99999999999994\"></omgdi:waypoint>\n        <omgdi:waypoint x=\"225.0\" y=\"234.99999999999994\"></omgdi:waypoint>\n        <omgdi:waypoint x=\"225.0\" y=\"255.0\"></omgdi:waypoint>\n      </bpmndi:BPMNEdge>\n      <bpmndi:BPMNEdge bpmnElement=\"sid-3B1C7B5B-E126-4DBE-9960-3332CA8953FC\" id=\"BPMNEdge_sid-3B1C7B5B-E126-4DBE-9960-3332CA8953FC\">\n        <omgdi:waypoint x=\"419.94999999999067\" y=\"178.0\"></omgdi:waypoint>\n        <omgdi:waypoint x=\"464.9999999999807\" y=\"178.0\"></omgdi:waypoint>\n      </bpmndi:BPMNEdge>\n      <bpmndi:BPMNEdge bpmnElement=\"sid-75B89205-F7AD-4B61-9772-F69F67FC5A4B\" id=\"BPMNEdge_sid-75B89205-F7AD-4B61-9772-F69F67FC5A4B\">\n        <omgdi:waypoint x=\"564.9499999999907\" y=\"178.0\"></omgdi:waypoint>\n        <omgdi:waypoint x=\"609.9999999999807\" y=\"178.0\"></omgdi:waypoint>\n      </bpmndi:BPMNEdge>\n      <bpmndi:BPMNEdge bpmnElement=\"sid-9D4E7218-A416-4E13-8129-6902D1CEDBD3\" id=\"BPMNEdge_sid-9D4E7218-A416-4E13-8129-6902D1CEDBD3\">\n        <omgdi:waypoint x=\"274.9499999999907\" y=\"178.0\"></omgdi:waypoint>\n        <omgdi:waypoint x=\"319.9999999999807\" y=\"178.0\"></omgdi:waypoint>\n      </bpmndi:BPMNEdge>\n      <bpmndi:BPMNEdge bpmnElement=\"sid-6F9F2036-70B8-4F2E-AF81-4B54AA19CD43\" id=\"BPMNEdge_sid-6F9F2036-70B8-4F2E-AF81-4B54AA19CD43\">\n        <omgdi:waypoint x=\"274.94999999974334\" y=\"295.0\"></omgdi:waypoint>\n        <omgdi:waypoint x=\"319.9999999999807\" y=\"295.0\"></omgdi:waypoint>\n      </bpmndi:BPMNEdge>\n      <bpmndi:BPMNEdge bpmnElement=\"sid-19C22622-BF57-43FF-BE8C-D74EDD41782F\" id=\"BPMNEdge_sid-19C22622-BF57-43FF-BE8C-D74EDD41782F\">\n        <omgdi:waypoint x=\"564.95\" y=\"295.0\"></omgdi:waypoint>\n        <omgdi:waypoint x=\"610.0\" y=\"295.0\"></omgdi:waypoint>\n      </bpmndi:BPMNEdge>\n    </bpmndi:BPMNPlane>\n  </bpmndi:BPMNDiagram>\n</definitions>',0),
('b2baf8ef-2fc6-11eb-8a65-227918fa15ea',1,'mes-requirement.mes-requirement.png','b222144d-2fc6-11eb-8a65-227918fa15ea','PNG\r\n\Z\n\0\0\0\rIHDR\0\0\0\0Y\0\0\0\0\0\0 IDATxe&@BH$(sbALCb<Dtrb)Ŧ\\l,xAEsTMCpZ,CKVNJZ;әuwvfKtwfvv}{gf4\0\0\0\0\0\0\0\0\0\0\0\0\0\0\0\0\0\0\0\0\0\0\0\0\0\0\0\0\0\0\0\0\0\0\0\0\0\0\0\0\0\0\0\0\0\0\0\0\0\0\0\0\0\0\0\0\0\0\0\0\0\0\0\0\0\0\0\0\0\0\0\0\0\0\0\0\0\0\0\0\0\0\0\0\0\0\0\0\0\0\0\0\0\0\0\0\0\0\0\0\0\0\0\0\0\0\0\0\0\0\0\0\0\0\0\0\0\0\0\0\0\0\0\0\0\0\0\0\0\0\0\0\0\0\0\0\0\0\0\0\0\0\0\0\0\0\0\0\0\0\0\0\0\0\0\0\0\0\0\0\0\0\0\0\0\0\0\0\0\0\0\0\0\0\0\0\0\0\0\0\0\0\0\0\0\0\0\0\0\0\0\0\0\0\0\0\0\0\0\0\0\0\0\0\0\0\0\0\0\0\0\0\0\0\0\0\0\0\0\0\0\0\0\0\0\0\0\0\0\0\0\0\0\0\0\0\0\0\0\0\0\0\0\0\0\0\0\0\0\0\0\0\0\0\0\0\0\0\0\0\0\0\0\0\0\0\0\0\0\0\0\0\0\0\0\0\0\0\0\0\0\0\0\0\0\0\0\0\0\0\0\0\0\0\0\0\0\0\0\0\0\0\0\0\0\0\0\0\0\0\0\0\0\0\0\0\0\0\0\0\0\0\0\0\0\0\0\0\0\0\0\0\0\0\0\0\0\0\0\0\0\0\0\0\0\0\0\0\0\0\0\0\0\0\0\0\0\0\0\0\0\0\0\0\0\0\0\0\0\0\0\0\0\0\0\0\0\0\0\0\0\0\0\0\0IeYv֭[_Sչ5k5R2$C2$C2\r.kfݻիW@Ȑ!%C2$Ch݀0(~)R2$C2\r,Nuo2dHɐ4ط䏽L)!I0\r̞ﺥ8.3PtdHdHdHi@W==٦fϭ~@eq%C2$C2$CJT۟!N/7XdHdHdHi@kt:KdHdH\Z\rt6uTsЉ&.!!R\Zh4ɐɐ)\r4nЉg*\Zt:KdHdH\Z\rtIA\'3XdHdHdHi@٦Gz+,3XdHdHdHi@WOsȠ(:2$C2$C24h+-ǡ:KdHdH\Z\rt靛^\\wg}cqwp2qɐɐɐ@ΏwnYopRmⶎM\\2$C2$C24Lz#uG!!R\Zh4Х\ZΑ`GɐɐLzN*KdHdHdT:2$C2$C24`1Ȑɐ!%C`1Ȑ!%C2$C`1Ȑ!%C2$C4,޷q9W/Yy9sfښutt|e7޸n7@+ɐɐ)\rm{n^{m,[~}ӓe!͞~,o~}k_{eWjAGdHdHzY߾wɆgnw̙K/=E:2$C2$C24Гye˖;wn|5Εzl֬Y&jAǠ#C2$CJCUV=y5d/b6^y,o]yV&.!!R\ZI%Vy=c)o{:4屓!!R\ZI!<ǶZy}ɛS5ĥdHdHٷn[n{ӊ+͘1	\r2q)!!nj<ƫmUW]Yrt:2$C2dHi)Vu߬ɐ)R\Zh;Fj֬YZ[[OnA[[[g^6tdHdHɐ@3x{_Y=q\rF[GIAGdH)\r45-Yx{zz_ȗ7ڠSt:2$C2dHi6o޼;wkk׮{{:GǠcБ!!%CJʹ3gf}}}um}>蔏tAǠ#C2$CJn\"ʠX%CJɐ	qWW}j\rӧO?.좋.\ZpYGGGvdw姮R2dHd:k{=`׾@/]4V&?yv9d{->׳O?=[dI{ٲeZN:x\\|Kwyuk|\Z8~jYI(Wd#ԺEeЇVw=~kO}Sَ;վϽޛqd\'|xG&n~>qL/!\r4Mg[*?7p<vq`S:\Zh~۳}s[_zu1E/X<ޒo~S5kրgƍ_{3<3۴iSe_xSyK*~YwwwQ/o+Zu]wesέz]QGU4GqDvwk׮>ۥJY@ \Zh+\\#vڀ\"2txz1Gջ+\Z]uU)il*-|Ƣ:w˖-۵kW1.\\T{TVz\r4~~Ehׁz^A\'\Z{NT|=&ZW>?я_ag>SLկSOͶo^43?b ܆2E&e(Vˍo41Tf@8Rk~bo?b9#ns__oo4~@}~_Ȟ}w\\˸Ϗ~O<!Cc<57ĞxuoǪ4\\6-Ɲo8HcK;y,mR?(./e㲸=_W*\r4c[ֿ\\}_jw\"t98GУlǭh.\\X|MO:VUT}	\'+LETk2mlc00eG-V[|gFGER]yVaAxLYNyK\rtrϙ3p8kR^uo8PKxCU+RKl۶mſx}(X	|A+7%\r\'Ə9Lw\ZâwuqPVc|3VG6ҙt&$>y&|$Ɱ%,W#|i\'|~^7͛{I$*>XՋ=ܚQ1(Eފ+W1:\Zh\rt4li[d(ؗ`je t`[:1m(7PRGsyhHI]k~\"Җj\ZT\0\'wĖx+7%\nw3T2nhSX\\gҁs:FP4БŴ<{EPg=5Ќ/˗^wu\n\r\rP+бR.VkUt:?>[ng}vqy`:j+~i\Zt\'Cq3xi)HEDj>X勬D.WhSPG2:5Rӆt TV8~鉢՚Kq`ו8Q>Џ(p\Z]mU8-$՚|28\rtSY<湸{^1~MƓ5Ќ9sl\'oCϚ\rt4cO\'c{I4D(\Z@ǖԼU:Nj@ēm]3Ov=`FxRS[xq9UN9WOhS]>iG:S5QqeǾr5~-@D4m	Y]W)I1\'0@W^oێI`o?5N[x2`Ud Zv nbOr0{ǥy޸q{lkk;YGhcU0=p8؉j{ʯSOc\rNl(+7<My̱76n/^_Ag2TncU_…6*ZwtWjszI@1^[8Z)24Jg\rKlF$KKJ<]W)i_e$\rtzUx{\ZRÜJ瓡xabT:+ߦ8)=mݿ\'y#Voo6;vx,oƶ5֍z:zk\rZNy_aŤL4Ng2CyP}bXՉ&*\r413o޼\'=iZ4PMىFr\ri4*՛xh4\"{}xv|AΫpgͻzl2L4\"q<mد	8SVk]WAWƑ6Бg`=5v)+1\rkvpsMK\r2tLv\ZhFeƌfϞwVc9疖w3NE}y1ĀMOB\Z*Q4,&THLvr`,_\\=ɀ#\nvPq&i5\'5>`X錆<ٳXf\ZY=cY&;Dnv/Bcpl؆Y\nt쓎MsjPʯ\'+?	(HON֬ēkK7!nkGGǛ~O,m#2Xeo[\n2g\ZyMX\'Ӥ6Vc59ޏI4qz5N7E̔T&\"[%CJS\'{Μ9y}#y|\"/o7yϳAǠ#C2$CJ1FhgΜٻdɒ{m===;cOYطo߮W_}]]]uM7=8cƌ8ǪsچAǠ#C2$CJqmmmҼ^Ϋ/w{^\r:!R2d:R2dHd:ĥdc\'C2$C`Q&.%C2$C2$CV!!R\Zh4\r:2$C2dHicБ!!%CJcБ!%CJdHL\\J<v2$C2eR2$C2$C2\ZheБ!!!Fݠ#C2$CJ\Z:!R2d:R2dHd:ĥdc\'C2$C`Q&.%C2$C2$CV!!R\Zh4\r:2$C2dHicБ!!%CJcБ!%CJdHL\\J<v2$C2eR2$C2$C2Qww?Ʃ|9 CJɐA[f^\rP===2dHɐ4+W^jժ7^{}\'h=my]\"CJɐA˃~A~!Nľ%UfpdHdHd𫵵U\0\0`[\0\0\0\r4\0\0h\0@\r\0\0\Zh\0\0@\0o\0\04\0\0\0\0\r4\0\0h\0@\r\0\0\Zh\0\0@\0\ZRJ)eF\0\Z\0\04\0\0\0\04\0\0\0\0\r4\0\0h\0@\r\0\0\Zh\0\0,.ۡn\0o?ׁ\Z薖\0\0M4OL>H%\0\0gZ\rt[[~C\0\0ph]m/\0\0P>d/\0\00a~3\0\0di\0\0^h\0\00މ\0Ȳȭ[.]~Yggsuuuek֬k^2dHdŤvڬ7ۿڽ{wz7IR2dŊIa&eHɐ!KM\ZSu@)h`̈́PW&CJLo̶ne|-Eq%C2$C2{zM/̞[q:GdHd@]I+Վ痛p4?2$C2$C\0\Zrm~W\\gȐɐhKW\\gȐɐhM\\&.!!\0F7qųkM\\q	G#C2$C2.Ֆu?9qu&͏ɐTl6=Ӧeq	G#C2$C2琉+.3٘dHdH\04ЕٖӦeq	G#C2$C2.׋0.`!!\0\rog;7kNZ6q[@!!)@c%C2$C2.pV{[2i~dHdH\0T=I+	H#C2$C20\Zhe!!e!!0qdHɐ!\0K)0q)͏!3cƌ\\ں4-y+˫/]\0&.ɐ)@]Wg^6éGw\0KdHԔi&	~hMsZ{饗[\0L\\&.!Rniiimoor3<cƌ;Nr/K-oVӓ[.;/}KM^р%C2$Cj6y|ASnެ7={+7}^k\0L\\&.!Rr<by4뮿&J4`2qɐɐ\rty.oXhQ6ъ/q4&ɐo湫|sX^{\0\r	%C2$C3/UW<mm(4&ɐfo;SsO\0wUhe\ZzB2$C2$CxX%~ǥWxuV&J*;[ZZ>)C2$C2Ԉ:nl<D\Z@+WՉTV[	!!-MׯZj\\xϲ\\\Zhe\Zj_	*O`2$C2$C-~`xϱ]\Zhe\ZU^	S2$C2$C{IEZ5@\rch!!jEZYφO~ɐDg(\n46q55!!j\rhKxu1dw^/m߾=;wnv\'fGuTvGg\'t!_K/m۶m&M\\OĻ|U6=<M\\čK<4s\n8].3<*>_pavwW#8hⲸ<.@{⪺Z\rpO/njJ&n\\j汧3u\rtDuD`||$kooϞz_ן}]~9眣\Z^V&Cdhƥf{9CNy3{Dw\"^bEiV|>o޼Ecri%Kdw\\q)R|>I@qVcdȕMܸcOg(^:57;Zh~auww_}^ؗ.[w˖-\Z)@qOWnӘy\rũU~2a_{{{7rA\'hh.]ZKر\'|iثP[ykr6yk`2J&n\\j汧3Ο?^.^{<Ծ~@\rQep	ق9sox\Z)@+D8r%C7.53I\Zڝ\ZEvs=mkk;U\0\Z覜	:{lG5NFk׮CnӦMz4C=j쁞hm\rthiiiMO(L+ѣ_Wl|70!%CJ=DǞr1Wۈ\'<G\re!!5\ZמrtNtJ.M#a0$?qvW[V3u%C2$Cj6WO.(k=π%C2$CjJ4ХF4α6\0KdHԔkx¼6or^}w{^ `2qɐɐ@L\\2dHKi~)0q)͏!!\0\r2qɐɐhKdH\Ze!!0qdHɐ!\0(R2`R%C2$C\0\Zhe!!@+ɐ)\r4%C2$CJ\r`2qɐ!%C\0&.Q2dĥ4?JdH\04%C2$C2V&.!R\Zh\0KdH\Ze!%CJ\0L\\JdH@6a4NR2dYfgooIĵY)h`+WhժUokLVWW׶.!%CJ\0\Z\\>X^ٹ!N7UfdHdH\0\0\0\0\0\0\0\0\0\0\0\0\0\0\0\0\0\0\0\0\0\0\0\0\0swְ,\0\0\0\0IENDB`',1),
('be835939-2d29-11eb-b92b-227918fa15ea',1,'send-email.bpmn','be835938-2d29-11eb-b92b-227918fa15ea','<?xml version=\"1.0\" encoding=\"UTF-8\"?>\n<definitions xmlns=\"http://www.omg.org/spec/BPMN/20100524/MODEL\" xmlns:xsi=\"http://www.w3.org/2001/XMLSchema-instance\" xmlns:xsd=\"http://www.w3.org/2001/XMLSchema\" xmlns:flowable=\"http://flowable.org/bpmn\" xmlns:bpmndi=\"http://www.omg.org/spec/BPMN/20100524/DI\" xmlns:omgdc=\"http://www.omg.org/spec/DD/20100524/DC\" xmlns:omgdi=\"http://www.omg.org/spec/DD/20100524/DI\" typeLanguage=\"http://www.w3.org/2001/XMLSchema\" expressionLanguage=\"http://www.w3.org/1999/XPath\" targetNamespace=\"http://www.flowable.org/processdef\">\n  <process id=\"send-email\" name=\"发送邮件\" isExecutable=\"true\">\n    <startEvent id=\"startEvent1\" name=\"start\" flowable:initiator=\"initiator\" flowable:formFieldValidation=\"true\"></startEvent>\n    <sequenceFlow id=\"sid-B4DA1B3A-508B-4E50-8C7C-218F8E66DCFA\" sourceRef=\"startEvent1\" targetRef=\"sid-4329CEE2-F1D9-4BF6-9218-38C62659F72E\"></sequenceFlow>\n    <endEvent id=\"sid-E4D02A62-9237-4DB5-88D6-388754AE1687\" name=\"end\"></endEvent>\n    <sequenceFlow id=\"sid-9BAB4ACD-DA8A-4FEE-AD68-2649B32CD9E8\" sourceRef=\"sid-4329CEE2-F1D9-4BF6-9218-38C62659F72E\" targetRef=\"sid-E4D02A62-9237-4DB5-88D6-388754AE1687\"></sequenceFlow>\n    <serviceTask id=\"sid-4329CEE2-F1D9-4BF6-9218-38C62659F72E\" name=\"SendEmail\" flowable:type=\"mail\">\n      <extensionElements>\n        <flowable:field name=\"to\">\n          <flowable:expression><![CDATA[${emailTo}]]></flowable:expression>\n        </flowable:field>\n        <flowable:field name=\"from\">\n          <flowable:expression><![CDATA[${emailFrom}]]></flowable:expression>\n        </flowable:field>\n        <flowable:field name=\"subject\">\n          <flowable:expression><![CDATA[${emailSubject}]]></flowable:expression>\n        </flowable:field>\n        <flowable:field name=\"cc\">\n          <flowable:expression><![CDATA[${emailCC}]]></flowable:expression>\n        </flowable:field>\n        <flowable:field name=\"text\">\n          <flowable:expression><![CDATA[${emailContent}]]></flowable:expression>\n        </flowable:field>\n      </extensionElements>\n    </serviceTask>\n  </process>\n  <bpmndi:BPMNDiagram id=\"BPMNDiagram_send-email\">\n    <bpmndi:BPMNPlane bpmnElement=\"send-email\" id=\"BPMNPlane_send-email\">\n      <bpmndi:BPMNShape bpmnElement=\"startEvent1\" id=\"BPMNShape_startEvent1\">\n        <omgdc:Bounds height=\"30.0\" width=\"30.0\" x=\"100.0\" y=\"163.0\"></omgdc:Bounds>\n      </bpmndi:BPMNShape>\n      <bpmndi:BPMNShape bpmnElement=\"sid-E4D02A62-9237-4DB5-88D6-388754AE1687\" id=\"BPMNShape_sid-E4D02A62-9237-4DB5-88D6-388754AE1687\">\n        <omgdc:Bounds height=\"28.0\" width=\"28.0\" x=\"320.0\" y=\"164.0\"></omgdc:Bounds>\n      </bpmndi:BPMNShape>\n      <bpmndi:BPMNShape bpmnElement=\"sid-4329CEE2-F1D9-4BF6-9218-38C62659F72E\" id=\"BPMNShape_sid-4329CEE2-F1D9-4BF6-9218-38C62659F72E\">\n        <omgdc:Bounds height=\"80.0\" width=\"100.0\" x=\"165.0\" y=\"135.0\"></omgdc:Bounds>\n      </bpmndi:BPMNShape>\n      <bpmndi:BPMNEdge bpmnElement=\"sid-B4DA1B3A-508B-4E50-8C7C-218F8E66DCFA\" id=\"BPMNEdge_sid-B4DA1B3A-508B-4E50-8C7C-218F8E66DCFA\">\n        <omgdi:waypoint x=\"129.94340692927761\" y=\"177.55019845363262\"></omgdi:waypoint>\n        <omgdi:waypoint x=\"164.99999999999906\" y=\"176.4985\"></omgdi:waypoint>\n      </bpmndi:BPMNEdge>\n      <bpmndi:BPMNEdge bpmnElement=\"sid-9BAB4ACD-DA8A-4FEE-AD68-2649B32CD9E8\" id=\"BPMNEdge_sid-9BAB4ACD-DA8A-4FEE-AD68-2649B32CD9E8\">\n        <omgdi:waypoint x=\"264.9499999999882\" y=\"175.0\"></omgdi:waypoint>\n        <omgdi:waypoint x=\"292.5\" y=\"175.0\"></omgdi:waypoint>\n        <omgdi:waypoint x=\"292.5\" y=\"178.0\"></omgdi:waypoint>\n        <omgdi:waypoint x=\"320.0\" y=\"178.0\"></omgdi:waypoint>\n      </bpmndi:BPMNEdge>\n    </bpmndi:BPMNPlane>\n  </bpmndi:BPMNDiagram>\n</definitions>',0),
('beebb7fa-2d29-11eb-b92b-227918fa15ea',1,'send-email.send-email.png','be835938-2d29-11eb-b92b-227918fa15ea','PNG\r\n\Z\n\0\0\0\rIHDR\0\0f\0\0\0\0\0\0\0\0\r\0IDATx}lUep5ju&d7Y0dbNFc?DE\"2A{Dĸa_\"a(:qGGD^)T3loz-x=r_z9\0\0\0\0\0\0\0\0\0\0\0\0\0\0\0\0\0\0\0\0\0\0\0\0\0\0\0\0\0\0\0\0\0\0\0\0\0\0\0\0\0\0\0\0\0\0\0\0\0\0\0\0\0\0\0\0\0\0\0\0\0\0\0\0\0\0\0\0\0\0\0\0\0\0\0\0\0\0\0\0\0\0\0\0\0\0\0\0\0\0\0\0\0\0\0\0\0\0\0\0\0\0\0\0\0\0\0\0\0\0\0\0\0\0\0\0\0\0\0\0\0\0\0\0\0\0\0\0\0\0\0\0\0\0\0\0\0\0\0\0\0\0\0\0\0\0\0\0\0\0\0\0\0\0\0\0\0\0\0\0\0\0\0\0\0\0\0\0\0\0\0\0\0\0\0\0\0\0\0\0\0\0\0\0\0\0\0\0e16lxa,_<[lqf+W,U=8*B=zzz۳^{mg\n+0HY(M8z{%rѾS)+a@` m_|M6/H3P`޷\'|Ww;9rOn*\"9By_БO?mw9~%%v~%3PX0sOowge?%\\3Pd+[`@Rxn]?ol>2ϕxV*9f\\ɽrqv\\y9l\r*b\\]<߶V0Y0ZZa0ɿΪOŶU0[`X`\r_=._-\\3PP0ޗǊv5W%19eG?l}U0E2\";w|1bWP@-e?3P3 3 `̀`̀`V̂F,ˎhyg^={ΩS0aBvWgoƞYfmxgkjjBRc-TOc;4J_{w-ܒ=ի[f{Bvuueov;zIY	]s5L,UOoWS훥(x}ݷoƌy8p ڵk3ghiiY?vJ0Z\n׳S.@WXG,X`\r7ܐ-\\p@\\iɒ%ĉ},PihhmjjxlŊ٦M]vӞ={wV̙72w=Pnkk{sʔ)￟\r7f)\'MY	o/R(sjر#><Ϝ$F)G(WcT+~^\Z5`C1R.iӦ#-Ǌp6r)=h_H^#0c\Z=ŝw׮8R+\Zc$na=DOH-No~+hʭ#\Z\\1rnn;~Y&OYoo`WS>\Z=g-a<Zy1%֭[SQرc>혷	f\\Gq3jbE_!jĉg+;fCCÎT3q`EnnXW:?+fkTL;[\r3\'jiΜ9kcIi#U>G0K.η{衇>nk_2Zz76eaJϼU?p܀}mq\n=bJ߲P\r3qAm۶4;;;βyэ`#o]\nIJB,醙J\\D/Z\\rqMMM3nܸgZ666$=iڡ_g{\'O_jjz<#NEX}\"mL}\n\\?㎋`:s;/_I\\>H]z<XS7u\'ao<XaڙTzGH&ժTSϦz:7B8C<==vmm(O%m7%]8̛7oe駟{yy晅sܯwL4)CQ0\Zjhk=būxwΘHɿ??;#{ꩧ`>s7`Aĸ⋏)37eʔZ??רQٌR m̥<묳l͚5quO:|.({5}GO>9;S{.۲eK]2ӻ~K/fgxO?ݷ\\p	oM`mN\Z}PYK.}F2֧c0\"NG/.(=ݸ_Í<yr6k֬~hsss~?Z\nӧONPwwݏ4h~ŋ󊰎3F0W̿6Zy =Ozs\nE[yr9*/1H2D#C0LQF1.=_0WL^q1J1owFȕcj~?tMpvzZTt0Gt7C-l}UK\Z|keTnbT}wD(W󑉕1+8MZ]+cҥsm~|imvecb{Q_b8v\'\r(>EZyVUvmk0jޑF]uUy[ FrJΝH/GqB_>\\0wtt=>fy}/7¯..7B(zώWFb0+\\я~1ցrk|g9;>8O0I#wl	&J0W>^\'	&#PsssS\Z9Ko_Oo>J0@D`|_HYcijj:X#)G(5,\'sScVE/D_yOwLI6B_yK/8!Gh_X^,XKktsE(1\Z.9]+bc=?ՆXc`xyKKK;=yʯʼoɇ̂yitGXzʣk2z	]g믿qzVQ\\(}kqz;Ir3Y0˱Xc{ye@ms82̂ٱY	f@0f@0+ff%,3 @̀`V̂J0Y0Y	f@0f@0+ff(|rX?7~{%r+W%렶nl\nJVXqy[[ۗ~iprrkkǩWG0E\Zoǩj^}P\0\0\0\0\0\0\0\0\0\0\0!W[ 7%\0\0\0\0IENDB`',1),
('ce86aff4-2d57-11eb-b88c-227918fa15ea',1,'vendor-code-request-form.bpmn','ce86aff3-2d57-11eb-b88c-227918fa15ea','<?xml version=\"1.0\" encoding=\"UTF-8\"?>\n<definitions xmlns=\"http://www.omg.org/spec/BPMN/20100524/MODEL\" xmlns:xsi=\"http://www.w3.org/2001/XMLSchema-instance\" xmlns:xsd=\"http://www.w3.org/2001/XMLSchema\" xmlns:flowable=\"http://flowable.org/bpmn\" xmlns:bpmndi=\"http://www.omg.org/spec/BPMN/20100524/DI\" xmlns:omgdc=\"http://www.omg.org/spec/DD/20100524/DC\" xmlns:omgdi=\"http://www.omg.org/spec/DD/20100524/DI\" typeLanguage=\"http://www.w3.org/2001/XMLSchema\" expressionLanguage=\"http://www.w3.org/1999/XPath\" targetNamespace=\"http://www.flowable.org/processdef\">\n  <process id=\"vendor-code-request-form\" name=\"FI廠商代碼申請單\" isExecutable=\"true\">\n    <startEvent id=\"startEvent1\" flowable:initiator=\"initiator\" flowable:formKey=\"vendor-code-request-form\" flowable:formFieldValidation=\"true\"></startEvent>\n    <userTask id=\"sid-BC344DB7-47CA-4885-B01D-746CE6AA1B47\" flowable:formFieldValidation=\"true\"></userTask>\n    <sequenceFlow id=\"sid-E3CDDACB-2B12-4398-966D-C78588092BD6\" sourceRef=\"startEvent1\" targetRef=\"sid-BC344DB7-47CA-4885-B01D-746CE6AA1B47\"></sequenceFlow>\n    <endEvent id=\"sid-860C90D4-77B6-4336-A684-FBD28C95B009\"></endEvent>\n    <sequenceFlow id=\"sid-61149916-1C68-428E-987A-8C94F5454F96\" sourceRef=\"sid-BC344DB7-47CA-4885-B01D-746CE6AA1B47\" targetRef=\"sid-860C90D4-77B6-4336-A684-FBD28C95B009\"></sequenceFlow>\n  </process>\n  <bpmndi:BPMNDiagram id=\"BPMNDiagram_vendor-code-request-form\">\n    <bpmndi:BPMNPlane bpmnElement=\"vendor-code-request-form\" id=\"BPMNPlane_vendor-code-request-form\">\n      <bpmndi:BPMNShape bpmnElement=\"startEvent1\" id=\"BPMNShape_startEvent1\">\n        <omgdc:Bounds height=\"30.0\" width=\"30.0\" x=\"100.0\" y=\"163.0\"></omgdc:Bounds>\n      </bpmndi:BPMNShape>\n      <bpmndi:BPMNShape bpmnElement=\"sid-BC344DB7-47CA-4885-B01D-746CE6AA1B47\" id=\"BPMNShape_sid-BC344DB7-47CA-4885-B01D-746CE6AA1B47\">\n        <omgdc:Bounds height=\"80.0\" width=\"100.0\" x=\"175.0\" y=\"138.0\"></omgdc:Bounds>\n      </bpmndi:BPMNShape>\n      <bpmndi:BPMNShape bpmnElement=\"sid-860C90D4-77B6-4336-A684-FBD28C95B009\" id=\"BPMNShape_sid-860C90D4-77B6-4336-A684-FBD28C95B009\">\n        <omgdc:Bounds height=\"28.0\" width=\"28.0\" x=\"320.0\" y=\"164.0\"></omgdc:Bounds>\n      </bpmndi:BPMNShape>\n      <bpmndi:BPMNEdge bpmnElement=\"sid-61149916-1C68-428E-987A-8C94F5454F96\" id=\"BPMNEdge_sid-61149916-1C68-428E-987A-8C94F5454F96\">\n        <omgdi:waypoint x=\"274.95000000000005\" y=\"178.0\"></omgdi:waypoint>\n        <omgdi:waypoint x=\"320.0\" y=\"178.0\"></omgdi:waypoint>\n      </bpmndi:BPMNEdge>\n      <bpmndi:BPMNEdge bpmnElement=\"sid-E3CDDACB-2B12-4398-966D-C78588092BD6\" id=\"BPMNEdge_sid-E3CDDACB-2B12-4398-966D-C78588092BD6\">\n        <omgdi:waypoint x=\"129.9499984899576\" y=\"178.0\"></omgdi:waypoint>\n        <omgdi:waypoint x=\"174.9999999999917\" y=\"178.0\"></omgdi:waypoint>\n      </bpmndi:BPMNEdge>\n    </bpmndi:BPMNPlane>\n  </bpmndi:BPMNDiagram>\n</definitions>',0),
('ceaa3d85-2d57-11eb-b88c-227918fa15ea',1,'vendor-code-request-form.vendor-code-request-form.png','ce86aff3-2d57-11eb-b88c-227918fa15ea','PNG\r\n\Z\n\0\0\0\rIHDR\0\0f\0\0\0\0\0\0)q\0\0	nIDATx[kUa/GE/\05ф(FgGD<	Bba֎1qVTj9&ڌ:&ƨh2d;f&˛wq\0\0\0\0\0\0\0\0\0\0\0\0\0\0\0\0\0\0\0\0\0\0\0\0\0\0\0\0\0\0\0\0\0\0\0\0\0\0\0\0\0\0\0\0\0\0\0\0\0\0\0\0\0\0\0\0\0\0\0\0\0\0\0\0\0\0\0\0\0\0\0\0\0\0\0\0\0\0\0\0\0\0\0\0\0\0\0\0\0\0\0\0\0\0\0\0\0\0\0\0\0\0\0\0\0\0\0\0\0\0\0\0\0\0\0\0\0\0\0\0\0\0\0\0\0\0\0\0\0\0\0\0\0\0\0\0\0\0\0\0\0\0\0\0\0\0\0\0\0\0\0\0\0\0\0\0\0\0\0\0\0\0\0\0\0\0\0\0\0\0\0\0\0\0\0\0\0\0\0\0\0\0\0\0\0\0\0\0\0\0\0\0@$oܸٳg_577\'&ijjJN80UH`\\ɓ\'|yar!ғ0ŕ(M\nƸ}!3!J UG%sNƹ/+Mk&}\n3=ܰ:tx[??\'WN3s!Af 0_=y0	0)r!?\'0c;*?\'7dU-|m9Af 0ǹ	s\n31yrTaRs/cs0i9;$?!5k(Pll,@ae<Y`sG\Z0yf@0,̀0a%II[[[ݻoڴkjj)S$UUUΝ۷r7oly*++RQQ1?__i<>?u4Fo߾֭[׿xdΝٳg7_\'!ɢE^/Yٳg	M:a\Z	q.s,|}Z!ׯ||2ŋ+V:y	桅Nq=1~ߜ,swW<2gΜСC9Y9***L6?ّL6nܘ$wI<y2p>={lӧO\'۷oOO>8O4ʭ]`Arڵ$nݺ̚57l(B2;{\ZEww_fe$cs=0r}a\\ͅYRΎҥKV#]rg+rSZ)o<cƌp|*f,9)go_]1RqcÆ\r5>Udڵ}qO>~VXsrSJyQΎIu+aCŋ͛Y?f	0V$.{Oymkd9(rN9^K.Y9anD3pW{j.uh.PqN0fa.1˼W=*t)+16]v%iھ}xKi,̅8f=u[l)9ϕg_۬t̙[`9Tl\'U|Տ0h7Ͼ|kkkAϱxJ!+1D+,wa}r	0z@EYwħeH\'eI?\n0\nӓ|]\"7ܥsYwҕ?c[>sqM)CISS]]:sOOOgL8q+CYUbfx,K{(=淂lYqc&gWU\r\r\r)ҫ2wf\r0s>!We[J:Ev{W,<\\LVZJοiӦFfax_8Ӹ/;JҥKֳ2\Z\Z\Z,̣Yl̙-[֟ª;/xt=].c=]Lյyq?;~\\a6eczsX`^-	S&mmmL0Oaw0)CUUUa,w޽Sǫ˼RQn*++kkW1@\\Q6,y^9d9.\\/e))s!|?meܾ`90\\ӝxs	%3q\"oٱcGR]]j݆O\\c}𝸹=rѣG/>>0sεF8\')@OڴiӕSNߵ;2>$Ͼhjj5k	oă$~.WY}	t5r{W72OI[?.#af\ZaYa60lfa3 Faf@0,̀0aYa60lf#̀03 Faf@0,3!JN8%E0aꨄ1W=xG?J9FvIJ`\\gav.8Mܯ2\0\0\0\0\0\0\0\0\0\0\0\0W#y^\0\0\0\0IENDB`',1),
('d507c503-2d28-11eb-9045-227918fa15ea',1,'send-email.bpmn','d507c502-2d28-11eb-9045-227918fa15ea','<?xml version=\"1.0\" encoding=\"UTF-8\"?>\n<definitions xmlns=\"http://www.omg.org/spec/BPMN/20100524/MODEL\" xmlns:xsi=\"http://www.w3.org/2001/XMLSchema-instance\" xmlns:xsd=\"http://www.w3.org/2001/XMLSchema\" xmlns:flowable=\"http://flowable.org/bpmn\" xmlns:bpmndi=\"http://www.omg.org/spec/BPMN/20100524/DI\" xmlns:omgdc=\"http://www.omg.org/spec/DD/20100524/DC\" xmlns:omgdi=\"http://www.omg.org/spec/DD/20100524/DI\" typeLanguage=\"http://www.w3.org/2001/XMLSchema\" expressionLanguage=\"http://www.w3.org/1999/XPath\" targetNamespace=\"http://www.flowable.org/processdef\">\n  <process id=\"send-email\" name=\"发送邮件\" isExecutable=\"true\">\n    <startEvent id=\"startEvent1\" name=\"start\" flowable:initiator=\"initiator\" flowable:formFieldValidation=\"true\"></startEvent>\n    <sequenceFlow id=\"sid-B4DA1B3A-508B-4E50-8C7C-218F8E66DCFA\" sourceRef=\"startEvent1\" targetRef=\"sid-4329CEE2-F1D9-4BF6-9218-38C62659F72E\"></sequenceFlow>\n    <endEvent id=\"sid-E4D02A62-9237-4DB5-88D6-388754AE1687\" name=\"end\"></endEvent>\n    <sequenceFlow id=\"sid-9BAB4ACD-DA8A-4FEE-AD68-2649B32CD9E8\" sourceRef=\"sid-4329CEE2-F1D9-4BF6-9218-38C62659F72E\" targetRef=\"sid-E4D02A62-9237-4DB5-88D6-388754AE1687\"></sequenceFlow>\n    <serviceTask id=\"sid-4329CEE2-F1D9-4BF6-9218-38C62659F72E\" name=\"SendEmail\" flowable:type=\"mail\">\n      <extensionElements>\n        <flowable:field name=\"to\">\n          <flowable:expression><![CDATA[${emailTo}]]></flowable:expression>\n        </flowable:field>\n        <flowable:field name=\"from\">\n          <flowable:expression><![CDATA[${emailFrom}]]></flowable:expression>\n        </flowable:field>\n        <flowable:field name=\"subject\">\n          <flowable:expression><![CDATA[${emailSubject}]]></flowable:expression>\n        </flowable:field>\n        <flowable:field name=\"cc\">\n          <flowable:expression><![CDATA[${emailCC}]]></flowable:expression>\n        </flowable:field>\n        <flowable:field name=\"text\">\n          <flowable:expression><![CDATA[${emailContent}]]></flowable:expression>\n        </flowable:field>\n      </extensionElements>\n    </serviceTask>\n  </process>\n  <bpmndi:BPMNDiagram id=\"BPMNDiagram_send-email\">\n    <bpmndi:BPMNPlane bpmnElement=\"send-email\" id=\"BPMNPlane_send-email\">\n      <bpmndi:BPMNShape bpmnElement=\"startEvent1\" id=\"BPMNShape_startEvent1\">\n        <omgdc:Bounds height=\"30.0\" width=\"30.0\" x=\"100.0\" y=\"163.0\"></omgdc:Bounds>\n      </bpmndi:BPMNShape>\n      <bpmndi:BPMNShape bpmnElement=\"sid-E4D02A62-9237-4DB5-88D6-388754AE1687\" id=\"BPMNShape_sid-E4D02A62-9237-4DB5-88D6-388754AE1687\">\n        <omgdc:Bounds height=\"28.0\" width=\"28.0\" x=\"320.0\" y=\"164.0\"></omgdc:Bounds>\n      </bpmndi:BPMNShape>\n      <bpmndi:BPMNShape bpmnElement=\"sid-4329CEE2-F1D9-4BF6-9218-38C62659F72E\" id=\"BPMNShape_sid-4329CEE2-F1D9-4BF6-9218-38C62659F72E\">\n        <omgdc:Bounds height=\"80.0\" width=\"100.0\" x=\"175.0\" y=\"138.0\"></omgdc:Bounds>\n      </bpmndi:BPMNShape>\n      <bpmndi:BPMNEdge bpmnElement=\"sid-B4DA1B3A-508B-4E50-8C7C-218F8E66DCFA\" id=\"BPMNEdge_sid-B4DA1B3A-508B-4E50-8C7C-218F8E66DCFA\">\n        <omgdi:waypoint x=\"129.9499984899576\" y=\"178.0\"></omgdi:waypoint>\n        <omgdi:waypoint x=\"174.9999999999917\" y=\"178.0\"></omgdi:waypoint>\n      </bpmndi:BPMNEdge>\n      <bpmndi:BPMNEdge bpmnElement=\"sid-9BAB4ACD-DA8A-4FEE-AD68-2649B32CD9E8\" id=\"BPMNEdge_sid-9BAB4ACD-DA8A-4FEE-AD68-2649B32CD9E8\">\n        <omgdi:waypoint x=\"274.95000000000005\" y=\"178.0\"></omgdi:waypoint>\n        <omgdi:waypoint x=\"320.0\" y=\"178.0\"></omgdi:waypoint>\n      </bpmndi:BPMNEdge>\n    </bpmndi:BPMNPlane>\n  </bpmndi:BPMNDiagram>\n</definitions>',0),
('d555e504-2d28-11eb-9045-227918fa15ea',1,'send-email.send-email.png','d507c502-2d28-11eb-9045-227918fa15ea','PNG\r\n\Z\n\0\0\0\rIHDR\0\0f\0\0\0\0\0\0)q\0\0IDATxmlUp5j1&\Z_8ɖd&֨a&j$74Q0&hD@\n\n|Q@jy.T[/.~>/==-9sN:	\0\0\0\0\0\0\0\0\0\0\0\0\0\0\0\0\0\0\0\0\0\0\0\0\0\0\0\0\0\0\0\0\0\0\0\0\0\0\0\0\0\0\0\0\0\0\0\0\0\0\0\0\0\0\0\0\0\0\0\0\0\0\0\0\0\0\0\0\0\0\0\0\0\0\0\0\0\0\0\0\0\0\0\0\0\0\0\0\0\0\0\0\0\0\0\0\0\0\0\0\0\0\0\0\0\0\0\0\0\0\0\0\0\0\0\0\0\0\0\0\0\0\0\0\0\0\0\0\0\0\0\0\0\0\0\0\0\0\0\0\0\0\0\0\0\0\0\0\0\0\0\0\0\0\0\0\0\0\0\0\0\0\0\0\0\0\0\0\0\0\0\0\0\0\0\0\0\0\0\0\0\0\0\0\0\0\0\0\0\0\0R:eݺu\\E*WCCCZtwY\rE\'E(755ޮ~ڲeKZdɎ,oUB?#ek¹=AUB?{*J){U0\'[%CceA**}iζϗmX.<޺}OھM\nf<}O6Mjxszk:9mLu<Ӵcp@ł{_icՄW\rd+UW`@9o-xy7	VT*㌋8WS .]/+98[C0Z1J.]/l]+,T1:RXW\nf<h`@%9&ĬrΧfWT(KYyޮ[9ǴiKH{d+#¹ec^mBY0f@/f%,3 `K)<^Z2eʔcǎ?lذ4hР4dȐwuWI=ӳ`VntY}-Y}}mVqB\'i k{G7.=iʕiӦMi޽),w}{YwJ0[n]Vj?CU?G}t}ݗRVZ&Nx`ȑko_	f%Y?0ҾƑSfϞ;Ls9@.54|2z̂\r\Z<x![__x_;wӞ={w˗/OSNMzki82z1cg}zSm#F`VP.Ł<}5Xm۶t3GH>$Fn功k\\0)cI89r/zjnۖm0=ɓ;\'*=Xi[cd?p{+iܹmۮwrCH\\%#&Vf͚R\Z5Vf	f]qJ\\qODGkk4jx))qհzZ5fqf̘a\\bF_iqk-gM;KV̂P+Q֭[+\Z%],jLL~R5M:uUL)Ec\noF0JlCY=䓕Ǌy1q틘f]M+VXm,szNUT:fܝmе/766VtI(EIWcD7oj0fˆ^Su~w.,\r QxO+3~\rU\n$xRVoߩG?T0lCY>Sv\\st5&~ݼ`RwU-nC>&jСCV{R##zW_})ZF݆lэ3=o^c>,BNs]z.˗+<؆)<yX`wbfVi W+7lWK~:S0+̱\\Z=1bD^4܆Aٞz}ɓ;!W;/<Ȳ4mڴT0_r%JQ0sr3e9z8oHBx^tE)?<qk:+_窫J|a#gy&}sM3gL7n׋\r7ܐ,\rk k;\'֙={vҙg^|ŎutgS/S0#fej{qWƏj]+cku~yرN>z\ncT=ܨQFI&َ/GKa	G+jezc9.Mf)ya_0``>ʠl~M{*e#]]늝+1H4D#C0ά*|0v΂eR\n/71Jc$$;\r_].\\1rJ_9\n~^n\rh?}<\"`!o}wQ!Xy{\"T#ZVFz}-F屼f͚9\"KG݂~ەs6:P<Z}6ƩIss96Iuymf/y]yrҌ~oт4*q]Wz`.q!ײR;t>hȐ!Y {e#e۫u7m}s9y8#8 W/-¼Yc>V0ǋGqq֬Y8=\n{%#e-~x8F1RP6ĉ1̿9+]㬊rϾ}=娾ūy6zmO?_}`_f\\}-m\Z9$\rѮ}1ygMCdᮾq>XJ({;yo֌,ߋ}%sNW@=lذ)Sgٲe_eڛ>ŵ/\Z\Z\Zxeb#WvDX0Jkzr_(+whqŪ\")1?~YFY0@0~̀`̀`V̂J0Y0Y	f@0+ff%,3 3 ``̀`V̂J0Y0Y	f-Z${O͂yKnnmm6mrkm-^x`ccoM8|#円V	uHx=NUZ\0\0\0\0\0\0\0\0\0\0\0\0= B\0\0\0\0IENDB`',1),
('f1bf70e5-2d24-11eb-84d4-227918fa15ea',1,'send-email.bpmn','f1bf70e4-2d24-11eb-84d4-227918fa15ea','<?xml version=\"1.0\" encoding=\"UTF-8\"?>\n<definitions xmlns=\"http://www.omg.org/spec/BPMN/20100524/MODEL\" xmlns:xsi=\"http://www.w3.org/2001/XMLSchema-instance\" xmlns:xsd=\"http://www.w3.org/2001/XMLSchema\" xmlns:flowable=\"http://flowable.org/bpmn\" xmlns:bpmndi=\"http://www.omg.org/spec/BPMN/20100524/DI\" xmlns:omgdc=\"http://www.omg.org/spec/DD/20100524/DC\" xmlns:omgdi=\"http://www.omg.org/spec/DD/20100524/DI\" typeLanguage=\"http://www.w3.org/2001/XMLSchema\" expressionLanguage=\"http://www.w3.org/1999/XPath\" targetNamespace=\"http://www.flowable.org/processdef\">\n  <process id=\"send-email\" name=\"发送邮件\" isExecutable=\"true\">\n    <startEvent id=\"startEvent1\" name=\"start\" flowable:initiator=\"initiator\" flowable:formFieldValidation=\"true\">\n      <extensionElements>\n        <flowable:formProperty id=\"emailFrom\" name=\"发件人\" type=\"string\" default=\"delta@flowable.com\"></flowable:formProperty>\n        <flowable:formProperty id=\"emailTo\" name=\"收件人\" type=\"string\" default=\"delta@flowable.com\"></flowable:formProperty>\n        <flowable:formProperty id=\"emailCC\" name=\"抄送\" type=\"string\"></flowable:formProperty>\n        <flowable:formProperty id=\"emailSubject\" name=\"主题\" type=\"string\" default=\"测试\"></flowable:formProperty>\n        <flowable:formProperty id=\"emailContent\" name=\"正文\" type=\"string\" default=\"这是一个测试邮件\"></flowable:formProperty>\n      </extensionElements>\n    </startEvent>\n    <sequenceFlow id=\"sid-B4DA1B3A-508B-4E50-8C7C-218F8E66DCFA\" sourceRef=\"startEvent1\" targetRef=\"sid-4329CEE2-F1D9-4BF6-9218-38C62659F72E\"></sequenceFlow>\n    <endEvent id=\"sid-E4D02A62-9237-4DB5-88D6-388754AE1687\" name=\"end\"></endEvent>\n    <sequenceFlow id=\"sid-9BAB4ACD-DA8A-4FEE-AD68-2649B32CD9E8\" sourceRef=\"sid-4329CEE2-F1D9-4BF6-9218-38C62659F72E\" targetRef=\"sid-E4D02A62-9237-4DB5-88D6-388754AE1687\"></sequenceFlow>\n    <serviceTask id=\"sid-4329CEE2-F1D9-4BF6-9218-38C62659F72E\" name=\"SendEmail\" flowable:type=\"mail\">\n      <extensionElements>\n        <flowable:field name=\"to\">\n          <flowable:expression><![CDATA[${emailTo}]]></flowable:expression>\n        </flowable:field>\n        <flowable:field name=\"from\">\n          <flowable:expression><![CDATA[${emailFrom}]]></flowable:expression>\n        </flowable:field>\n        <flowable:field name=\"subject\">\n          <flowable:expression><![CDATA[${emailSubject}]]></flowable:expression>\n        </flowable:field>\n        <flowable:field name=\"cc\">\n          <flowable:expression><![CDATA[${emailCC}]]></flowable:expression>\n        </flowable:field>\n        <flowable:field name=\"text\">\n          <flowable:expression><![CDATA[${emailContent}]]></flowable:expression>\n        </flowable:field>\n      </extensionElements>\n    </serviceTask>\n  </process>\n  <bpmndi:BPMNDiagram id=\"BPMNDiagram_send-email\">\n    <bpmndi:BPMNPlane bpmnElement=\"send-email\" id=\"BPMNPlane_send-email\">\n      <bpmndi:BPMNShape bpmnElement=\"startEvent1\" id=\"BPMNShape_startEvent1\">\n        <omgdc:Bounds height=\"30.0\" width=\"30.0\" x=\"100.0\" y=\"163.0\"></omgdc:Bounds>\n      </bpmndi:BPMNShape>\n      <bpmndi:BPMNShape bpmnElement=\"sid-E4D02A62-9237-4DB5-88D6-388754AE1687\" id=\"BPMNShape_sid-E4D02A62-9237-4DB5-88D6-388754AE1687\">\n        <omgdc:Bounds height=\"28.0\" width=\"28.0\" x=\"320.0\" y=\"164.0\"></omgdc:Bounds>\n      </bpmndi:BPMNShape>\n      <bpmndi:BPMNShape bpmnElement=\"sid-4329CEE2-F1D9-4BF6-9218-38C62659F72E\" id=\"BPMNShape_sid-4329CEE2-F1D9-4BF6-9218-38C62659F72E\">\n        <omgdc:Bounds height=\"80.0\" width=\"100.0\" x=\"175.0\" y=\"138.0\"></omgdc:Bounds>\n      </bpmndi:BPMNShape>\n      <bpmndi:BPMNEdge bpmnElement=\"sid-B4DA1B3A-508B-4E50-8C7C-218F8E66DCFA\" id=\"BPMNEdge_sid-B4DA1B3A-508B-4E50-8C7C-218F8E66DCFA\">\n        <omgdi:waypoint x=\"129.9499984899576\" y=\"178.0\"></omgdi:waypoint>\n        <omgdi:waypoint x=\"174.9999999999917\" y=\"178.0\"></omgdi:waypoint>\n      </bpmndi:BPMNEdge>\n      <bpmndi:BPMNEdge bpmnElement=\"sid-9BAB4ACD-DA8A-4FEE-AD68-2649B32CD9E8\" id=\"BPMNEdge_sid-9BAB4ACD-DA8A-4FEE-AD68-2649B32CD9E8\">\n        <omgdi:waypoint x=\"274.95000000000005\" y=\"178.0\"></omgdi:waypoint>\n        <omgdi:waypoint x=\"320.0\" y=\"178.0\"></omgdi:waypoint>\n      </bpmndi:BPMNEdge>\n    </bpmndi:BPMNPlane>\n  </bpmndi:BPMNDiagram>\n</definitions>',0),
('f207c486-2d24-11eb-84d4-227918fa15ea',1,'send-email.send-email.png','f1bf70e4-2d24-11eb-84d4-227918fa15ea','PNG\r\n\Z\n\0\0\0\rIHDR\0\0f\0\0\0\0\0\0)q\0\0IDATxmlUp5j1&\Z_8ɖd&֨a&j$74Q0&hD@\n\n|Q@jy.T[/.~>/==-9sN:	\0\0\0\0\0\0\0\0\0\0\0\0\0\0\0\0\0\0\0\0\0\0\0\0\0\0\0\0\0\0\0\0\0\0\0\0\0\0\0\0\0\0\0\0\0\0\0\0\0\0\0\0\0\0\0\0\0\0\0\0\0\0\0\0\0\0\0\0\0\0\0\0\0\0\0\0\0\0\0\0\0\0\0\0\0\0\0\0\0\0\0\0\0\0\0\0\0\0\0\0\0\0\0\0\0\0\0\0\0\0\0\0\0\0\0\0\0\0\0\0\0\0\0\0\0\0\0\0\0\0\0\0\0\0\0\0\0\0\0\0\0\0\0\0\0\0\0\0\0\0\0\0\0\0\0\0\0\0\0\0\0\0\0\0\0\0\0\0\0\0\0\0\0\0\0\0\0\0\0\0\0\0\0\0\0\0\0\0\0\0\0R:eݺu\\E*WCCCZtwY\rE\'E(755ޮ~ڲeKZdɎ,oUB?#ek¹=AUB?{*J){U0\'[%CceA**}iζϗmX.<޺}OھM\nf<}O6Mjxszk:9mLu<Ӵcp@ł{_icՄW\rd+UW`@9o-xy7	VT*㌋8WS .]/+98[C0Z1J.]/l]+,T1:RXW\nf<h`@%9&ĬrΧfWT(KYyޮ[9ǴiKH{d+#¹ec^mBY0f@/f%,3 `K)<^Z2eʔcǎ?lذ4hР4dȐwuWI=ӳ`VntY}-Y}}mVqB\'i k{G7.=iʕiӦMi޽),w}{YwJ0[n]Vj?CU?G}t}ݗRVZ&Nx`ȑko_	f%Y?0ҾƑSfϞ;Ls9@.54|2z̂\r\Z<x![__x_;wӞ={w˗/OSNMzki82z1cg}zSm#F`VP.Ł<}5Xm۶t3GH>$Fn功k\\0)cI89r/zjnۖm0=ɓ;\'*=Xi[cd?p{+iܹmۮwrCH\\%#&Vf͚R\Z5Vf	f]qJ\\qODGkk4jx))qհzZ5fqf̘a\\bF_iqk-gM;KV̂P+Q֭[+\Z%],jLL~R5M:uUL)Ec\noF0JlCY=䓕Ǌy1q틘f]M+VXm,szNUT:fܝmе/766VtI(EIWcD7oj0fˆ^Su~w.,\r QxO+3~\rU\n$xRVoߩG?T0lCY>Sv\\st5&~ݼ`RwU-nC>&jСCV{R##zW_})ZF݆lэ3=o^c>,BNs]z.˗+<؆)<yX`wbfVi W+7lWK~:S0+̱\\Z=1bD^4܆Aٞz}ɓ;!W;/<Ȳ4mڴT0_r%JQ0sr3e9z8oHBx^tE)?<qk:+_窫J|a#gy&}sM3gL7n׋\r7ܐ,\rk k;\'֙={vҙg^|ŎutgS/S0#fej{qWƏj]+cku~yرN>z\ncT=ܨQFI&َ/GKa	G+jezc9.Mf)ya_0``>ʠl~M{*e#]]늝+1H4D#C0ά*|0v΂eR\n/71Jc$$;\r_].\\1rJ_9\n~^n\rh?}<\"`!o}wQ!Xy{\"T#ZVFz}-F屼f͚9\"KG݂~ەs6:P<Z}6ƩIss96Iuymf/y]yrҌ~oт4*q]Wz`.q!ײR;t>hȐ!Y {e#e۫u7m}s9y8#8 W/-¼Yc>V0ǋGqq֬Y8=\n{%#e-~x8F1RP6ĉ1̿9+]㬊rϾ}=娾ūy6zmO?_}`_f\\}-m\Z9$\rѮ}1ygMCdᮾq>XJ({;yo֌,ߋ}%sNW@=lذ)Sgٲe_eڛ>ŵ/\Z\Z\Zxeb#WvDX0Jkzr_(+whqŪ\")1?~YFY0@0~̀`̀`V̂J0Y0Y	f@0+ff%,3 3 ``̀`V̂J0Y0Y	f-Z${O͂yKnnmm6mrkm-^x`ccoM8|#円V	uHx=NUZ\0\0\0\0\0\0\0\0\0\0\0\0= B\0\0\0\0IENDB`',1),
('faa37fba-2d29-11eb-9782-227918fa15ea',1,'send-email.bpmn','faa37fb9-2d29-11eb-9782-227918fa15ea','<?xml version=\"1.0\" encoding=\"UTF-8\"?>\n<definitions xmlns=\"http://www.omg.org/spec/BPMN/20100524/MODEL\" xmlns:xsi=\"http://www.w3.org/2001/XMLSchema-instance\" xmlns:xsd=\"http://www.w3.org/2001/XMLSchema\" xmlns:flowable=\"http://flowable.org/bpmn\" xmlns:bpmndi=\"http://www.omg.org/spec/BPMN/20100524/DI\" xmlns:omgdc=\"http://www.omg.org/spec/DD/20100524/DC\" xmlns:omgdi=\"http://www.omg.org/spec/DD/20100524/DI\" typeLanguage=\"http://www.w3.org/2001/XMLSchema\" expressionLanguage=\"http://www.w3.org/1999/XPath\" targetNamespace=\"http://www.flowable.org/processdef\">\n  <process id=\"send-email\" name=\"发送邮件\" isExecutable=\"true\">\n    <startEvent id=\"startEvent1\" name=\"start\" flowable:initiator=\"initiator\" flowable:formFieldValidation=\"true\"></startEvent>\n    <sequenceFlow id=\"sid-B4DA1B3A-508B-4E50-8C7C-218F8E66DCFA\" sourceRef=\"startEvent1\" targetRef=\"sid-4329CEE2-F1D9-4BF6-9218-38C62659F72E\"></sequenceFlow>\n    <endEvent id=\"sid-E4D02A62-9237-4DB5-88D6-388754AE1687\" name=\"end\"></endEvent>\n    <sequenceFlow id=\"sid-9BAB4ACD-DA8A-4FEE-AD68-2649B32CD9E8\" sourceRef=\"sid-4329CEE2-F1D9-4BF6-9218-38C62659F72E\" targetRef=\"sid-E4D02A62-9237-4DB5-88D6-388754AE1687\"></sequenceFlow>\n    <serviceTask id=\"sid-4329CEE2-F1D9-4BF6-9218-38C62659F72E\" name=\"SendEmail\" flowable:type=\"mail\">\n      <extensionElements>\n        <flowable:field name=\"to\">\n          <flowable:expression><![CDATA[${emailTo}]]></flowable:expression>\n        </flowable:field>\n        <flowable:field name=\"from\">\n          <flowable:expression><![CDATA[${emailFrom}]]></flowable:expression>\n        </flowable:field>\n        <flowable:field name=\"subject\">\n          <flowable:expression><![CDATA[${emailSubject}]]></flowable:expression>\n        </flowable:field>\n        <flowable:field name=\"text\">\n          <flowable:expression><![CDATA[${emailContent}]]></flowable:expression>\n        </flowable:field>\n      </extensionElements>\n    </serviceTask>\n  </process>\n  <bpmndi:BPMNDiagram id=\"BPMNDiagram_send-email\">\n    <bpmndi:BPMNPlane bpmnElement=\"send-email\" id=\"BPMNPlane_send-email\">\n      <bpmndi:BPMNShape bpmnElement=\"startEvent1\" id=\"BPMNShape_startEvent1\">\n        <omgdc:Bounds height=\"30.0\" width=\"30.0\" x=\"100.0\" y=\"163.0\"></omgdc:Bounds>\n      </bpmndi:BPMNShape>\n      <bpmndi:BPMNShape bpmnElement=\"sid-E4D02A62-9237-4DB5-88D6-388754AE1687\" id=\"BPMNShape_sid-E4D02A62-9237-4DB5-88D6-388754AE1687\">\n        <omgdc:Bounds height=\"28.0\" width=\"28.0\" x=\"320.0\" y=\"164.0\"></omgdc:Bounds>\n      </bpmndi:BPMNShape>\n      <bpmndi:BPMNShape bpmnElement=\"sid-4329CEE2-F1D9-4BF6-9218-38C62659F72E\" id=\"BPMNShape_sid-4329CEE2-F1D9-4BF6-9218-38C62659F72E\">\n        <omgdc:Bounds height=\"80.0\" width=\"100.0\" x=\"180.0\" y=\"138.0\"></omgdc:Bounds>\n      </bpmndi:BPMNShape>\n      <bpmndi:BPMNEdge bpmnElement=\"sid-B4DA1B3A-508B-4E50-8C7C-218F8E66DCFA\" id=\"BPMNEdge_sid-B4DA1B3A-508B-4E50-8C7C-218F8E66DCFA\">\n        <omgdi:waypoint x=\"129.9499986183554\" y=\"178.0\"></omgdi:waypoint>\n        <omgdi:waypoint x=\"180.0\" y=\"178.0\"></omgdi:waypoint>\n      </bpmndi:BPMNEdge>\n      <bpmndi:BPMNEdge bpmnElement=\"sid-9BAB4ACD-DA8A-4FEE-AD68-2649B32CD9E8\" id=\"BPMNEdge_sid-9BAB4ACD-DA8A-4FEE-AD68-2649B32CD9E8\">\n        <omgdi:waypoint x=\"279.95000000000005\" y=\"178.0\"></omgdi:waypoint>\n        <omgdi:waypoint x=\"320.0\" y=\"178.0\"></omgdi:waypoint>\n      </bpmndi:BPMNEdge>\n    </bpmndi:BPMNPlane>\n  </bpmndi:BPMNDiagram>\n</definitions>',0),
('faff826b-2d29-11eb-9782-227918fa15ea',1,'send-email.send-email.png','faa37fb9-2d29-11eb-9782-227918fa15ea','PNG\r\n\Z\n\0\0\0\rIHDR\0\0f\0\0\0\0\0\0)q\0\0IDATxkTp5j1&\Z?XIŤ&ը&\"BR@Eli5bRMՆX$H-^WZR嶮n=	3~ɓ=;{vgY;99\0\0\0\0\0\0\0\0\0\0\0\0\0\0\0\0\0\0\0\0\0\0\0\0\0\0\0\0\0\0\0\0\0\0\0\0\0\0\0\0\0\0\0\0\0\0\0\0\0\0\0\0\0\0\0\0\0\0\0\0\0\0\0\0\0\0\0\0\0\0\0\0\0\0\0\0\0\0\0\0\0\0\0\0\0\0\0\0\0\0\0\0\0\0\0\0\0\0\0\0\0\0\0\0\0\0\0\0\0\0\0\0\0\0\0\0\0\0\0\0\0\0\0\0\0\0\0\0\0\0\0\0\0\0\0\0\0\0\0\0\0\0\0\0\0\0\0\0\0\0\0\0\0\0\0\0\0\0\0\0\0\0\0\0\0\0\0\0\0\0\0\0\0\0\0\0\0\0\0\0\0\0\0\0\0\0\0\0\0\0\0ORJǯ[UVlٲtRUjiiI+W:H`Pr[[[Lg*Xb{*HY(pFkm}!NeV	\r.zq@sU`.;4|]8{u^,H3P`޳;}k;z9wnەd0G(zӒlNlIS~O0r<ཌྷirΟ}\'3P`z{H55i;`*Me\\\nfB5gMӧxk6	VT*㌋8WS .]/+98[C0Z1J.]/m]+,T1<QXW\nf^~o`@%9&ĬrϯɧfWT(wuIYIޮ:~2%;si3W~v#\\3PVFsxowt	eT#]S0<``̀`VFR:}̳>b\'LwȑiСio)S{gekknnESSӸlz!OZV,XO:5h ~驧JVJ6mJwN!>vvvwy\'enwqoy`V|_ZU .^.\ZDx=wuWKZzu<y1cƬ2dȯ̇yY.CVm5(y-[ȥ-ZF\ZUϣg,ESSaÆ}[顇J˗/O_|EڱcG?ڵ+k3fn4w\Z=i(9~~|ѣ/`>(̂t_q Ϛ5+o\rc֭}ҬH9B\r\\Qs]f|#P8qb>:>\Z}r,	g#z)GFʽoƭ3X0F)/MӮ8ZxK\Z%[m0N\\I,v!U#s-#c\rp.9I\Z6wܿ*mر6K0澈S{G۾8\\[笥Qã8O9N5ktӨY0>BhƁJ={Qs}qXNQFuDm@YV0^b^_j曊_qFɩtI\ZӬ~TM3fXSJ[MMM̂XӬyJc<I՘EL_}}̯`.`.w{9p뭭bJ2_՘ і-[\ZƲƂgDT	f\\rD}ЯT,=6H\ZW+\\ZJY#x*sKV]Ý:Wܻ%]1^e`XU+M1IWcF#殮\Z18ˎ0bRt]e#fo1o޼\Z1c>#Ī\\\\pAJ>\0\nl/z̔mԩTŋx#fkryÆ\rqutYgN8!s9\"˥_ѣG\0|YG}1O6mA\r|EA3gTOO>dOUT|y̔q~̿Æ\r^f#U:y~!N=|K/4}|ti38#͙3\'mܸ1_/F\\sM4/^+Xg޼yNrJzgzֽ\'NѾhkk;w`.G˶՘4M8պVŋgJ	j-wq5\nǨ6B7{QcǎMSLɗ#D5_¤I~Ү8T+{=qX6Kg,\\0sʠl7tӐ;soF[Q߻.׷K.	1H4D#C0ζ*|0vނeR\n/71Jc$$+ulrub̘1핾sH}[cEo[x;sΞ*\r\Z|zkebT~ʥFW*u=lx\\OZC>T8Rw0ioo=w0[yy!FًgjW]uU^37u r|7n\\~ǡ+=Wn0Fq0̽kY}U;w:4|lF}fo>wϿu]byё|\ns|c8ˣ=#sxΝ+#W8+)kaԛQq\Z9H9B9\'?3a<8wɎ*=\"u_kxjK=_}``>}-\Z9$\rѮ}1y\'H#Fdzs\'e[w}/)/Ydvozs	fZitGYmzʍF@9s}W?^.|$k_|=,^F܍pDX0޾rk{~`gqŪ\")1?~6,#,k U3 3 ``̀`V̂J0Y0Y	f@0f@0+ff%3 3 ``̀`̀`Ve˖	āS`kr-Bq\0ԦM˂y\Z˯nmm_v	ǟoyV*AY\\ފTU\0\0\0\0\0\0\0\0\0\0\0\0p 4Toc\0\0\0\0IENDB`',1),
('fcbd1e56-2bcb-11eb-9e90-227918fa15ea',1,'out-factory.bpmn','fcbd1e55-2bcb-11eb-9e90-227918fa15ea','<?xml version=\"1.0\" encoding=\"UTF-8\"?>\n<definitions xmlns=\"http://www.omg.org/spec/BPMN/20100524/MODEL\" xmlns:xsi=\"http://www.w3.org/2001/XMLSchema-instance\" xmlns:xsd=\"http://www.w3.org/2001/XMLSchema\" xmlns:flowable=\"http://flowable.org/bpmn\" xmlns:bpmndi=\"http://www.omg.org/spec/BPMN/20100524/DI\" xmlns:omgdc=\"http://www.omg.org/spec/DD/20100524/DC\" xmlns:omgdi=\"http://www.omg.org/spec/DD/20100524/DI\" typeLanguage=\"http://www.w3.org/2001/XMLSchema\" expressionLanguage=\"http://www.w3.org/1999/XPath\" targetNamespace=\"http://www.flowable.org/processdef\">\n  <process id=\"out-factory\" name=\"外出单\" isExecutable=\"true\">\n    <dataObject id=\"_FLOWABLE_SKIP_EXPRESSION_ENABLED\" name=\"_FLOWABLE_SKIP_EXPRESSION_ENABLED\" itemSubjectRef=\"xsd:boolean\">\n      <extensionElements>\n        <flowable:value>true</flowable:value>\n      </extensionElements>\n    </dataObject>\n    <dataObject id=\"manager\" name=\"所属领导\" itemSubjectRef=\"xsd:string\">\n      <extensionElements>\n        <flowable:value>manager</flowable:value>\n      </extensionElements>\n    </dataObject>\n    <startEvent id=\"startEvent1\" name=\"填单\" flowable:initiator=\"initiator\" flowable:formKey=\"out-factory\" flowable:formFieldValidation=\"true\"></startEvent>\n    <userTask id=\"sid-E086BDD7-66B2-409F-B18C-B682DD9172DB\" name=\"申请人确认\" flowable:assignee=\"${initiator}\" flowable:formKey=\"out-factory\" flowable:formFieldValidation=\"true\" flowable:skipExpression=\"${_FLOWABLE_SKIP_EXPRESSION_ENABLED==true}\">\n      <extensionElements>\n        <modeler:activiti-idm-initiator xmlns:modeler=\"http://flowable.org/modeler\"><![CDATA[true]]></modeler:activiti-idm-initiator>\n      </extensionElements>\n    </userTask>\n    <sequenceFlow id=\"sid-FB957372-CC09-424B-88F0-30C09C3C100F\" sourceRef=\"startEvent1\" targetRef=\"sid-E086BDD7-66B2-409F-B18C-B682DD9172DB\"></sequenceFlow>\n    <userTask id=\"sid-ABCBD09C-DB79-4EE8-BB28-96FEBAAFF175\" name=\"主管审核\" flowable:assignee=\"${manager}\" flowable:formKey=\"out-factory\" flowable:formFieldValidation=\"true\">\n      <extensionElements>\n        <flowable:taskListener event=\"create\" class=\"com.deltaww.flowapi.listener.AutoAssigneeListener\"></flowable:taskListener>\n        <modeler:initiator-can-complete xmlns:modeler=\"http://flowable.org/modeler\"><![CDATA[false]]></modeler:initiator-can-complete>\n      </extensionElements>\n    </userTask>\n    <sequenceFlow id=\"sid-D2A7423F-91E0-430D-AA1A-09A1C246CA40\" sourceRef=\"sid-E086BDD7-66B2-409F-B18C-B682DD9172DB\" targetRef=\"sid-ABCBD09C-DB79-4EE8-BB28-96FEBAAFF175\"></sequenceFlow>\n    <endEvent id=\"sid-52A44D3B-7206-486E-8F26-58E536F8AFDB\" name=\"结束\"></endEvent>\n    <sequenceFlow id=\"sid-C1DDC6AA-BE98-4CC6-AB71-8C8C99AEDC5C\" sourceRef=\"sid-ABCBD09C-DB79-4EE8-BB28-96FEBAAFF175\" targetRef=\"sid-52A44D3B-7206-486E-8F26-58E536F8AFDB\"></sequenceFlow>\n  </process>\n  <bpmndi:BPMNDiagram id=\"BPMNDiagram_out-factory\">\n    <bpmndi:BPMNPlane bpmnElement=\"out-factory\" id=\"BPMNPlane_out-factory\">\n      <bpmndi:BPMNShape bpmnElement=\"startEvent1\" id=\"BPMNShape_startEvent1\">\n        <omgdc:Bounds height=\"30.0\" width=\"30.0\" x=\"100.0\" y=\"163.0\"></omgdc:Bounds>\n      </bpmndi:BPMNShape>\n      <bpmndi:BPMNShape bpmnElement=\"sid-E086BDD7-66B2-409F-B18C-B682DD9172DB\" id=\"BPMNShape_sid-E086BDD7-66B2-409F-B18C-B682DD9172DB\">\n        <omgdc:Bounds height=\"80.0\" width=\"100.0\" x=\"175.0\" y=\"138.0\"></omgdc:Bounds>\n      </bpmndi:BPMNShape>\n      <bpmndi:BPMNShape bpmnElement=\"sid-ABCBD09C-DB79-4EE8-BB28-96FEBAAFF175\" id=\"BPMNShape_sid-ABCBD09C-DB79-4EE8-BB28-96FEBAAFF175\">\n        <omgdc:Bounds height=\"80.0\" width=\"100.0\" x=\"320.0\" y=\"138.0\"></omgdc:Bounds>\n      </bpmndi:BPMNShape>\n      <bpmndi:BPMNShape bpmnElement=\"sid-52A44D3B-7206-486E-8F26-58E536F8AFDB\" id=\"BPMNShape_sid-52A44D3B-7206-486E-8F26-58E536F8AFDB\">\n        <omgdc:Bounds height=\"28.0\" width=\"28.0\" x=\"465.0\" y=\"164.0\"></omgdc:Bounds>\n      </bpmndi:BPMNShape>\n      <bpmndi:BPMNEdge bpmnElement=\"sid-D2A7423F-91E0-430D-AA1A-09A1C246CA40\" id=\"BPMNEdge_sid-D2A7423F-91E0-430D-AA1A-09A1C246CA40\">\n        <omgdi:waypoint x=\"274.9499999999907\" y=\"178.0\"></omgdi:waypoint>\n        <omgdi:waypoint x=\"319.9999999999807\" y=\"178.0\"></omgdi:waypoint>\n      </bpmndi:BPMNEdge>\n      <bpmndi:BPMNEdge bpmnElement=\"sid-C1DDC6AA-BE98-4CC6-AB71-8C8C99AEDC5C\" id=\"BPMNEdge_sid-C1DDC6AA-BE98-4CC6-AB71-8C8C99AEDC5C\">\n        <omgdi:waypoint x=\"419.95000000000005\" y=\"178.0\"></omgdi:waypoint>\n        <omgdi:waypoint x=\"465.0\" y=\"178.0\"></omgdi:waypoint>\n      </bpmndi:BPMNEdge>\n      <bpmndi:BPMNEdge bpmnElement=\"sid-FB957372-CC09-424B-88F0-30C09C3C100F\" id=\"BPMNEdge_sid-FB957372-CC09-424B-88F0-30C09C3C100F\">\n        <omgdi:waypoint x=\"129.9499984899576\" y=\"178.0\"></omgdi:waypoint>\n        <omgdi:waypoint x=\"174.9999999999917\" y=\"178.0\"></omgdi:waypoint>\n      </bpmndi:BPMNEdge>\n    </bpmndi:BPMNPlane>\n  </bpmndi:BPMNDiagram>\n</definitions>',0),
('fcf3e5c7-2bcb-11eb-9e90-227918fa15ea',1,'out-factory.out-factory.png','fcbd1e55-2bcb-11eb-9e90-227918fa15ea','PNG\r\n\Z\n\0\0\0\rIHDR\0\0\0\0\0\0\0\0@m\0\0~IDATx}Uu\0*z\"\"#ڨh%\"\"6\"6zs4\'5\"{6Du]5g|͔ްYCV7̜m}̧1<{yw/3;|s~\0\0\0\0\0\0\0\0\0\0\0\0\0\0\0\0\0\0\0\0\0\0\0\0\0\0\0\0\0\0\0\0\0\0\0\0\0\0\0\0\0\0\0\0\0\0\0\0\0\0\0\0\0\0\0\0\0\0\0\0\0\0\0\0\0\0\0\0\0\0\0\0\0\0\0\0\0\0\0\0\0\0\0\0\0\0\0\0\0\0\0\0\0\0\0\0\0\0\0\0\0\0\0\0\0\0\0\0\0\0\0\0\0\0\0\0\0\0\0\0\0\0\0\0\0\0\0\0\0\0\0\0\0\0\0\0\0\0\0\0\0\0\0\0\0\0\0\0\0\0\0\0\0\0\0\0\0\0\0\0\0\0\0\0\0\0\0\0\0\0\0\0\0\0\0\0\0\0\0\0\0\0\0\0\0\0\0\0\0\0\0\0\0\0\0\0\0\0\0\0\0\0\0\0\0\0\0\0\0\0\0\0\0\0\0\0\0\0\0\0\0\0\0\0\0\0\0\0\0\0\0\0\0\0\0\0\0\0\0\0\0\0\0\0\0\0\0\0\0\0\0\0\0\0\0\0\0\0\0\0\0\0\0\0\0\0\0\0\0$I޴iӬ5kؘ,^Xs444$+V49(+WLZZZ{;v$˗/ߕj9m)SrHzYL*ia\'P!zXQ9Cb0@/ޞlOW\rg6TaCr¼{dݢ)ɗo-SP5w9$*+[Cr}5OA0_t9SP5w9$*+?iaT]!@aC@8)C@捫)C@5%>|t[ܧjrHUV#66SY!\Z/$?CSmq!9TQamXJq+irHPK\\<1X#0]!Bsw#-#0Y!\ns9#F`\n.Papr\n.PaY(rH܅f9(\n;t%I755տ;˧Mk	F\Z><;p]w<y򦧟~zf\ZYɡS[[W555w5zV\Z:=ilN~c<NM}3Noĉ믿Y&ٶm[gϞ$ז?Os=-cǎYɡs뭷}\Z{KxCDG?Y޿Rk&>7|ٚP;i>3m{;^shs.;yZpa2z2Wf9$*MMM#FoQ&O=TdɒoM~駬&Uӧ\'v[im?He>?~|aÆ7lٲ%IwZǌ/63gfKعsgbOs8Ĉ=\Z{Qxt^{\n,P%؋}ҤI(plI7,k1[#F~4aiBsr؋S<H)\'|t~X\Z{_?~kmmj]hB7GG؋\rdRbsxCפ7Z{fYɡw*)\Z*yq[/V]aV8oq0\\_xޫ]\\y.;SzjͱfTI,i¬0!9T9W?\'5:/9MLݲ%e|ͤ?M>}m\\R\nOkjjVaV:xIq<L_bsnYeZqIoIe^QbAG{\n,@kg/[Ot\\-L|777ɲ\\\n,@ɶtJvcnYe/zDGU܃i2YaCrh s(voiqޣ[Vx~\\Y!P̡<NUfȑ{\\%#OW\\qѕ4zO\Zm?cL.9$i>ȝ?~oUk\n@Κ5+NKNp\r	\'E<ci=nܸNwܹeq&駟Yq\nε^%_u+2k\nȡ\"΋y?x7Oڶ͙3\'vJs/>Svg$v!kmʔ)hEG-:TZ0(<\nhwYQ.wvZgԔtIr-m1cFr&֭kvy%]wP.CED//ro~_}ɹn[kVVJ{~GCͽr<e{g\n;ϽQ@4\'f7vt;{ʶw6r?!K/e/O.N>dذa֭[˗gۻw|٬,CḚӄ#\"b&hڵY#\'xb,H:lI(7os#q;39D^gX\\|mt9ćJ%+Wͽr;e{PgĈ_W*eGh=4jGrJVcZt4F#8C+ǺiIz؁wsvG/Dn_tEYcKW^\\.\nuuuu\\M4-Y*{ȣwր#bDT:1\".NGi(H.f\0b[*ky.6ݻwg;ꨣʛXx#,A{wyM;7c=\ZE>y\\:ce=ޯwϵ)wq}ݷF;ӑ>\".6qwl/6|[kc{4\Zkjc4/ysF=^3n؋=n]:0\\s\Zaw(\rܑ{a9u,&LL<9?Gs/¥uO$c}?[4-u=ֺߋϿq5{1ꫯf?>o1nyA/m1yl\ZmX0WFsȓf\"x{9OƎٳ獯q;=?#fb \Z{8=sɔ)S{Ml}~i_}{:_Wk̴nذO\Z{SS5{êҦHtۑg}#8ʎ{0AWx@aiFh/w;13,\"^%{){Vؑ7;=Q/zMA]]]mZniiw}6o}zR# jgBDamӞ/B8.Nk˛{[ŷ5bz;,\nD#3{g#)m嬹\n;vZ7xcq>^upJFcǎ[#GcOj#(hbZ=cњ{4(}t饗;uVgbM4r(q$s|EǺ}iży \n\06Fץ8|(x#\'Ÿ?^AIwzݒPǎb5	WQq\\q=b0k:#LG>Av;?T|$`Ke:ԏ(;vh7Uˡxuʡ4vs4qS1W_~99ro%W=X5]\r9}<P|\Zc5J.x4|Z\\aCbh4^O;Xi}h5ɏ\Z5eڴi_}Gߤ{~k744> cI{(KYaCr&\'M}0kWFJfkoO	?-(>T =(W2Rf9$k܅,0]!@aVYaCBsfY!@s\nC,4w!\0YaCBsfY	Pf9$\0](rH\n܅fY	Pf9$4w@aV4w0!9(BsrPf]h¬0!\n,Y!Z466*{¼OC@/[bEb۶mrHzْ%K_lٟVqF[Q\Z\ZI&9$Z} -H?XC\0\0\0\0\0\0\0\0\0\0\0\0\0\0\0\0\0@\"G+ \0\0\0\0IENDB`',1);

/*Table structure for table `ACT_GE_PROPERTY` */

DROP TABLE IF EXISTS `ACT_GE_PROPERTY`;

CREATE TABLE `ACT_GE_PROPERTY` (
  `NAME_` varchar(64) COLLATE utf8_bin NOT NULL,
  `VALUE_` varchar(300) COLLATE utf8_bin DEFAULT NULL,
  `REV_` int DEFAULT NULL,
  PRIMARY KEY (`NAME_`)
) ENGINE=InnoDB DEFAULT CHARSET=utf8 COLLATE=utf8_bin;

/*Data for the table `ACT_GE_PROPERTY` */

insert  into `ACT_GE_PROPERTY`(`NAME_`,`VALUE_`,`REV_`) values 
('batch.schema.version','6.6.0.0',1),
('cfg.execution-related-entities-count','true',1),
('cfg.task-related-entities-count','true',1),
('common.schema.version','6.6.0.0',1),
('entitylink.schema.version','6.6.0.0',1),
('eventsubscription.schema.version','6.6.0.0',1),
('identitylink.schema.version','6.6.0.0',1),
('job.schema.version','6.6.0.0',1),
('next.dbid','1',1),
('schema.history','create(6.6.0.0)',1),
('schema.version','6.6.0.0',1),
('task.schema.version','6.6.0.0',1),
('variable.schema.version','6.6.0.0',1);

/*Table structure for table `ACT_HI_ACTINST` */

DROP TABLE IF EXISTS `ACT_HI_ACTINST`;

CREATE TABLE `ACT_HI_ACTINST` (
  `ID_` varchar(64) COLLATE utf8_bin NOT NULL,
  `REV_` int DEFAULT '1',
  `PROC_DEF_ID_` varchar(64) COLLATE utf8_bin NOT NULL,
  `PROC_INST_ID_` varchar(64) COLLATE utf8_bin NOT NULL,
  `EXECUTION_ID_` varchar(64) COLLATE utf8_bin NOT NULL,
  `ACT_ID_` varchar(255) COLLATE utf8_bin NOT NULL,
  `TASK_ID_` varchar(64) COLLATE utf8_bin DEFAULT NULL,
  `CALL_PROC_INST_ID_` varchar(64) COLLATE utf8_bin DEFAULT NULL,
  `ACT_NAME_` varchar(255) COLLATE utf8_bin DEFAULT NULL,
  `ACT_TYPE_` varchar(255) COLLATE utf8_bin NOT NULL,
  `ASSIGNEE_` varchar(255) COLLATE utf8_bin DEFAULT NULL,
  `START_TIME_` datetime(3) NOT NULL,
  `END_TIME_` datetime(3) DEFAULT NULL,
  `TRANSACTION_ORDER_` int DEFAULT NULL,
  `DURATION_` bigint DEFAULT NULL,
  `DELETE_REASON_` varchar(4000) COLLATE utf8_bin DEFAULT NULL,
  `TENANT_ID_` varchar(255) COLLATE utf8_bin DEFAULT '',
  PRIMARY KEY (`ID_`),
  KEY `ACT_IDX_HI_ACT_INST_START` (`START_TIME_`),
  KEY `ACT_IDX_HI_ACT_INST_END` (`END_TIME_`),
  KEY `ACT_IDX_HI_ACT_INST_PROCINST` (`PROC_INST_ID_`,`ACT_ID_`),
  KEY `ACT_IDX_HI_ACT_INST_EXEC` (`EXECUTION_ID_`,`ACT_ID_`)
) ENGINE=InnoDB DEFAULT CHARSET=utf8 COLLATE=utf8_bin;

/*Data for the table `ACT_HI_ACTINST` */

insert  into `ACT_HI_ACTINST`(`ID_`,`REV_`,`PROC_DEF_ID_`,`PROC_INST_ID_`,`EXECUTION_ID_`,`ACT_ID_`,`TASK_ID_`,`CALL_PROC_INST_ID_`,`ACT_NAME_`,`ACT_TYPE_`,`ASSIGNEE_`,`START_TIME_`,`END_TIME_`,`TRANSACTION_ORDER_`,`DURATION_`,`DELETE_REASON_`,`TENANT_ID_`) values 
('0581e355-2fb0-11eb-9226-227918fa15ea',1,'out-factory:12:0703936d-2fab-11eb-acf0-227918fa15ea','057d014c-2fb0-11eb-9226-227918fa15ea','0581bc44-2fb0-11eb-9226-227918fa15ea','startEvent1',NULL,NULL,'填单','startEvent',NULL,'2020-11-26 00:24:21.808','2020-11-26 00:25:44.681',1,82873,NULL,''),
('0b920f0f-2fcb-11eb-8fff-227918fa15ea',1,'out-factory:13:788781b4-2fb3-11eb-a9f3-227918fa15ea','0b91e7f6-2fcb-11eb-8fff-227918fa15ea','0b920f0e-2fcb-11eb-8fff-227918fa15ea','startEvent1',NULL,NULL,'填单','startEvent',NULL,'2020-11-26 03:37:48.392','2020-11-26 03:37:59.900',1,11508,NULL,''),
('126e3163-2fcb-11eb-8fff-227918fa15ea',1,'out-factory:13:788781b4-2fb3-11eb-a9f3-227918fa15ea','0b91e7f6-2fcb-11eb-8fff-227918fa15ea','0b920f0e-2fcb-11eb-8fff-227918fa15ea','sid-FB957372-CC09-424B-88F0-30C09C3C100F',NULL,NULL,NULL,'sequenceFlow',NULL,'2020-11-26 03:37:59.901','2020-11-26 03:37:59.901',2,0,NULL,''),
('126e3164-2fcb-11eb-8fff-227918fa15ea',1,'out-factory:13:788781b4-2fb3-11eb-a9f3-227918fa15ea','0b91e7f6-2fcb-11eb-8fff-227918fa15ea','0b920f0e-2fcb-11eb-8fff-227918fa15ea','sid-E086BDD7-66B2-409F-B18C-B682DD9172DB','126e3165-2fcb-11eb-8fff-227918fa15ea',NULL,'申请人确认','userTask',NULL,'2020-11-26 03:37:59.901','2020-11-26 03:37:59.901',3,0,NULL,''),
('126e3166-2fcb-11eb-8fff-227918fa15ea',1,'out-factory:13:788781b4-2fb3-11eb-a9f3-227918fa15ea','0b91e7f6-2fcb-11eb-8fff-227918fa15ea','0b920f0e-2fcb-11eb-8fff-227918fa15ea','sid-D2A7423F-91E0-430D-AA1A-09A1C246CA40',NULL,NULL,NULL,'sequenceFlow',NULL,'2020-11-26 03:37:59.901','2020-11-26 03:37:59.901',4,0,NULL,''),
('126e3167-2fcb-11eb-8fff-227918fa15ea',1,'out-factory:13:788781b4-2fb3-11eb-a9f3-227918fa15ea','0b91e7f6-2fcb-11eb-8fff-227918fa15ea','0b920f0e-2fcb-11eb-8fff-227918fa15ea','sid-ABCBD09C-DB79-4EE8-BB28-96FEBAAFF175','12700628-2fcb-11eb-8fff-227918fa15ea',NULL,'主管审核','userTask','manager','2020-11-26 03:37:59.901',NULL,5,NULL,NULL,''),
('138ed183-2f83-11eb-bdfc-227918fa15ea',1,'out-factory:10:60b60f07-2f82-11eb-bdfc-227918fa15ea','138e353b-2f83-11eb-bdfc-227918fa15ea','138ed182-2f83-11eb-bdfc-227918fa15ea','startEvent1',NULL,NULL,'填单','startEvent',NULL,'2020-11-25 19:02:38.028','2020-11-25 19:02:38.028',1,0,NULL,''),
('138ed186-2f83-11eb-bdfc-227918fa15ea',1,'out-factory:10:60b60f07-2f82-11eb-bdfc-227918fa15ea','138e353b-2f83-11eb-bdfc-227918fa15ea','138ed182-2f83-11eb-bdfc-227918fa15ea','sid-FB957372-CC09-424B-88F0-30C09C3C100F',NULL,NULL,NULL,'sequenceFlow',NULL,'2020-11-25 19:02:38.028','2020-11-25 19:02:38.028',2,0,NULL,''),
('138ed187-2f83-11eb-bdfc-227918fa15ea',2,'out-factory:10:60b60f07-2f82-11eb-bdfc-227918fa15ea','138e353b-2f83-11eb-bdfc-227918fa15ea','138ed182-2f83-11eb-bdfc-227918fa15ea','sid-E086BDD7-66B2-409F-B18C-B682DD9172DB','13938c78-2f83-11eb-bdfc-227918fa15ea',NULL,'申请人确认','userTask','manager','2020-11-25 19:02:38.028','2020-11-25 19:39:06.829',3,2188801,NULL,''),
('21ee6e08-2fb2-11eb-9226-227918fa15ea',1,'out-factory:12:0703936d-2fab-11eb-acf0-227918fa15ea','21ee6dff-2fb2-11eb-9226-227918fa15ea','21ee6e07-2fb2-11eb-9226-227918fa15ea','startEvent1',NULL,NULL,'填单','startEvent',NULL,'2020-11-26 00:39:28.489','2020-11-26 00:39:35.737',1,7248,NULL,''),
('2640630c-2fb2-11eb-9226-227918fa15ea',1,'out-factory:12:0703936d-2fab-11eb-acf0-227918fa15ea','21ee6dff-2fb2-11eb-9226-227918fa15ea','21ee6e07-2fb2-11eb-9226-227918fa15ea','sid-FB957372-CC09-424B-88F0-30C09C3C100F',NULL,NULL,NULL,'sequenceFlow',NULL,'2020-11-26 00:39:35.737','2020-11-26 00:39:35.737',2,0,NULL,''),
('2640630d-2fb2-11eb-9226-227918fa15ea',1,'out-factory:12:0703936d-2fab-11eb-acf0-227918fa15ea','21ee6dff-2fb2-11eb-9226-227918fa15ea','21ee6e07-2fb2-11eb-9226-227918fa15ea','sid-E086BDD7-66B2-409F-B18C-B682DD9172DB','2640630e-2fb2-11eb-9226-227918fa15ea',NULL,'申请人确认','userTask',NULL,'2020-11-26 00:39:35.737','2020-11-26 00:39:35.737',3,0,NULL,''),
('2640630f-2fb2-11eb-9226-227918fa15ea',1,'out-factory:12:0703936d-2fab-11eb-acf0-227918fa15ea','21ee6dff-2fb2-11eb-9226-227918fa15ea','21ee6e07-2fb2-11eb-9226-227918fa15ea','sid-D2A7423F-91E0-430D-AA1A-09A1C246CA40',NULL,NULL,NULL,'sequenceFlow',NULL,'2020-11-26 00:39:35.737','2020-11-26 00:39:35.737',4,0,NULL,''),
('26406310-2fb2-11eb-9226-227918fa15ea',1,'out-factory:12:0703936d-2fab-11eb-acf0-227918fa15ea','21ee6dff-2fb2-11eb-9226-227918fa15ea','21ee6e07-2fb2-11eb-9226-227918fa15ea','sid-ABCBD09C-DB79-4EE8-BB28-96FEBAAFF175','2640ff51-2fb2-11eb-9226-227918fa15ea',NULL,'主管审核','userTask','manager','2020-11-26 00:39:35.737',NULL,5,NULL,NULL,''),
('2739940b-2fab-11eb-acf0-227918fa15ea',1,'out-factory:12:0703936d-2fab-11eb-acf0-227918fa15ea','27388291-2fab-11eb-acf0-227918fa15ea','2739940a-2fab-11eb-acf0-227918fa15ea','startEvent1',NULL,NULL,'填单','startEvent',NULL,'2020-11-25 23:49:30.893','2020-11-25 23:49:30.921',1,28,NULL,''),
('273e760e-2fab-11eb-acf0-227918fa15ea',1,'out-factory:12:0703936d-2fab-11eb-acf0-227918fa15ea','27388291-2fab-11eb-acf0-227918fa15ea','2739940a-2fab-11eb-acf0-227918fa15ea','sid-FB957372-CC09-424B-88F0-30C09C3C100F',NULL,NULL,NULL,'sequenceFlow',NULL,'2020-11-25 23:49:30.925','2020-11-25 23:49:30.925',2,0,NULL,''),
('273e760f-2fab-11eb-acf0-227918fa15ea',1,'out-factory:12:0703936d-2fab-11eb-acf0-227918fa15ea','27388291-2fab-11eb-acf0-227918fa15ea','2739940a-2fab-11eb-acf0-227918fa15ea','sid-E086BDD7-66B2-409F-B18C-B682DD9172DB','27461730-2fab-11eb-acf0-227918fa15ea',NULL,'申请人确认','userTask',NULL,'2020-11-25 23:49:30.925','2020-11-25 23:49:30.979',3,54,NULL,''),
('2746b371-2fab-11eb-acf0-227918fa15ea',1,'out-factory:12:0703936d-2fab-11eb-acf0-227918fa15ea','27388291-2fab-11eb-acf0-227918fa15ea','2739940a-2fab-11eb-acf0-227918fa15ea','sid-D2A7423F-91E0-430D-AA1A-09A1C246CA40',NULL,NULL,NULL,'sequenceFlow',NULL,'2020-11-25 23:49:30.979','2020-11-25 23:49:30.979',4,0,NULL,''),
('2746b372-2fab-11eb-acf0-227918fa15ea',1,'out-factory:12:0703936d-2fab-11eb-acf0-227918fa15ea','27388291-2fab-11eb-acf0-227918fa15ea','2739940a-2fab-11eb-acf0-227918fa15ea','sid-ABCBD09C-DB79-4EE8-BB28-96FEBAAFF175','274a5cf3-2fab-11eb-acf0-227918fa15ea',NULL,'主管审核','userTask','manager','2020-11-25 23:49:30.979',NULL,5,NULL,NULL,''),
('2c2ff437-2f88-11eb-a96f-227918fa15ea',1,'out-factory:10:60b60f07-2f82-11eb-bdfc-227918fa15ea','138e353b-2f83-11eb-bdfc-227918fa15ea','138ed182-2f83-11eb-bdfc-227918fa15ea','sid-D2A7423F-91E0-430D-AA1A-09A1C246CA40',NULL,NULL,NULL,'sequenceFlow',NULL,'2020-11-25 19:39:06.833','2020-11-25 19:39:06.833',1,0,NULL,''),
('2c2ff438-2f88-11eb-a96f-227918fa15ea',1,'out-factory:10:60b60f07-2f82-11eb-bdfc-227918fa15ea','138e353b-2f83-11eb-bdfc-227918fa15ea','138ed182-2f83-11eb-bdfc-227918fa15ea','sid-ABCBD09C-DB79-4EE8-BB28-96FEBAAFF175','2c2ff439-2f88-11eb-a96f-227918fa15ea',NULL,'主管审核','userTask',NULL,'2020-11-25 19:39:06.833',NULL,2,NULL,NULL,''),
('2fbe7409-2fc7-11eb-ac51-227918fa15ea',1,'mes-requirement:3:b2bb2000-2fc6-11eb-8a65-227918fa15ea','2fbdb0ae-2fc7-11eb-ac51-227918fa15ea','2fbe7408-2fc7-11eb-ac51-227918fa15ea','startEvent1',NULL,NULL,'填单','startEvent',NULL,'2020-11-26 03:10:11.094','2020-11-26 03:10:11.119',1,25,NULL,''),
('2fc2b9cc-2fc7-11eb-ac51-227918fa15ea',1,'mes-requirement:3:b2bb2000-2fc6-11eb-8a65-227918fa15ea','2fbdb0ae-2fc7-11eb-ac51-227918fa15ea','2fbe7408-2fc7-11eb-ac51-227918fa15ea','sid-07BACF0C-406A-4E40-A1FC-00A0BC020C59',NULL,NULL,NULL,'sequenceFlow',NULL,'2020-11-26 03:10:11.122','2020-11-26 03:10:11.122',2,0,NULL,''),
('2fc2b9cd-2fc7-11eb-ac51-227918fa15ea',1,'mes-requirement:3:b2bb2000-2fc6-11eb-8a65-227918fa15ea','2fbdb0ae-2fc7-11eb-ac51-227918fa15ea','2fbe7408-2fc7-11eb-ac51-227918fa15ea','sid-33868E85-5876-4712-9136-27C22F40C24D','2fc8fb5e-2fc7-11eb-ac51-227918fa15ea',NULL,'填单人确认','userTask',NULL,'2020-11-26 03:10:11.122','2020-11-26 03:10:11.167',3,45,NULL,''),
('2fc9979f-2fc7-11eb-ac51-227918fa15ea',1,'mes-requirement:3:b2bb2000-2fc6-11eb-8a65-227918fa15ea','2fbdb0ae-2fc7-11eb-ac51-227918fa15ea','2fbe7408-2fc7-11eb-ac51-227918fa15ea','sid-9D4E7218-A416-4E13-8129-6902D1CEDBD3',NULL,NULL,NULL,'sequenceFlow',NULL,'2020-11-26 03:10:11.168','2020-11-26 03:10:11.168',4,0,NULL,''),
('2fc9beb0-2fc7-11eb-ac51-227918fa15ea',1,'mes-requirement:3:b2bb2000-2fc6-11eb-8a65-227918fa15ea','2fbdb0ae-2fc7-11eb-ac51-227918fa15ea','2fbe7408-2fc7-11eb-ac51-227918fa15ea','sid-9E02A53C-8F0C-4B08-A7ED-46875520B424','2fc9beb1-2fc7-11eb-ac51-227918fa15ea',NULL,'提案部门主管','userTask',NULL,'2020-11-26 03:10:11.168',NULL,5,NULL,NULL,''),
('36e7ea29-2fb0-11eb-9226-227918fa15ea',1,'out-factory:12:0703936d-2fab-11eb-acf0-227918fa15ea','057d014c-2fb0-11eb-9226-227918fa15ea','0581bc44-2fb0-11eb-9226-227918fa15ea','sid-FB957372-CC09-424B-88F0-30C09C3C100F',NULL,NULL,NULL,'sequenceFlow',NULL,'2020-11-26 00:25:44.685','2020-11-26 00:25:44.685',2,0,NULL,''),
('36e7ea2a-2fb0-11eb-9226-227918fa15ea',1,'out-factory:12:0703936d-2fab-11eb-acf0-227918fa15ea','057d014c-2fb0-11eb-9226-227918fa15ea','0581bc44-2fb0-11eb-9226-227918fa15ea','sid-E086BDD7-66B2-409F-B18C-B682DD9172DB','36eddd9b-2fb0-11eb-9226-227918fa15ea',NULL,'申请人确认','userTask',NULL,'2020-11-26 00:25:44.685','2020-11-26 00:25:44.724',3,39,NULL,''),
('36eddd9c-2fb0-11eb-9226-227918fa15ea',1,'out-factory:12:0703936d-2fab-11eb-acf0-227918fa15ea','057d014c-2fb0-11eb-9226-227918fa15ea','0581bc44-2fb0-11eb-9226-227918fa15ea','sid-D2A7423F-91E0-430D-AA1A-09A1C246CA40',NULL,NULL,NULL,'sequenceFlow',NULL,'2020-11-26 00:25:44.724','2020-11-26 00:25:44.724',4,0,NULL,''),
('36eddd9d-2fb0-11eb-9226-227918fa15ea',1,'out-factory:12:0703936d-2fab-11eb-acf0-227918fa15ea','057d014c-2fb0-11eb-9226-227918fa15ea','0581bc44-2fb0-11eb-9226-227918fa15ea','sid-ABCBD09C-DB79-4EE8-BB28-96FEBAAFF175','36f04e9e-2fb0-11eb-9226-227918fa15ea',NULL,'主管审核','userTask','manager','2020-11-26 00:25:44.724',NULL,5,NULL,NULL,''),
('3b43120c-2e04-11eb-8e8e-227918fa15ea',1,'out-factory:6:6dda616e-2e03-11eb-8edb-227918fa15ea','3b4275c5-2e04-11eb-8e8e-227918fa15ea','3b43120b-2e04-11eb-8e8e-227918fa15ea','startEvent1',NULL,NULL,'填单','startEvent',NULL,'2020-11-23 21:22:07.393','2020-11-23 21:22:07.409',1,16,NULL,''),
('3b45830f-2e04-11eb-8e8e-227918fa15ea',1,'out-factory:6:6dda616e-2e03-11eb-8edb-227918fa15ea','3b4275c5-2e04-11eb-8e8e-227918fa15ea','3b43120b-2e04-11eb-8e8e-227918fa15ea','sid-FB957372-CC09-424B-88F0-30C09C3C100F',NULL,NULL,NULL,'sequenceFlow',NULL,'2020-11-23 21:22:07.409','2020-11-23 21:22:07.409',2,0,NULL,''),
('3b458310-2e04-11eb-8e8e-227918fa15ea',1,'out-factory:6:6dda616e-2e03-11eb-8edb-227918fa15ea','3b4275c5-2e04-11eb-8e8e-227918fa15ea','3b43120b-2e04-11eb-8e8e-227918fa15ea','sid-E086BDD7-66B2-409F-B18C-B682DD9172DB','3b4b7581-2e04-11eb-8e8e-227918fa15ea',NULL,'申请人确认','userTask','admin','2020-11-23 21:22:07.409',NULL,3,NULL,NULL,''),
('4bb64932-2f87-11eb-a96f-227918fa15ea',1,'out-factory:11:60901b2a-2f83-11eb-bdfc-227918fa15ea','90d9dc8e-2f83-11eb-bdfc-227918fa15ea','90d9dc94-2f83-11eb-bdfc-227918fa15ea','sid-D2A7423F-91E0-430D-AA1A-09A1C246CA40',NULL,NULL,NULL,'sequenceFlow',NULL,'2020-11-25 19:32:50.226','2020-11-25 19:32:50.226',1,0,NULL,''),
('4bb781b3-2f87-11eb-a96f-227918fa15ea',1,'out-factory:11:60901b2a-2f83-11eb-bdfc-227918fa15ea','90d9dc8e-2f83-11eb-bdfc-227918fa15ea','90d9dc94-2f83-11eb-bdfc-227918fa15ea','sid-ABCBD09C-DB79-4EE8-BB28-96FEBAAFF175','4bc73924-2f87-11eb-a96f-227918fa15ea',NULL,'主管审核','userTask',NULL,'2020-11-25 19:32:50.234',NULL,2,NULL,NULL,''),
('4cd436ed-2fc9-11eb-813b-227918fa15ea',1,'out-factory:13:788781b4-2fb3-11eb-a9f3-227918fa15ea','4cd3e8c4-2fc9-11eb-813b-227918fa15ea','4cd436ec-2fc9-11eb-813b-227918fa15ea','startEvent1',NULL,NULL,'填单','startEvent',NULL,'2020-11-26 03:25:18.884','2020-11-26 03:25:24.256',1,5372,NULL,''),
('5007eab1-2fc9-11eb-813b-227918fa15ea',1,'out-factory:13:788781b4-2fb3-11eb-a9f3-227918fa15ea','4cd3e8c4-2fc9-11eb-813b-227918fa15ea','4cd436ec-2fc9-11eb-813b-227918fa15ea','sid-FB957372-CC09-424B-88F0-30C09C3C100F',NULL,NULL,NULL,'sequenceFlow',NULL,'2020-11-26 03:25:24.256','2020-11-26 03:25:24.256',2,0,NULL,''),
('5007eab2-2fc9-11eb-813b-227918fa15ea',1,'out-factory:13:788781b4-2fb3-11eb-a9f3-227918fa15ea','4cd3e8c4-2fc9-11eb-813b-227918fa15ea','4cd436ec-2fc9-11eb-813b-227918fa15ea','sid-E086BDD7-66B2-409F-B18C-B682DD9172DB','5007eab3-2fc9-11eb-813b-227918fa15ea',NULL,'申请人确认','userTask',NULL,'2020-11-26 03:25:24.256','2020-11-26 03:25:24.256',3,0,NULL,''),
('5007eab4-2fc9-11eb-813b-227918fa15ea',1,'out-factory:13:788781b4-2fb3-11eb-a9f3-227918fa15ea','4cd3e8c4-2fc9-11eb-813b-227918fa15ea','4cd436ec-2fc9-11eb-813b-227918fa15ea','sid-D2A7423F-91E0-430D-AA1A-09A1C246CA40',NULL,NULL,NULL,'sequenceFlow',NULL,'2020-11-26 03:25:24.256','2020-11-26 03:25:24.256',4,0,NULL,''),
('5007eab5-2fc9-11eb-813b-227918fa15ea',1,'out-factory:13:788781b4-2fb3-11eb-a9f3-227918fa15ea','4cd3e8c4-2fc9-11eb-813b-227918fa15ea','4cd436ec-2fc9-11eb-813b-227918fa15ea','sid-ABCBD09C-DB79-4EE8-BB28-96FEBAAFF175','5009bf76-2fc9-11eb-813b-227918fa15ea',NULL,'主管审核','userTask','manager','2020-11-26 03:25:24.256',NULL,5,NULL,NULL,''),
('553ed1be-2f88-11eb-aa23-227918fa15ea',1,'out-factory:11:60901b2a-2f83-11eb-bdfc-227918fa15ea','553dc044-2f88-11eb-aa23-227918fa15ea','553ed1bd-2f88-11eb-aa23-227918fa15ea','startEvent1',NULL,NULL,'填单','startEvent',NULL,'2020-11-25 19:40:15.717','2020-11-25 19:40:15.727',1,10,NULL,''),
('5540cd91-2f88-11eb-aa23-227918fa15ea',1,'out-factory:11:60901b2a-2f83-11eb-bdfc-227918fa15ea','553dc044-2f88-11eb-aa23-227918fa15ea','553ed1bd-2f88-11eb-aa23-227918fa15ea','sid-FB957372-CC09-424B-88F0-30C09C3C100F',NULL,NULL,NULL,'sequenceFlow',NULL,'2020-11-25 19:40:15.730','2020-11-25 19:40:15.730',2,0,NULL,''),
('5540cd92-2f88-11eb-aa23-227918fa15ea',1,'out-factory:11:60901b2a-2f83-11eb-bdfc-227918fa15ea','553dc044-2f88-11eb-aa23-227918fa15ea','553ed1bd-2f88-11eb-aa23-227918fa15ea','sid-E086BDD7-66B2-409F-B18C-B682DD9172DB','55458883-2f88-11eb-aa23-227918fa15ea',NULL,'申请人确认','userTask',NULL,'2020-11-25 19:40:15.730','2020-11-25 19:40:15.762',3,32,NULL,''),
('5545af94-2f88-11eb-aa23-227918fa15ea',1,'out-factory:11:60901b2a-2f83-11eb-bdfc-227918fa15ea','553dc044-2f88-11eb-aa23-227918fa15ea','553ed1bd-2f88-11eb-aa23-227918fa15ea','sid-D2A7423F-91E0-430D-AA1A-09A1C246CA40',NULL,NULL,NULL,'sequenceFlow',NULL,'2020-11-25 19:40:15.762','2020-11-25 19:40:15.762',4,0,NULL,''),
('5545af95-2f88-11eb-aa23-227918fa15ea',1,'out-factory:11:60901b2a-2f83-11eb-bdfc-227918fa15ea','553dc044-2f88-11eb-aa23-227918fa15ea','553ed1bd-2f88-11eb-aa23-227918fa15ea','sid-ABCBD09C-DB79-4EE8-BB28-96FEBAAFF175','55470f26-2f88-11eb-aa23-227918fa15ea',NULL,'主管审核','userTask',NULL,'2020-11-25 19:40:15.762','2020-11-25 19:40:15.771',5,9,NULL,''),
('55470f27-2f88-11eb-aa23-227918fa15ea',1,'out-factory:11:60901b2a-2f83-11eb-bdfc-227918fa15ea','553dc044-2f88-11eb-aa23-227918fa15ea','553ed1bd-2f88-11eb-aa23-227918fa15ea','sid-C1DDC6AA-BE98-4CC6-AB71-8C8C99AEDC5C',NULL,NULL,NULL,'sequenceFlow',NULL,'2020-11-25 19:40:15.771','2020-11-25 19:40:15.771',6,0,NULL,''),
('55470f28-2f88-11eb-aa23-227918fa15ea',1,'out-factory:11:60901b2a-2f83-11eb-bdfc-227918fa15ea','553dc044-2f88-11eb-aa23-227918fa15ea','553ed1bd-2f88-11eb-aa23-227918fa15ea','sid-52A44D3B-7206-486E-8F26-58E536F8AFDB',NULL,NULL,'结束','endEvent',NULL,'2020-11-25 19:40:15.771','2020-11-25 19:40:15.774',7,3,NULL,''),
('5e582efb-2f87-11eb-a96f-227918fa15ea',1,'out-factory:9:9fcde22d-2e0b-11eb-b42b-227918fa15ea','f87e80cb-2e0b-11eb-b5e4-227918fa15ea','f87f6b34-2e0b-11eb-b5e4-227918fa15ea','sid-C1DDC6AA-BE98-4CC6-AB71-8C8C99AEDC5C',NULL,NULL,NULL,'sequenceFlow',NULL,'2020-11-25 19:33:21.486','2020-11-25 19:33:21.486',1,0,NULL,''),
('5e58560c-2f87-11eb-a96f-227918fa15ea',1,'out-factory:9:9fcde22d-2e0b-11eb-b42b-227918fa15ea','f87e80cb-2e0b-11eb-b5e4-227918fa15ea','f87f6b34-2e0b-11eb-b5e4-227918fa15ea','sid-52A44D3B-7206-486E-8F26-58E536F8AFDB',NULL,NULL,'结束','endEvent',NULL,'2020-11-25 19:33:21.487','2020-11-25 19:33:21.488',2,1,NULL,''),
('74cfbb0e-2fbc-11eb-924a-227918fa15ea',1,'mes-requirement:1:9ca6d000-2d55-11eb-b88c-227918fa15ea','74ced0a7-2fbc-11eb-924a-227918fa15ea','74cfbb0d-2fbc-11eb-924a-227918fa15ea','startEvent1',NULL,NULL,'填单','startEvent',NULL,'2020-11-26 01:53:22.506','2020-11-26 01:53:22.515',1,9,NULL,''),
('74d18fd1-2fbc-11eb-924a-227918fa15ea',1,'mes-requirement:1:9ca6d000-2d55-11eb-b88c-227918fa15ea','74ced0a7-2fbc-11eb-924a-227918fa15ea','74cfbb0d-2fbc-11eb-924a-227918fa15ea','sid-07BACF0C-406A-4E40-A1FC-00A0BC020C59',NULL,NULL,NULL,'sequenceFlow',NULL,'2020-11-26 01:53:22.518','2020-11-26 01:53:22.518',2,0,NULL,''),
('74d18fd2-2fbc-11eb-924a-227918fa15ea',1,'mes-requirement:1:9ca6d000-2d55-11eb-b88c-227918fa15ea','74ced0a7-2fbc-11eb-924a-227918fa15ea','74cfbb0d-2fbc-11eb-924a-227918fa15ea','sid-33868E85-5876-4712-9136-27C22F40C24D','74d5d593-2fbc-11eb-924a-227918fa15ea',NULL,'填单人确认','userTask',NULL,'2020-11-26 01:53:22.518',NULL,3,NULL,NULL,''),
('854b8924-2f93-11eb-9d05-227918fa15ea',2,'out-factory:11:60901b2a-2f83-11eb-bdfc-227918fa15ea','c44b3049-2f90-11eb-9d05-227918fa15ea','854b8923-2f93-11eb-9d05-227918fa15ea','sid-E086BDD7-66B2-409F-B18C-B682DD9172DB','854bfe55-2f93-11eb-9d05-227918fa15ea',NULL,'申请人确认','userTask','user','2020-11-25 21:00:20.795','2020-11-25 21:01:11.134',1,50339,NULL,''),
('870b62a3-2f88-11eb-aa23-227918fa15ea',1,'out-factory:11:60901b2a-2f83-11eb-bdfc-227918fa15ea','870b6299-2f88-11eb-aa23-227918fa15ea','870b62a2-2f88-11eb-aa23-227918fa15ea','startEvent1',NULL,NULL,'填单','startEvent',NULL,'2020-11-25 19:41:39.266','2020-11-25 19:41:39.267',1,1,NULL,''),
('870b89b6-2f88-11eb-aa23-227918fa15ea',1,'out-factory:11:60901b2a-2f83-11eb-bdfc-227918fa15ea','870b6299-2f88-11eb-aa23-227918fa15ea','870b62a2-2f88-11eb-aa23-227918fa15ea','sid-FB957372-CC09-424B-88F0-30C09C3C100F',NULL,NULL,NULL,'sequenceFlow',NULL,'2020-11-25 19:41:39.267','2020-11-25 19:41:39.267',2,0,NULL,''),
('870b89b7-2f88-11eb-aa23-227918fa15ea',1,'out-factory:11:60901b2a-2f83-11eb-bdfc-227918fa15ea','870b6299-2f88-11eb-aa23-227918fa15ea','870b62a2-2f88-11eb-aa23-227918fa15ea','sid-E086BDD7-66B2-409F-B18C-B682DD9172DB','870b89b8-2f88-11eb-aa23-227918fa15ea',NULL,'申请人确认','userTask',NULL,'2020-11-25 19:41:39.267','2020-11-25 19:41:39.267',3,0,NULL,''),
('870b89b9-2f88-11eb-aa23-227918fa15ea',1,'out-factory:11:60901b2a-2f83-11eb-bdfc-227918fa15ea','870b6299-2f88-11eb-aa23-227918fa15ea','870b62a2-2f88-11eb-aa23-227918fa15ea','sid-D2A7423F-91E0-430D-AA1A-09A1C246CA40',NULL,NULL,NULL,'sequenceFlow',NULL,'2020-11-25 19:41:39.267','2020-11-25 19:41:39.267',4,0,NULL,''),
('870b89ba-2f88-11eb-aa23-227918fa15ea',2,'out-factory:11:60901b2a-2f83-11eb-bdfc-227918fa15ea','870b6299-2f88-11eb-aa23-227918fa15ea','870b62a2-2f88-11eb-aa23-227918fa15ea','sid-ABCBD09C-DB79-4EE8-BB28-96FEBAAFF175','870b89bb-2f88-11eb-aa23-227918fa15ea',NULL,'主管审核','userTask','manager','2020-11-25 19:41:39.267','2020-11-25 19:42:11.875',5,32608,'Change activity to sid-E086BDD7-66B2-409F-B18C-B682DD9172DB',''),
('8b1357ef-2fc7-11eb-b181-227918fa15ea',1,'mes-requirement:3:b2bb2000-2fc6-11eb-8a65-227918fa15ea','8b124674-2fc7-11eb-b181-227918fa15ea','8b1357ee-2fc7-11eb-b181-227918fa15ea','startEvent1',NULL,NULL,'填单','startEvent',NULL,'2020-11-26 03:12:44.323','2020-11-26 03:12:44.346',1,23,NULL,''),
('8b172882-2fc7-11eb-b181-227918fa15ea',1,'mes-requirement:3:b2bb2000-2fc6-11eb-8a65-227918fa15ea','8b124674-2fc7-11eb-b181-227918fa15ea','8b1357ee-2fc7-11eb-b181-227918fa15ea','sid-07BACF0C-406A-4E40-A1FC-00A0BC020C59',NULL,NULL,NULL,'sequenceFlow',NULL,'2020-11-26 03:12:44.348','2020-11-26 03:12:44.348',2,0,NULL,''),
('8b172883-2fc7-11eb-b181-227918fa15ea',1,'mes-requirement:3:b2bb2000-2fc6-11eb-8a65-227918fa15ea','8b124674-2fc7-11eb-b181-227918fa15ea','8b1357ee-2fc7-11eb-b181-227918fa15ea','sid-33868E85-5876-4712-9136-27C22F40C24D','8b1b9554-2fc7-11eb-b181-227918fa15ea',NULL,'填单人确认','userTask',NULL,'2020-11-26 03:12:44.348','2020-11-26 03:12:44.378',3,30,NULL,''),
('8b1bbc65-2fc7-11eb-b181-227918fa15ea',1,'mes-requirement:3:b2bb2000-2fc6-11eb-8a65-227918fa15ea','8b124674-2fc7-11eb-b181-227918fa15ea','8b1357ee-2fc7-11eb-b181-227918fa15ea','sid-9D4E7218-A416-4E13-8129-6902D1CEDBD3',NULL,NULL,NULL,'sequenceFlow',NULL,'2020-11-26 03:12:44.378','2020-11-26 03:12:44.378',4,0,NULL,''),
('8b1bbc66-2fc7-11eb-b181-227918fa15ea',1,'mes-requirement:3:b2bb2000-2fc6-11eb-8a65-227918fa15ea','8b124674-2fc7-11eb-b181-227918fa15ea','8b1357ee-2fc7-11eb-b181-227918fa15ea','sid-9E02A53C-8F0C-4B08-A7ED-46875520B424','8b1bbc67-2fc7-11eb-b181-227918fa15ea',NULL,'提案部门主管','userTask',NULL,'2020-11-26 03:12:44.378',NULL,5,NULL,NULL,''),
('90d9dc95-2f83-11eb-bdfc-227918fa15ea',1,'out-factory:11:60901b2a-2f83-11eb-bdfc-227918fa15ea','90d9dc8e-2f83-11eb-bdfc-227918fa15ea','90d9dc94-2f83-11eb-bdfc-227918fa15ea','startEvent1',NULL,NULL,'填单','startEvent',NULL,'2020-11-25 19:06:08.235','2020-11-25 19:06:08.235',1,0,NULL,''),
('90d9dc98-2f83-11eb-bdfc-227918fa15ea',1,'out-factory:11:60901b2a-2f83-11eb-bdfc-227918fa15ea','90d9dc8e-2f83-11eb-bdfc-227918fa15ea','90d9dc94-2f83-11eb-bdfc-227918fa15ea','sid-FB957372-CC09-424B-88F0-30C09C3C100F',NULL,NULL,NULL,'sequenceFlow',NULL,'2020-11-25 19:06:08.235','2020-11-25 19:06:08.235',2,0,NULL,''),
('90d9dc99-2f83-11eb-bdfc-227918fa15ea',2,'out-factory:11:60901b2a-2f83-11eb-bdfc-227918fa15ea','90d9dc8e-2f83-11eb-bdfc-227918fa15ea','90d9dc94-2f83-11eb-bdfc-227918fa15ea','sid-E086BDD7-66B2-409F-B18C-B682DD9172DB','90d9dc9a-2f83-11eb-bdfc-227918fa15ea',NULL,'申请人确认','userTask','manager','2020-11-25 19:06:08.235','2020-11-25 19:32:50.203',3,1601968,NULL,''),
('95bca6c3-2fca-11eb-97fd-227918fa15ea',1,'mes-requirement:3:b2bb2000-2fc6-11eb-8a65-227918fa15ea','95bb6f38-2fca-11eb-97fd-227918fa15ea','95bca6c2-2fca-11eb-97fd-227918fa15ea','startEvent1',NULL,NULL,'填单','startEvent',NULL,'2020-11-26 03:34:30.700','2020-11-26 03:34:30.731',1,31,NULL,''),
('95c1d6e6-2fca-11eb-97fd-227918fa15ea',1,'mes-requirement:3:b2bb2000-2fc6-11eb-8a65-227918fa15ea','95bb6f38-2fca-11eb-97fd-227918fa15ea','95bca6c2-2fca-11eb-97fd-227918fa15ea','sid-07BACF0C-406A-4E40-A1FC-00A0BC020C59',NULL,NULL,NULL,'sequenceFlow',NULL,'2020-11-26 03:34:30.734','2020-11-26 03:34:30.734',2,0,NULL,''),
('95c1d6e7-2fca-11eb-97fd-227918fa15ea',1,'mes-requirement:3:b2bb2000-2fc6-11eb-8a65-227918fa15ea','95bb6f38-2fca-11eb-97fd-227918fa15ea','95bca6c2-2fca-11eb-97fd-227918fa15ea','sid-33868E85-5876-4712-9136-27C22F40C24D','95c86698-2fca-11eb-97fd-227918fa15ea',NULL,'填单人确认','userTask',NULL,'2020-11-26 03:34:30.734','2020-11-26 03:34:30.779',3,45,NULL,''),
('95c8b4b9-2fca-11eb-97fd-227918fa15ea',1,'mes-requirement:3:b2bb2000-2fc6-11eb-8a65-227918fa15ea','95bb6f38-2fca-11eb-97fd-227918fa15ea','95bca6c2-2fca-11eb-97fd-227918fa15ea','sid-9D4E7218-A416-4E13-8129-6902D1CEDBD3',NULL,NULL,NULL,'sequenceFlow',NULL,'2020-11-26 03:34:30.779','2020-11-26 03:34:30.779',4,0,NULL,''),
('95c8b4ba-2fca-11eb-97fd-227918fa15ea',1,'mes-requirement:3:b2bb2000-2fc6-11eb-8a65-227918fa15ea','95bb6f38-2fca-11eb-97fd-227918fa15ea','95bca6c2-2fca-11eb-97fd-227918fa15ea','sid-9E02A53C-8F0C-4B08-A7ED-46875520B424','95c8dbcb-2fca-11eb-97fd-227918fa15ea',NULL,'提案部门主管','userTask',NULL,'2020-11-26 03:34:30.779',NULL,5,NULL,NULL,''),
('96516400-2f8e-11eb-a740-227918fa15ea',1,'out-factory:11:60901b2a-2f83-11eb-bdfc-227918fa15ea','870b6299-2f88-11eb-aa23-227918fa15ea','9a7c3132-2f88-11eb-aa23-227918fa15ea','sid-D2A7423F-91E0-430D-AA1A-09A1C246CA40',NULL,NULL,NULL,'sequenceFlow',NULL,'2020-11-25 20:25:01.875','2020-11-25 20:25:01.875',1,0,NULL,''),
('96529c81-2f8e-11eb-a740-227918fa15ea',2,'out-factory:11:60901b2a-2f83-11eb-bdfc-227918fa15ea','870b6299-2f88-11eb-aa23-227918fa15ea','9a7c3132-2f88-11eb-aa23-227918fa15ea','sid-ABCBD09C-DB79-4EE8-BB28-96FEBAAFF175','966ba2c2-2f8e-11eb-a740-227918fa15ea',NULL,'主管审核','userTask','manager','2020-11-25 20:25:01.879','2020-11-25 20:25:36.396',2,34517,NULL,''),
('9a7c3133-2f88-11eb-aa23-227918fa15ea',2,'out-factory:11:60901b2a-2f83-11eb-bdfc-227918fa15ea','870b6299-2f88-11eb-aa23-227918fa15ea','9a7c3132-2f88-11eb-aa23-227918fa15ea','sid-E086BDD7-66B2-409F-B18C-B682DD9172DB','9a7ccd74-2f88-11eb-aa23-227918fa15ea',NULL,'申请人确认','userTask','user','2020-11-25 19:42:11.882','2020-11-25 20:25:01.848',1,2569966,NULL,''),
('a34ccf6b-2f93-11eb-9d05-227918fa15ea',1,'out-factory:11:60901b2a-2f83-11eb-bdfc-227918fa15ea','c44b3049-2f90-11eb-9d05-227918fa15ea','854b8923-2f93-11eb-9d05-227918fa15ea','sid-D2A7423F-91E0-430D-AA1A-09A1C246CA40',NULL,NULL,NULL,'sequenceFlow',NULL,'2020-11-25 21:01:11.135','2020-11-25 21:01:11.135',1,0,NULL,''),
('a34cf67c-2f93-11eb-9d05-227918fa15ea',2,'out-factory:11:60901b2a-2f83-11eb-bdfc-227918fa15ea','c44b3049-2f90-11eb-9d05-227918fa15ea','854b8923-2f93-11eb-9d05-227918fa15ea','sid-ABCBD09C-DB79-4EE8-BB28-96FEBAAFF175','a34cf67d-2f93-11eb-9d05-227918fa15ea',NULL,'主管审核','userTask','manager','2020-11-25 21:01:11.136','2020-11-25 21:01:30.917',2,19781,NULL,''),
('a43f984c-2e04-11eb-b39c-227918fa15ea',1,'out-factory:6:6dda616e-2e03-11eb-8edb-227918fa15ea','a43e38b5-2e04-11eb-b39c-227918fa15ea','a43f713b-2e04-11eb-b39c-227918fa15ea','startEvent1',NULL,NULL,'填单','startEvent',NULL,'2020-11-23 21:25:03.531','2020-11-23 21:25:03.544',1,13,NULL,''),
('a442094f-2e04-11eb-b39c-227918fa15ea',1,'out-factory:6:6dda616e-2e03-11eb-8edb-227918fa15ea','a43e38b5-2e04-11eb-b39c-227918fa15ea','a43f713b-2e04-11eb-b39c-227918fa15ea','sid-FB957372-CC09-424B-88F0-30C09C3C100F',NULL,NULL,NULL,'sequenceFlow',NULL,'2020-11-23 21:25:03.547','2020-11-23 21:25:03.547',2,0,NULL,''),
('a4420950-2e04-11eb-b39c-227918fa15ea',1,'out-factory:6:6dda616e-2e03-11eb-8edb-227918fa15ea','a43e38b5-2e04-11eb-b39c-227918fa15ea','a43f713b-2e04-11eb-b39c-227918fa15ea','sid-E086BDD7-66B2-409F-B18C-B682DD9172DB','a44ae2f1-2e04-11eb-b39c-227918fa15ea',NULL,'申请人确认','userTask','admin','2020-11-23 21:25:03.547',NULL,3,NULL,NULL,''),
('aae57cda-2f8e-11eb-a740-227918fa15ea',1,'out-factory:11:60901b2a-2f83-11eb-bdfc-227918fa15ea','870b6299-2f88-11eb-aa23-227918fa15ea','9a7c3132-2f88-11eb-aa23-227918fa15ea','sid-C1DDC6AA-BE98-4CC6-AB71-8C8C99AEDC5C',NULL,NULL,NULL,'sequenceFlow',NULL,'2020-11-25 20:25:36.396','2020-11-25 20:25:36.396',1,0,NULL,''),
('aae57cdb-2f8e-11eb-a740-227918fa15ea',1,'out-factory:11:60901b2a-2f83-11eb-bdfc-227918fa15ea','870b6299-2f88-11eb-aa23-227918fa15ea','9a7c3132-2f88-11eb-aa23-227918fa15ea','sid-52A44D3B-7206-486E-8F26-58E536F8AFDB',NULL,NULL,'结束','endEvent',NULL,'2020-11-25 20:25:36.396','2020-11-25 20:25:36.400',2,4,NULL,''),
('af1774e5-2f93-11eb-9d05-227918fa15ea',1,'out-factory:11:60901b2a-2f83-11eb-bdfc-227918fa15ea','c44b3049-2f90-11eb-9d05-227918fa15ea','854b8923-2f93-11eb-9d05-227918fa15ea','sid-C1DDC6AA-BE98-4CC6-AB71-8C8C99AEDC5C',NULL,NULL,NULL,'sequenceFlow',NULL,'2020-11-25 21:01:30.918','2020-11-25 21:01:30.918',1,0,NULL,''),
('af17c306-2f93-11eb-9d05-227918fa15ea',1,'out-factory:11:60901b2a-2f83-11eb-bdfc-227918fa15ea','c44b3049-2f90-11eb-9d05-227918fa15ea','854b8923-2f93-11eb-9d05-227918fa15ea','sid-52A44D3B-7206-486E-8F26-58E536F8AFDB',NULL,NULL,'结束','endEvent',NULL,'2020-11-25 21:01:30.920','2020-11-25 21:01:30.922',2,2,NULL,''),
('c44c68d3-2f90-11eb-9d05-227918fa15ea',1,'out-factory:11:60901b2a-2f83-11eb-bdfc-227918fa15ea','c44b3049-2f90-11eb-9d05-227918fa15ea','c44c68d2-2f90-11eb-9d05-227918fa15ea','startEvent1',NULL,NULL,'填单','startEvent',NULL,'2020-11-25 20:40:38.007','2020-11-25 20:40:38.019',1,12,NULL,''),
('c44ed9d6-2f90-11eb-9d05-227918fa15ea',1,'out-factory:11:60901b2a-2f83-11eb-bdfc-227918fa15ea','c44b3049-2f90-11eb-9d05-227918fa15ea','c44c68d2-2f90-11eb-9d05-227918fa15ea','sid-FB957372-CC09-424B-88F0-30C09C3C100F',NULL,NULL,NULL,'sequenceFlow',NULL,'2020-11-25 20:40:38.023','2020-11-25 20:40:38.023',2,0,NULL,''),
('c44ed9d7-2f90-11eb-9d05-227918fa15ea',1,'out-factory:11:60901b2a-2f83-11eb-bdfc-227918fa15ea','c44b3049-2f90-11eb-9d05-227918fa15ea','c44c68d2-2f90-11eb-9d05-227918fa15ea','sid-E086BDD7-66B2-409F-B18C-B682DD9172DB','c452f888-2f90-11eb-9d05-227918fa15ea',NULL,'申请人确认','userTask',NULL,'2020-11-25 20:40:38.023','2020-11-25 20:40:38.054',3,31,NULL,''),
('c45394c9-2f90-11eb-9d05-227918fa15ea',1,'out-factory:11:60901b2a-2f83-11eb-bdfc-227918fa15ea','c44b3049-2f90-11eb-9d05-227918fa15ea','c44c68d2-2f90-11eb-9d05-227918fa15ea','sid-D2A7423F-91E0-430D-AA1A-09A1C246CA40',NULL,NULL,NULL,'sequenceFlow',NULL,'2020-11-25 20:40:38.054','2020-11-25 20:40:38.054',4,0,NULL,''),
('c45394ca-2f90-11eb-9d05-227918fa15ea',2,'out-factory:11:60901b2a-2f83-11eb-bdfc-227918fa15ea','c44b3049-2f90-11eb-9d05-227918fa15ea','c44c68d2-2f90-11eb-9d05-227918fa15ea','sid-ABCBD09C-DB79-4EE8-BB28-96FEBAAFF175','c454cd4b-2f90-11eb-9d05-227918fa15ea',NULL,'主管审核','userTask','manager','2020-11-25 20:40:38.054','2020-11-25 21:00:20.788',5,1182734,'Change activity to sid-E086BDD7-66B2-409F-B18C-B682DD9172DB',''),
('cabc9310-2fc9-11eb-8ad3-227918fa15ea',1,'mes-requirement:3:b2bb2000-2fc6-11eb-8a65-227918fa15ea','cabb3375-2fc9-11eb-8ad3-227918fa15ea','cabc6bff-2fc9-11eb-8ad3-227918fa15ea','startEvent1',NULL,NULL,'填单','startEvent',NULL,'2020-11-26 03:28:50.122','2020-11-26 03:28:50.148',1,26,NULL,''),
('cac0ffe3-2fc9-11eb-8ad3-227918fa15ea',1,'mes-requirement:3:b2bb2000-2fc6-11eb-8a65-227918fa15ea','cabb3375-2fc9-11eb-8ad3-227918fa15ea','cabc6bff-2fc9-11eb-8ad3-227918fa15ea','sid-07BACF0C-406A-4E40-A1FC-00A0BC020C59',NULL,NULL,NULL,'sequenceFlow',NULL,'2020-11-26 03:28:50.151','2020-11-26 03:28:50.151',2,0,NULL,''),
('cac0ffe4-2fc9-11eb-8ad3-227918fa15ea',1,'mes-requirement:3:b2bb2000-2fc6-11eb-8a65-227918fa15ea','cabb3375-2fc9-11eb-8ad3-227918fa15ea','cabc6bff-2fc9-11eb-8ad3-227918fa15ea','sid-33868E85-5876-4712-9136-27C22F40C24D','cac593c5-2fc9-11eb-8ad3-227918fa15ea',NULL,'填单人确认','userTask',NULL,'2020-11-26 03:28:50.151','2020-11-26 03:28:50.183',3,32,NULL,''),
('cac5e1e6-2fc9-11eb-8ad3-227918fa15ea',1,'mes-requirement:3:b2bb2000-2fc6-11eb-8a65-227918fa15ea','cabb3375-2fc9-11eb-8ad3-227918fa15ea','cabc6bff-2fc9-11eb-8ad3-227918fa15ea','sid-9D4E7218-A416-4E13-8129-6902D1CEDBD3',NULL,NULL,NULL,'sequenceFlow',NULL,'2020-11-26 03:28:50.183','2020-11-26 03:28:50.183',4,0,NULL,''),
('cac5e1e7-2fc9-11eb-8ad3-227918fa15ea',1,'mes-requirement:3:b2bb2000-2fc6-11eb-8a65-227918fa15ea','cabb3375-2fc9-11eb-8ad3-227918fa15ea','cabc6bff-2fc9-11eb-8ad3-227918fa15ea','sid-9E02A53C-8F0C-4B08-A7ED-46875520B424','cac5e1e8-2fc9-11eb-8ad3-227918fa15ea',NULL,'提案部门主管','userTask',NULL,'2020-11-26 03:28:50.183',NULL,5,NULL,NULL,''),
('df3615e5-2ef9-11eb-aabd-227918fa15ea',1,'out-factory:9:9fcde22d-2e0b-11eb-b42b-227918fa15ea','df35046b-2ef9-11eb-aabd-227918fa15ea','df3615e4-2ef9-11eb-aabd-227918fa15ea','startEvent1',NULL,NULL,'填单','startEvent',NULL,'2020-11-25 02:40:29.153','2020-11-25 02:40:29.163',1,10,NULL,''),
('df37eaa8-2ef9-11eb-aabd-227918fa15ea',1,'out-factory:9:9fcde22d-2e0b-11eb-b42b-227918fa15ea','df35046b-2ef9-11eb-aabd-227918fa15ea','df3615e4-2ef9-11eb-aabd-227918fa15ea','sid-FB957372-CC09-424B-88F0-30C09C3C100F',NULL,NULL,NULL,'sequenceFlow',NULL,'2020-11-25 02:40:29.166','2020-11-25 02:40:29.166',2,0,NULL,''),
('df3811b9-2ef9-11eb-aabd-227918fa15ea',1,'out-factory:9:9fcde22d-2e0b-11eb-b42b-227918fa15ea','df35046b-2ef9-11eb-aabd-227918fa15ea','df3615e4-2ef9-11eb-aabd-227918fa15ea','sid-E086BDD7-66B2-409F-B18C-B682DD9172DB','df3db70a-2ef9-11eb-aabd-227918fa15ea',NULL,'申请人确认','userTask',NULL,'2020-11-25 02:40:29.166','2020-11-25 02:40:29.205',3,39,NULL,''),
('df3e052b-2ef9-11eb-aabd-227918fa15ea',1,'out-factory:9:9fcde22d-2e0b-11eb-b42b-227918fa15ea','df35046b-2ef9-11eb-aabd-227918fa15ea','df3615e4-2ef9-11eb-aabd-227918fa15ea','sid-D2A7423F-91E0-430D-AA1A-09A1C246CA40',NULL,NULL,NULL,'sequenceFlow',NULL,'2020-11-25 02:40:29.205','2020-11-25 02:40:29.205',4,0,NULL,''),
('df3e052c-2ef9-11eb-aabd-227918fa15ea',2,'out-factory:9:9fcde22d-2e0b-11eb-b42b-227918fa15ea','df35046b-2ef9-11eb-aabd-227918fa15ea','df3615e4-2ef9-11eb-aabd-227918fa15ea','sid-ABCBD09C-DB79-4EE8-BB28-96FEBAAFF175','df3e2c3d-2ef9-11eb-aabd-227918fa15ea',NULL,'主管审核','userTask','manager','2020-11-25 02:40:29.205','2020-11-25 18:54:04.906',5,58415701,NULL,''),
('e1b7d5cc-2f81-11eb-bdfc-227918fa15ea',1,'out-factory:9:9fcde22d-2e0b-11eb-b42b-227918fa15ea','df35046b-2ef9-11eb-aabd-227918fa15ea','df3615e4-2ef9-11eb-aabd-227918fa15ea','sid-C1DDC6AA-BE98-4CC6-AB71-8C8C99AEDC5C',NULL,NULL,NULL,'sequenceFlow',NULL,'2020-11-25 18:54:04.914','2020-11-25 18:54:04.914',1,0,NULL,''),
('e1b7d5cd-2f81-11eb-bdfc-227918fa15ea',1,'out-factory:9:9fcde22d-2e0b-11eb-b42b-227918fa15ea','df35046b-2ef9-11eb-aabd-227918fa15ea','df3615e4-2ef9-11eb-aabd-227918fa15ea','sid-52A44D3B-7206-486E-8F26-58E536F8AFDB',NULL,NULL,'结束','endEvent',NULL,'2020-11-25 18:54:04.914','2020-11-25 18:54:04.918',2,4,NULL,''),
('e25a7407-2fca-11eb-8fff-227918fa15ea',1,'mes-requirement:3:b2bb2000-2fc6-11eb-8a65-227918fa15ea','e255b90c-2fca-11eb-8fff-227918fa15ea','e25a7406-2fca-11eb-8fff-227918fa15ea','startEvent1',NULL,NULL,'填单','startEvent',NULL,'2020-11-26 03:36:39.241','2020-11-26 03:37:01.978',1,22737,NULL,''),
('e8ec1c6f-2fc6-11eb-8a65-227918fa15ea',1,'mes-requirement:2:0842502a-2fbd-11eb-924a-227918fa15ea','e8eb3204-2fc6-11eb-8a65-227918fa15ea','e8ec1c6e-2fc6-11eb-8a65-227918fa15ea','startEvent1',NULL,NULL,'填单','startEvent',NULL,'2020-11-26 03:08:12.275','2020-11-26 03:08:12.298',1,23,NULL,''),
('e8f01412-2fc6-11eb-8a65-227918fa15ea',1,'mes-requirement:2:0842502a-2fbd-11eb-924a-227918fa15ea','e8eb3204-2fc6-11eb-8a65-227918fa15ea','e8ec1c6e-2fc6-11eb-8a65-227918fa15ea','sid-07BACF0C-406A-4E40-A1FC-00A0BC020C59',NULL,NULL,NULL,'sequenceFlow',NULL,'2020-11-26 03:08:12.301','2020-11-26 03:08:12.301',2,0,NULL,''),
('e8f01413-2fc6-11eb-8a65-227918fa15ea',1,'mes-requirement:2:0842502a-2fbd-11eb-924a-227918fa15ea','e8eb3204-2fc6-11eb-8a65-227918fa15ea','e8ec1c6e-2fc6-11eb-8a65-227918fa15ea','sid-33868E85-5876-4712-9136-27C22F40C24D','e8f4f614-2fc6-11eb-8a65-227918fa15ea',NULL,'填单人确认','userTask',NULL,'2020-11-26 03:08:12.301','2020-11-26 03:08:12.334',3,33,NULL,''),
('e8f51d25-2fc6-11eb-8a65-227918fa15ea',1,'mes-requirement:2:0842502a-2fbd-11eb-924a-227918fa15ea','e8eb3204-2fc6-11eb-8a65-227918fa15ea','e8ec1c6e-2fc6-11eb-8a65-227918fa15ea','sid-9D4E7218-A416-4E13-8129-6902D1CEDBD3',NULL,NULL,NULL,'sequenceFlow',NULL,'2020-11-26 03:08:12.334','2020-11-26 03:08:12.334',4,0,NULL,''),
('e8f51d26-2fc6-11eb-8a65-227918fa15ea',1,'mes-requirement:2:0842502a-2fbd-11eb-924a-227918fa15ea','e8eb3204-2fc6-11eb-8a65-227918fa15ea','e8ec1c6e-2fc6-11eb-8a65-227918fa15ea','sid-9E02A53C-8F0C-4B08-A7ED-46875520B424','e8f51d27-2fc6-11eb-8a65-227918fa15ea',NULL,'提案部门主管','userTask',NULL,'2020-11-26 03:08:12.334',NULL,5,NULL,NULL,''),
('ea53ce8b-2fbc-11eb-924a-227918fa15ea',1,'mes-requirement:1:9ca6d000-2d55-11eb-b88c-227918fa15ea','ea533244-2fbc-11eb-924a-227918fa15ea','ea53ce8a-2fbc-11eb-924a-227918fa15ea','startEvent1',NULL,NULL,'填单','startEvent',NULL,'2020-11-26 01:56:39.666','2020-11-26 01:56:39.667',1,1,NULL,''),
('ea541cae-2fbc-11eb-924a-227918fa15ea',1,'mes-requirement:1:9ca6d000-2d55-11eb-b88c-227918fa15ea','ea533244-2fbc-11eb-924a-227918fa15ea','ea53ce8a-2fbc-11eb-924a-227918fa15ea','sid-07BACF0C-406A-4E40-A1FC-00A0BC020C59',NULL,NULL,NULL,'sequenceFlow',NULL,'2020-11-26 01:56:39.667','2020-11-26 01:56:39.667',2,0,NULL,''),
('ea5443bf-2fbc-11eb-924a-227918fa15ea',1,'mes-requirement:1:9ca6d000-2d55-11eb-b88c-227918fa15ea','ea533244-2fbc-11eb-924a-227918fa15ea','ea53ce8a-2fbc-11eb-924a-227918fa15ea','sid-33868E85-5876-4712-9136-27C22F40C24D','ea5443c0-2fbc-11eb-924a-227918fa15ea',NULL,'填单人确认','userTask',NULL,'2020-11-26 01:56:39.668',NULL,3,NULL,NULL,''),
('efe84d50-2fca-11eb-8fff-227918fa15ea',1,'mes-requirement:3:b2bb2000-2fc6-11eb-8a65-227918fa15ea','e255b90c-2fca-11eb-8fff-227918fa15ea','e25a7406-2fca-11eb-8fff-227918fa15ea','sid-07BACF0C-406A-4E40-A1FC-00A0BC020C59',NULL,NULL,NULL,'sequenceFlow',NULL,'2020-11-26 03:37:01.981','2020-11-26 03:37:01.981',2,0,NULL,''),
('efe84d51-2fca-11eb-8fff-227918fa15ea',1,'mes-requirement:3:b2bb2000-2fc6-11eb-8a65-227918fa15ea','e255b90c-2fca-11eb-8fff-227918fa15ea','e25a7406-2fca-11eb-8fff-227918fa15ea','sid-33868E85-5876-4712-9136-27C22F40C24D','efef5232-2fca-11eb-8fff-227918fa15ea',NULL,'填单人确认','userTask',NULL,'2020-11-26 03:37:01.981','2020-11-26 03:37:02.028',3,47,NULL,''),
('efef7943-2fca-11eb-8fff-227918fa15ea',1,'mes-requirement:3:b2bb2000-2fc6-11eb-8a65-227918fa15ea','e255b90c-2fca-11eb-8fff-227918fa15ea','e25a7406-2fca-11eb-8fff-227918fa15ea','sid-9D4E7218-A416-4E13-8129-6902D1CEDBD3',NULL,NULL,NULL,'sequenceFlow',NULL,'2020-11-26 03:37:02.028','2020-11-26 03:37:02.028',4,0,NULL,''),
('efefa054-2fca-11eb-8fff-227918fa15ea',1,'mes-requirement:3:b2bb2000-2fc6-11eb-8a65-227918fa15ea','e255b90c-2fca-11eb-8fff-227918fa15ea','e25a7406-2fca-11eb-8fff-227918fa15ea','sid-9E02A53C-8F0C-4B08-A7ED-46875520B424','efefa055-2fca-11eb-8fff-227918fa15ea',NULL,'提案部门主管','userTask',NULL,'2020-11-26 03:37:02.029',NULL,5,NULL,NULL,''),
('f260e631-2e06-11eb-bbd8-227918fa15ea',1,'out-factory:7:78a9fdfc-2e06-11eb-84ba-227918fa15ea','f25f869a-2e06-11eb-bbd8-227918fa15ea','f260e630-2e06-11eb-bbd8-227918fa15ea','startEvent1',NULL,NULL,'填单','startEvent',NULL,'2020-11-23 21:41:33.606','2020-11-23 21:41:33.617',1,11,NULL,''),
('f2637e44-2e06-11eb-bbd8-227918fa15ea',1,'out-factory:7:78a9fdfc-2e06-11eb-84ba-227918fa15ea','f25f869a-2e06-11eb-bbd8-227918fa15ea','f260e630-2e06-11eb-bbd8-227918fa15ea','sid-FB957372-CC09-424B-88F0-30C09C3C100F',NULL,NULL,NULL,'sequenceFlow',NULL,'2020-11-23 21:41:33.622','2020-11-23 21:41:33.622',2,0,NULL,''),
('f2637e45-2e06-11eb-bbd8-227918fa15ea',1,'out-factory:7:78a9fdfc-2e06-11eb-84ba-227918fa15ea','f25f869a-2e06-11eb-bbd8-227918fa15ea','f260e630-2e06-11eb-bbd8-227918fa15ea','sid-E086BDD7-66B2-409F-B18C-B682DD9172DB','f2692396-2e06-11eb-bbd8-227918fa15ea',NULL,'申请人确认','userTask','admin','2020-11-23 21:41:33.622',NULL,3,NULL,NULL,''),
('f7aac2fb-2fc8-11eb-813b-227918fa15ea',1,'mes-requirement:3:b2bb2000-2fc6-11eb-8a65-227918fa15ea','f7a9b180-2fc8-11eb-813b-227918fa15ea','f7aa9bea-2fc8-11eb-813b-227918fa15ea','startEvent1',NULL,NULL,'填单','startEvent',NULL,'2020-11-26 03:22:56.006','2020-11-26 03:22:56.028',1,22,NULL,''),
('f7ae938e-2fc8-11eb-813b-227918fa15ea',1,'mes-requirement:3:b2bb2000-2fc6-11eb-8a65-227918fa15ea','f7a9b180-2fc8-11eb-813b-227918fa15ea','f7aa9bea-2fc8-11eb-813b-227918fa15ea','sid-07BACF0C-406A-4E40-A1FC-00A0BC020C59',NULL,NULL,NULL,'sequenceFlow',NULL,'2020-11-26 03:22:56.031','2020-11-26 03:22:56.031',2,0,NULL,''),
('f7ae938f-2fc8-11eb-813b-227918fa15ea',1,'mes-requirement:3:b2bb2000-2fc6-11eb-8a65-227918fa15ea','f7a9b180-2fc8-11eb-813b-227918fa15ea','f7aa9bea-2fc8-11eb-813b-227918fa15ea','sid-33868E85-5876-4712-9136-27C22F40C24D','f7b2d950-2fc8-11eb-813b-227918fa15ea',NULL,'填单人确认','userTask',NULL,'2020-11-26 03:22:56.031','2020-11-26 03:22:56.060',3,29,NULL,''),
('f7b30061-2fc8-11eb-813b-227918fa15ea',1,'mes-requirement:3:b2bb2000-2fc6-11eb-8a65-227918fa15ea','f7a9b180-2fc8-11eb-813b-227918fa15ea','f7aa9bea-2fc8-11eb-813b-227918fa15ea','sid-9D4E7218-A416-4E13-8129-6902D1CEDBD3',NULL,NULL,NULL,'sequenceFlow',NULL,'2020-11-26 03:22:56.060','2020-11-26 03:22:56.060',4,0,NULL,''),
('f7b30062-2fc8-11eb-813b-227918fa15ea',1,'mes-requirement:3:b2bb2000-2fc6-11eb-8a65-227918fa15ea','f7a9b180-2fc8-11eb-813b-227918fa15ea','f7aa9bea-2fc8-11eb-813b-227918fa15ea','sid-9E02A53C-8F0C-4B08-A7ED-46875520B424','f7b30063-2fc8-11eb-813b-227918fa15ea',NULL,'提案部门主管','userTask',NULL,'2020-11-26 03:22:56.060',NULL,5,NULL,NULL,''),
('f87f6b35-2e0b-11eb-b5e4-227918fa15ea',1,'out-factory:9:9fcde22d-2e0b-11eb-b42b-227918fa15ea','f87e80cb-2e0b-11eb-b5e4-227918fa15ea','f87f6b34-2e0b-11eb-b5e4-227918fa15ea','startEvent1',NULL,NULL,'填单','startEvent',NULL,'2020-11-23 22:17:31.355','2020-11-23 22:17:31.368',1,13,NULL,''),
('f881b528-2e0b-11eb-b5e4-227918fa15ea',1,'out-factory:9:9fcde22d-2e0b-11eb-b42b-227918fa15ea','f87e80cb-2e0b-11eb-b5e4-227918fa15ea','f87f6b34-2e0b-11eb-b5e4-227918fa15ea','sid-FB957372-CC09-424B-88F0-30C09C3C100F',NULL,NULL,NULL,'sequenceFlow',NULL,'2020-11-23 22:17:31.370','2020-11-23 22:17:31.370',2,0,NULL,''),
('f881b529-2e0b-11eb-b5e4-227918fa15ea',1,'out-factory:9:9fcde22d-2e0b-11eb-b42b-227918fa15ea','f87e80cb-2e0b-11eb-b5e4-227918fa15ea','f87f6b34-2e0b-11eb-b5e4-227918fa15ea','sid-E086BDD7-66B2-409F-B18C-B682DD9172DB','f885d3da-2e0b-11eb-b5e4-227918fa15ea',NULL,'申请人确认','userTask',NULL,'2020-11-23 22:17:31.370','2020-11-23 22:17:31.398',3,28,NULL,''),
('f885faeb-2e0b-11eb-b5e4-227918fa15ea',1,'out-factory:9:9fcde22d-2e0b-11eb-b42b-227918fa15ea','f87e80cb-2e0b-11eb-b5e4-227918fa15ea','f87f6b34-2e0b-11eb-b5e4-227918fa15ea','sid-D2A7423F-91E0-430D-AA1A-09A1C246CA40',NULL,NULL,NULL,'sequenceFlow',NULL,'2020-11-23 22:17:31.398','2020-11-23 22:17:31.398',4,0,NULL,''),
('f885faec-2e0b-11eb-b5e4-227918fa15ea',2,'out-factory:9:9fcde22d-2e0b-11eb-b42b-227918fa15ea','f87e80cb-2e0b-11eb-b5e4-227918fa15ea','f87f6b34-2e0b-11eb-b5e4-227918fa15ea','sid-ABCBD09C-DB79-4EE8-BB28-96FEBAAFF175','f88621fd-2e0b-11eb-b5e4-227918fa15ea',NULL,'主管审核','userTask','manager','2020-11-23 22:17:31.398','2020-11-25 19:33:21.485',5,162950087,NULL,'');

/*Table structure for table `ACT_HI_ATTACHMENT` */

DROP TABLE IF EXISTS `ACT_HI_ATTACHMENT`;

CREATE TABLE `ACT_HI_ATTACHMENT` (
  `ID_` varchar(64) COLLATE utf8_bin NOT NULL,
  `REV_` int DEFAULT NULL,
  `USER_ID_` varchar(255) COLLATE utf8_bin DEFAULT NULL,
  `NAME_` varchar(255) COLLATE utf8_bin DEFAULT NULL,
  `DESCRIPTION_` varchar(4000) COLLATE utf8_bin DEFAULT NULL,
  `TYPE_` varchar(255) COLLATE utf8_bin DEFAULT NULL,
  `TASK_ID_` varchar(64) COLLATE utf8_bin DEFAULT NULL,
  `PROC_INST_ID_` varchar(64) COLLATE utf8_bin DEFAULT NULL,
  `URL_` varchar(4000) COLLATE utf8_bin DEFAULT NULL,
  `CONTENT_ID_` varchar(64) COLLATE utf8_bin DEFAULT NULL,
  `TIME_` datetime(3) DEFAULT NULL,
  PRIMARY KEY (`ID_`)
) ENGINE=InnoDB DEFAULT CHARSET=utf8 COLLATE=utf8_bin;

/*Data for the table `ACT_HI_ATTACHMENT` */

/*Table structure for table `ACT_HI_COMMENT` */

DROP TABLE IF EXISTS `ACT_HI_COMMENT`;

CREATE TABLE `ACT_HI_COMMENT` (
  `ID_` varchar(64) COLLATE utf8_bin NOT NULL,
  `TYPE_` varchar(255) COLLATE utf8_bin DEFAULT NULL,
  `TIME_` datetime(3) NOT NULL,
  `USER_ID_` varchar(255) COLLATE utf8_bin DEFAULT NULL,
  `TASK_ID_` varchar(64) COLLATE utf8_bin DEFAULT NULL,
  `PROC_INST_ID_` varchar(64) COLLATE utf8_bin DEFAULT NULL,
  `ACTION_` varchar(255) COLLATE utf8_bin DEFAULT NULL,
  `MESSAGE_` varchar(4000) COLLATE utf8_bin DEFAULT NULL,
  `FULL_MSG_` longblob,
  PRIMARY KEY (`ID_`)
) ENGINE=InnoDB DEFAULT CHARSET=utf8 COLLATE=utf8_bin;

/*Data for the table `ACT_HI_COMMENT` */

insert  into `ACT_HI_COMMENT`(`ID_`,`TYPE_`,`TIME_`,`USER_ID_`,`TASK_ID_`,`PROC_INST_ID_`,`ACTION_`,`MESSAGE_`,`FULL_MSG_`) values 
('1349d1ec-2f86-11eb-9654-227918fa15ea','comment','2020-11-25 19:24:06.066','manager','90d9dc9a-2f83-11eb-bdfc-227918fa15ea','90d9dc8e-2f83-11eb-bdfc-227918fa15ea','AddComment',' 同意','    同意'),
('2c212720-2f88-11eb-a96f-227918fa15ea','comment','2020-11-25 19:39:06.736','manager','13938c78-2f83-11eb-bdfc-227918fa15ea','138e353b-2f83-11eb-bdfc-227918fa15ea','AddComment','退回','退回'),
('4a2c9bea-2f87-11eb-a96f-227918fa15ea','comment','2020-11-25 19:32:47.646','manager','90d9dc9a-2f83-11eb-bdfc-227918fa15ea','90d9dc8e-2f83-11eb-bdfc-227918fa15ea','AddComment','agree','agree'),
('5e50b4e6-2f87-11eb-a96f-227918fa15ea','comment','2020-11-25 19:33:21.437','manager','f88621fd-2e0b-11eb-b5e4-227918fa15ea','f87e80cb-2e0b-11eb-b5e4-227918fa15ea','AddComment','同意','同意'),
('85334630-2f93-11eb-9d05-227918fa15ea','comment','2020-11-25 21:00:20.636','manager','c454cd4b-2f90-11eb-9d05-227918fa15ea','c44b3049-2f90-11eb-9d05-227918fa15ea','AddComment','不行,先上班','不行,先上班'),
('8dffe3fe-2f87-11eb-a96f-227918fa15ea','comment','2020-11-25 19:34:41.438','manager','13938c78-2f83-11eb-bdfc-227918fa15ea','138e353b-2f83-11eb-bdfc-227918fa15ea','AddComment','退回','退回'),
('9a648a7f-2f88-11eb-aa23-227918fa15ea','comment','2020-11-25 19:42:11.727','manager','870b89bb-2f88-11eb-aa23-227918fa15ea','870b6299-2f88-11eb-aa23-227918fa15ea','AddComment','1111111111111111','1111111111111111'),
('aadcf155-2f8e-11eb-a740-227918fa15ea','comment','2020-11-25 20:25:36.340','manager','966ba2c2-2f8e-11eb-a740-227918fa15ea','870b6299-2f88-11eb-aa23-227918fa15ea','AddComment','同意了','同意了'),
('af109710-2f93-11eb-9d05-227918fa15ea','comment','2020-11-25 21:01:30.873','manager','a34cf67d-2f93-11eb-9d05-227918fa15ea','c44b3049-2f90-11eb-9d05-227918fa15ea','AddComment','好的,玩的開心','好的,玩的開心');

/*Table structure for table `ACT_HI_DETAIL` */

DROP TABLE IF EXISTS `ACT_HI_DETAIL`;

CREATE TABLE `ACT_HI_DETAIL` (
  `ID_` varchar(64) COLLATE utf8_bin NOT NULL,
  `TYPE_` varchar(255) COLLATE utf8_bin NOT NULL,
  `PROC_INST_ID_` varchar(64) COLLATE utf8_bin DEFAULT NULL,
  `EXECUTION_ID_` varchar(64) COLLATE utf8_bin DEFAULT NULL,
  `TASK_ID_` varchar(64) COLLATE utf8_bin DEFAULT NULL,
  `ACT_INST_ID_` varchar(64) COLLATE utf8_bin DEFAULT NULL,
  `NAME_` varchar(255) COLLATE utf8_bin NOT NULL,
  `VAR_TYPE_` varchar(255) COLLATE utf8_bin DEFAULT NULL,
  `REV_` int DEFAULT NULL,
  `TIME_` datetime(3) NOT NULL,
  `BYTEARRAY_ID_` varchar(64) COLLATE utf8_bin DEFAULT NULL,
  `DOUBLE_` double DEFAULT NULL,
  `LONG_` bigint DEFAULT NULL,
  `TEXT_` varchar(4000) COLLATE utf8_bin DEFAULT NULL,
  `TEXT2_` varchar(4000) COLLATE utf8_bin DEFAULT NULL,
  PRIMARY KEY (`ID_`),
  KEY `ACT_IDX_HI_DETAIL_PROC_INST` (`PROC_INST_ID_`),
  KEY `ACT_IDX_HI_DETAIL_ACT_INST` (`ACT_INST_ID_`),
  KEY `ACT_IDX_HI_DETAIL_TIME` (`TIME_`),
  KEY `ACT_IDX_HI_DETAIL_NAME` (`NAME_`),
  KEY `ACT_IDX_HI_DETAIL_TASK_ID` (`TASK_ID_`)
) ENGINE=InnoDB DEFAULT CHARSET=utf8 COLLATE=utf8_bin;

/*Data for the table `ACT_HI_DETAIL` */

/*Table structure for table `ACT_HI_ENTITYLINK` */

DROP TABLE IF EXISTS `ACT_HI_ENTITYLINK`;

CREATE TABLE `ACT_HI_ENTITYLINK` (
  `ID_` varchar(64) COLLATE utf8_bin NOT NULL,
  `LINK_TYPE_` varchar(255) COLLATE utf8_bin DEFAULT NULL,
  `CREATE_TIME_` datetime(3) DEFAULT NULL,
  `SCOPE_ID_` varchar(255) COLLATE utf8_bin DEFAULT NULL,
  `SUB_SCOPE_ID_` varchar(255) COLLATE utf8_bin DEFAULT NULL,
  `SCOPE_TYPE_` varchar(255) COLLATE utf8_bin DEFAULT NULL,
  `SCOPE_DEFINITION_ID_` varchar(255) COLLATE utf8_bin DEFAULT NULL,
  `PARENT_ELEMENT_ID_` varchar(255) COLLATE utf8_bin DEFAULT NULL,
  `REF_SCOPE_ID_` varchar(255) COLLATE utf8_bin DEFAULT NULL,
  `REF_SCOPE_TYPE_` varchar(255) COLLATE utf8_bin DEFAULT NULL,
  `REF_SCOPE_DEFINITION_ID_` varchar(255) COLLATE utf8_bin DEFAULT NULL,
  `ROOT_SCOPE_ID_` varchar(255) COLLATE utf8_bin DEFAULT NULL,
  `ROOT_SCOPE_TYPE_` varchar(255) COLLATE utf8_bin DEFAULT NULL,
  `HIERARCHY_TYPE_` varchar(255) COLLATE utf8_bin DEFAULT NULL,
  PRIMARY KEY (`ID_`),
  KEY `ACT_IDX_HI_ENT_LNK_SCOPE` (`SCOPE_ID_`,`SCOPE_TYPE_`,`LINK_TYPE_`),
  KEY `ACT_IDX_HI_ENT_LNK_ROOT_SCOPE` (`ROOT_SCOPE_ID_`,`ROOT_SCOPE_TYPE_`,`LINK_TYPE_`),
  KEY `ACT_IDX_HI_ENT_LNK_SCOPE_DEF` (`SCOPE_DEFINITION_ID_`,`SCOPE_TYPE_`,`LINK_TYPE_`)
) ENGINE=InnoDB DEFAULT CHARSET=utf8 COLLATE=utf8_bin;

/*Data for the table `ACT_HI_ENTITYLINK` */

/*Table structure for table `ACT_HI_IDENTITYLINK` */

DROP TABLE IF EXISTS `ACT_HI_IDENTITYLINK`;

CREATE TABLE `ACT_HI_IDENTITYLINK` (
  `ID_` varchar(64) COLLATE utf8_bin NOT NULL,
  `GROUP_ID_` varchar(255) COLLATE utf8_bin DEFAULT NULL,
  `TYPE_` varchar(255) COLLATE utf8_bin DEFAULT NULL,
  `USER_ID_` varchar(255) COLLATE utf8_bin DEFAULT NULL,
  `TASK_ID_` varchar(64) COLLATE utf8_bin DEFAULT NULL,
  `CREATE_TIME_` datetime(3) DEFAULT NULL,
  `PROC_INST_ID_` varchar(64) COLLATE utf8_bin DEFAULT NULL,
  `SCOPE_ID_` varchar(255) COLLATE utf8_bin DEFAULT NULL,
  `SUB_SCOPE_ID_` varchar(255) COLLATE utf8_bin DEFAULT NULL,
  `SCOPE_TYPE_` varchar(255) COLLATE utf8_bin DEFAULT NULL,
  `SCOPE_DEFINITION_ID_` varchar(255) COLLATE utf8_bin DEFAULT NULL,
  PRIMARY KEY (`ID_`),
  KEY `ACT_IDX_HI_IDENT_LNK_USER` (`USER_ID_`),
  KEY `ACT_IDX_HI_IDENT_LNK_SCOPE` (`SCOPE_ID_`,`SCOPE_TYPE_`),
  KEY `ACT_IDX_HI_IDENT_LNK_SUB_SCOPE` (`SUB_SCOPE_ID_`,`SCOPE_TYPE_`),
  KEY `ACT_IDX_HI_IDENT_LNK_SCOPE_DEF` (`SCOPE_DEFINITION_ID_`,`SCOPE_TYPE_`),
  KEY `ACT_IDX_HI_IDENT_LNK_TASK` (`TASK_ID_`),
  KEY `ACT_IDX_HI_IDENT_LNK_PROCINST` (`PROC_INST_ID_`)
) ENGINE=InnoDB DEFAULT CHARSET=utf8 COLLATE=utf8_bin;

/*Data for the table `ACT_HI_IDENTITYLINK` */

insert  into `ACT_HI_IDENTITYLINK`(`ID_`,`GROUP_ID_`,`TYPE_`,`USER_ID_`,`TASK_ID_`,`CREATE_TIME_`,`PROC_INST_ID_`,`SCOPE_ID_`,`SUB_SCOPE_ID_`,`SCOPE_TYPE_`,`SCOPE_DEFINITION_ID_`) values 
('057fc06e-2fb0-11eb-9226-227918fa15ea',NULL,'starter','user',NULL,'2020-11-26 00:24:21.795','057d014c-2fb0-11eb-9226-227918fa15ea',NULL,NULL,NULL,NULL),
('0b91e7f8-2fcb-11eb-8fff-227918fa15ea',NULL,'starter','user',NULL,'2020-11-26 03:37:48.391','0b91e7f6-2fcb-11eb-8fff-227918fa15ea',NULL,NULL,NULL,NULL),
('12702d39-2fcb-11eb-8fff-227918fa15ea',NULL,'assignee','manager','12700628-2fcb-11eb-8fff-227918fa15ea','2020-11-26 03:37:59.914',NULL,NULL,NULL,NULL,NULL),
('12702d3a-2fcb-11eb-8fff-227918fa15ea',NULL,'participant','manager',NULL,'2020-11-26 03:37:59.914','0b91e7f6-2fcb-11eb-8fff-227918fa15ea',NULL,NULL,NULL,NULL),
('138ed17d-2f83-11eb-bdfc-227918fa15ea',NULL,'starter','manager',NULL,'2020-11-25 19:02:38.028','138e353b-2f83-11eb-bdfc-227918fa15ea',NULL,NULL,NULL,NULL),
('139428b9-2f83-11eb-bdfc-227918fa15ea',NULL,'assignee','manager','13938c78-2f83-11eb-bdfc-227918fa15ea','2020-11-25 19:02:38.063',NULL,NULL,NULL,NULL,NULL),
('139428ba-2f83-11eb-bdfc-227918fa15ea',NULL,'participant','manager',NULL,'2020-11-25 19:02:38.063','138e353b-2f83-11eb-bdfc-227918fa15ea',NULL,NULL,NULL,NULL),
('21ee6e01-2fb2-11eb-9226-227918fa15ea',NULL,'starter','user',NULL,'2020-11-26 00:39:28.489','21ee6dff-2fb2-11eb-9226-227918fa15ea',NULL,NULL,NULL,NULL),
('2640ff52-2fb2-11eb-9226-227918fa15ea',NULL,'assignee','manager','2640ff51-2fb2-11eb-9226-227918fa15ea','2020-11-26 00:39:35.741',NULL,NULL,NULL,NULL,NULL),
('27391ed3-2fab-11eb-acf0-227918fa15ea',NULL,'starter','user',NULL,'2020-11-25 23:49:30.890','27388291-2fab-11eb-acf0-227918fa15ea',NULL,NULL,NULL,NULL),
('274a5cf4-2fab-11eb-acf0-227918fa15ea',NULL,'assignee','manager','274a5cf3-2fab-11eb-acf0-227918fa15ea','2020-11-25 23:49:31.003',NULL,NULL,NULL,NULL,NULL),
('274b9575-2fab-11eb-acf0-227918fa15ea',NULL,'participant','manager',NULL,'2020-11-25 23:49:31.011','27388291-2fab-11eb-acf0-227918fa15ea',NULL,NULL,NULL,NULL),
('2c2e1f76-2f88-11eb-a96f-227918fa15ea',NULL,'participant','manager',NULL,'2020-11-25 19:39:06.821','138e353b-2f83-11eb-bdfc-227918fa15ea',NULL,NULL,NULL,NULL),
('2fbe25e0-2fc7-11eb-ac51-227918fa15ea',NULL,'starter','user',NULL,'2020-11-26 03:10:11.092','2fbdb0ae-2fc7-11eb-ac51-227918fa15ea',NULL,NULL,NULL,NULL),
('36f04e9f-2fb0-11eb-9226-227918fa15ea',NULL,'assignee','manager','36f04e9e-2fb0-11eb-9226-227918fa15ea','2020-11-26 00:25:44.740',NULL,NULL,NULL,NULL,NULL),
('36f18720-2fb0-11eb-9226-227918fa15ea',NULL,'participant','manager',NULL,'2020-11-26 00:25:44.752','057d014c-2fb0-11eb-9226-227918fa15ea',NULL,NULL,NULL,NULL),
('3b4275c7-2e04-11eb-8e8e-227918fa15ea',NULL,'starter','admin',NULL,'2020-11-23 21:22:07.389','3b4275c5-2e04-11eb-8e8e-227918fa15ea',NULL,NULL,NULL,NULL),
('3b4cae02-2e04-11eb-8e8e-227918fa15ea',NULL,'assignee','admin','3b4b7581-2e04-11eb-8e8e-227918fa15ea','2020-11-23 21:22:07.456',NULL,NULL,NULL,NULL,NULL),
('3b4d4a43-2e04-11eb-8e8e-227918fa15ea',NULL,'participant','admin',NULL,'2020-11-23 21:22:07.460','3b4275c5-2e04-11eb-8e8e-227918fa15ea',NULL,NULL,NULL,NULL),
('4baafe91-2f87-11eb-a96f-227918fa15ea',NULL,'participant','manager',NULL,'2020-11-25 19:32:50.152','90d9dc8e-2f83-11eb-bdfc-227918fa15ea',NULL,NULL,NULL,NULL),
('4cd3e8c6-2fc9-11eb-813b-227918fa15ea',NULL,'starter','user',NULL,'2020-11-26 03:25:18.882','4cd3e8c4-2fc9-11eb-813b-227918fa15ea',NULL,NULL,NULL,NULL),
('500a5bb7-2fc9-11eb-813b-227918fa15ea',NULL,'assignee','manager','5009bf76-2fc9-11eb-813b-227918fa15ea','2020-11-26 03:25:24.272',NULL,NULL,NULL,NULL,NULL),
('500a5bb8-2fc9-11eb-813b-227918fa15ea',NULL,'participant','manager',NULL,'2020-11-26 03:25:24.272','4cd3e8c4-2fc9-11eb-813b-227918fa15ea',NULL,NULL,NULL,NULL),
('53495153-2fb2-11eb-9226-227918fa15ea',NULL,'participant','manager',NULL,'2020-11-26 00:40:51.293','21ee6dff-2fb2-11eb-9226-227918fa15ea',NULL,NULL,NULL,NULL),
('553e5c86-2f88-11eb-aa23-227918fa15ea',NULL,'starter','manager',NULL,'2020-11-25 19:40:15.715','553dc044-2f88-11eb-aa23-227918fa15ea',NULL,NULL,NULL,NULL),
('5e576baa-2f87-11eb-a96f-227918fa15ea',NULL,'participant','manager',NULL,'2020-11-25 19:33:21.481','f87e80cb-2e0b-11eb-b5e4-227918fa15ea',NULL,NULL,NULL,NULL),
('74cf6ce9-2fbc-11eb-924a-227918fa15ea',NULL,'starter','user',NULL,'2020-11-26 01:53:22.504','74ced0a7-2fbc-11eb-924a-227918fa15ea',NULL,NULL,NULL,NULL),
('854bfe56-2f93-11eb-9d05-227918fa15ea',NULL,'assignee','user','854bfe55-2f93-11eb-9d05-227918fa15ea','2020-11-25 21:00:20.798',NULL,NULL,NULL,NULL,NULL),
('854c4c77-2f93-11eb-9d05-227918fa15ea',NULL,'participant','user',NULL,'2020-11-25 21:00:20.800','c44b3049-2f90-11eb-9d05-227918fa15ea',NULL,NULL,NULL,NULL),
('870b629b-2f88-11eb-aa23-227918fa15ea',NULL,'starter','user',NULL,'2020-11-25 19:41:39.266','870b6299-2f88-11eb-aa23-227918fa15ea',NULL,NULL,NULL,NULL),
('870bb0cc-2f88-11eb-aa23-227918fa15ea',NULL,'assignee','manager','870b89bb-2f88-11eb-aa23-227918fa15ea','2020-11-25 19:41:39.268',NULL,NULL,NULL,NULL,NULL),
('870bb0cd-2f88-11eb-aa23-227918fa15ea',NULL,'participant','manager',NULL,'2020-11-25 19:41:39.268','870b6299-2f88-11eb-aa23-227918fa15ea',NULL,NULL,NULL,NULL),
('8b12e2b6-2fc7-11eb-b181-227918fa15ea',NULL,'starter','user',NULL,'2020-11-26 03:12:44.320','8b124674-2fc7-11eb-b181-227918fa15ea',NULL,NULL,NULL,NULL),
('90d9dc90-2f83-11eb-bdfc-227918fa15ea',NULL,'starter','manager',NULL,'2020-11-25 19:06:08.235','90d9dc8e-2f83-11eb-bdfc-227918fa15ea',NULL,NULL,NULL,NULL),
('90d9dc9b-2f83-11eb-bdfc-227918fa15ea',NULL,'assignee','manager','90d9dc9a-2f83-11eb-bdfc-227918fa15ea','2020-11-25 19:06:08.235',NULL,NULL,NULL,NULL,NULL),
('90d9dc9c-2f83-11eb-bdfc-227918fa15ea',NULL,'participant','manager',NULL,'2020-11-25 19:06:08.235','90d9dc8e-2f83-11eb-bdfc-227918fa15ea',NULL,NULL,NULL,NULL),
('95bc0b7a-2fca-11eb-97fd-227918fa15ea',NULL,'starter','user',NULL,'2020-11-26 03:34:30.697','95bb6f38-2fca-11eb-97fd-227918fa15ea',NULL,NULL,NULL,NULL),
('9640c22f-2f8e-11eb-a740-227918fa15ea',NULL,'participant','user',NULL,'2020-11-25 20:25:01.770','870b6299-2f88-11eb-aa23-227918fa15ea',NULL,NULL,NULL,NULL),
('966c3f03-2f8e-11eb-a740-227918fa15ea',NULL,'assignee','manager','966ba2c2-2f8e-11eb-a740-227918fa15ea','2020-11-25 20:25:02.047',NULL,NULL,NULL,NULL,NULL),
('9a7ccd75-2f88-11eb-aa23-227918fa15ea',NULL,'assignee','user','9a7ccd74-2f88-11eb-aa23-227918fa15ea','2020-11-25 19:42:11.886',NULL,NULL,NULL,NULL,NULL),
('9a7ccd76-2f88-11eb-aa23-227918fa15ea',NULL,'participant','user',NULL,'2020-11-25 19:42:11.886','870b6299-2f88-11eb-aa23-227918fa15ea',NULL,NULL,NULL,NULL),
('a34be50a-2f93-11eb-9d05-227918fa15ea',NULL,'participant','user',NULL,'2020-11-25 21:01:11.129','c44b3049-2f90-11eb-9d05-227918fa15ea',NULL,NULL,NULL,NULL),
('a34d1d8e-2f93-11eb-9d05-227918fa15ea',NULL,'assignee','manager','a34cf67d-2f93-11eb-9d05-227918fa15ea','2020-11-25 21:01:11.137',NULL,NULL,NULL,NULL,NULL),
('a43efc07-2e04-11eb-b39c-227918fa15ea',NULL,'starter','admin',NULL,'2020-11-23 21:25:03.527','a43e38b5-2e04-11eb-b39c-227918fa15ea',NULL,NULL,NULL,NULL),
('a44c4282-2e04-11eb-b39c-227918fa15ea',NULL,'assignee','admin','a44ae2f1-2e04-11eb-b39c-227918fa15ea','2020-11-23 21:25:03.614',NULL,NULL,NULL,NULL,NULL),
('a44cb7b3-2e04-11eb-b39c-227918fa15ea',NULL,'participant','admin',NULL,'2020-11-23 21:25:03.617','a43e38b5-2e04-11eb-b39c-227918fa15ea',NULL,NULL,NULL,NULL),
('aae44459-2f8e-11eb-a740-227918fa15ea',NULL,'participant','manager',NULL,'2020-11-25 20:25:36.388','870b6299-2f88-11eb-aa23-227918fa15ea',NULL,NULL,NULL,NULL),
('af168a84-2f93-11eb-9d05-227918fa15ea',NULL,'participant','manager',NULL,'2020-11-25 21:01:30.912','c44b3049-2f90-11eb-9d05-227918fa15ea',NULL,NULL,NULL,NULL),
('c44bcc8b-2f90-11eb-9d05-227918fa15ea',NULL,'starter','user',NULL,'2020-11-25 20:40:38.007','c44b3049-2f90-11eb-9d05-227918fa15ea',NULL,NULL,NULL,NULL),
('c454cd4c-2f90-11eb-9d05-227918fa15ea',NULL,'assignee','manager','c454cd4b-2f90-11eb-9d05-227918fa15ea','2020-11-25 20:40:38.062',NULL,NULL,NULL,NULL,NULL),
('c454cd4d-2f90-11eb-9d05-227918fa15ea',NULL,'participant','manager',NULL,'2020-11-25 20:40:38.062','c44b3049-2f90-11eb-9d05-227918fa15ea',NULL,NULL,NULL,NULL),
('cabba8a7-2fc9-11eb-8ad3-227918fa15ea',NULL,'starter','user',NULL,'2020-11-26 03:28:50.116','cabb3375-2fc9-11eb-8ad3-227918fa15ea',NULL,NULL,NULL,NULL),
('df35799d-2ef9-11eb-aabd-227918fa15ea',NULL,'starter','user',NULL,'2020-11-25 02:40:29.149','df35046b-2ef9-11eb-aabd-227918fa15ea',NULL,NULL,NULL,NULL),
('df3e2c3e-2ef9-11eb-aabd-227918fa15ea',NULL,'assignee','manager','df3e2c3d-2ef9-11eb-aabd-227918fa15ea','2020-11-25 02:40:29.206',NULL,NULL,NULL,NULL,NULL),
('df3e534f-2ef9-11eb-aabd-227918fa15ea',NULL,'participant','manager',NULL,'2020-11-25 02:40:29.207','df35046b-2ef9-11eb-aabd-227918fa15ea',NULL,NULL,NULL,NULL),
('e1b4ef9b-2f81-11eb-bdfc-227918fa15ea',NULL,'participant','manager',NULL,'2020-11-25 18:54:04.895','df35046b-2ef9-11eb-aabd-227918fa15ea',NULL,NULL,NULL,NULL),
('e2582a0e-2fca-11eb-8fff-227918fa15ea',NULL,'starter','user',NULL,'2020-11-26 03:36:39.226','e255b90c-2fca-11eb-8fff-227918fa15ea',NULL,NULL,NULL,NULL),
('e8ebce46-2fc6-11eb-8a65-227918fa15ea',NULL,'starter','user',NULL,'2020-11-26 03:08:12.273','e8eb3204-2fc6-11eb-8a65-227918fa15ea',NULL,NULL,NULL,NULL),
('ea535956-2fbc-11eb-924a-227918fa15ea',NULL,'starter','user',NULL,'2020-11-26 01:56:39.662','ea533244-2fbc-11eb-924a-227918fa15ea',NULL,NULL,NULL,NULL),
('f26049ec-2e06-11eb-bbd8-227918fa15ea',NULL,'starter','admin',NULL,'2020-11-23 21:41:33.601','f25f869a-2e06-11eb-bbd8-227918fa15ea',NULL,NULL,NULL,NULL),
('f26a0df7-2e06-11eb-bbd8-227918fa15ea',NULL,'assignee','admin','f2692396-2e06-11eb-bbd8-227918fa15ea','2020-11-23 21:41:33.665',NULL,NULL,NULL,NULL,NULL),
('f26a5c18-2e06-11eb-bbd8-227918fa15ea',NULL,'participant','admin',NULL,'2020-11-23 21:41:33.667','f25f869a-2e06-11eb-bbd8-227918fa15ea',NULL,NULL,NULL,NULL),
('f7aa4dc2-2fc8-11eb-813b-227918fa15ea',NULL,'starter','user',NULL,'2020-11-26 03:22:56.003','f7a9b180-2fc8-11eb-813b-227918fa15ea',NULL,NULL,NULL,NULL),
('f87ef5fd-2e0b-11eb-b5e4-227918fa15ea',NULL,'starter','admin',NULL,'2020-11-23 22:17:31.353','f87e80cb-2e0b-11eb-b5e4-227918fa15ea',NULL,NULL,NULL,NULL),
('f88621fe-2e0b-11eb-b5e4-227918fa15ea',NULL,'assignee','manager','f88621fd-2e0b-11eb-b5e4-227918fa15ea','2020-11-23 22:17:31.399',NULL,NULL,NULL,NULL,NULL),
('f886490f-2e0b-11eb-b5e4-227918fa15ea',NULL,'participant','manager',NULL,'2020-11-23 22:17:31.400','f87e80cb-2e0b-11eb-b5e4-227918fa15ea',NULL,NULL,NULL,NULL);

/*Table structure for table `ACT_HI_PROCINST` */

DROP TABLE IF EXISTS `ACT_HI_PROCINST`;

CREATE TABLE `ACT_HI_PROCINST` (
  `ID_` varchar(64) COLLATE utf8_bin NOT NULL,
  `REV_` int DEFAULT '1',
  `PROC_INST_ID_` varchar(64) COLLATE utf8_bin NOT NULL,
  `BUSINESS_KEY_` varchar(255) COLLATE utf8_bin DEFAULT NULL,
  `PROC_DEF_ID_` varchar(64) COLLATE utf8_bin NOT NULL,
  `START_TIME_` datetime(3) NOT NULL,
  `END_TIME_` datetime(3) DEFAULT NULL,
  `DURATION_` bigint DEFAULT NULL,
  `START_USER_ID_` varchar(255) COLLATE utf8_bin DEFAULT NULL,
  `START_ACT_ID_` varchar(255) COLLATE utf8_bin DEFAULT NULL,
  `END_ACT_ID_` varchar(255) COLLATE utf8_bin DEFAULT NULL,
  `SUPER_PROCESS_INSTANCE_ID_` varchar(64) COLLATE utf8_bin DEFAULT NULL,
  `DELETE_REASON_` varchar(4000) COLLATE utf8_bin DEFAULT NULL,
  `TENANT_ID_` varchar(255) COLLATE utf8_bin DEFAULT '',
  `NAME_` varchar(255) COLLATE utf8_bin DEFAULT NULL,
  `CALLBACK_ID_` varchar(255) COLLATE utf8_bin DEFAULT NULL,
  `CALLBACK_TYPE_` varchar(255) COLLATE utf8_bin DEFAULT NULL,
  `REFERENCE_ID_` varchar(255) COLLATE utf8_bin DEFAULT NULL,
  `REFERENCE_TYPE_` varchar(255) COLLATE utf8_bin DEFAULT NULL,
  PRIMARY KEY (`ID_`),
  UNIQUE KEY `PROC_INST_ID_` (`PROC_INST_ID_`),
  KEY `ACT_IDX_HI_PRO_INST_END` (`END_TIME_`),
  KEY `ACT_IDX_HI_PRO_I_BUSKEY` (`BUSINESS_KEY_`)
) ENGINE=InnoDB DEFAULT CHARSET=utf8 COLLATE=utf8_bin;

/*Data for the table `ACT_HI_PROCINST` */

insert  into `ACT_HI_PROCINST`(`ID_`,`REV_`,`PROC_INST_ID_`,`BUSINESS_KEY_`,`PROC_DEF_ID_`,`START_TIME_`,`END_TIME_`,`DURATION_`,`START_USER_ID_`,`START_ACT_ID_`,`END_ACT_ID_`,`SUPER_PROCESS_INSTANCE_ID_`,`DELETE_REASON_`,`TENANT_ID_`,`NAME_`,`CALLBACK_ID_`,`CALLBACK_TYPE_`,`REFERENCE_ID_`,`REFERENCE_TYPE_`) values 
('057d014c-2fb0-11eb-9226-227918fa15ea',1,'057d014c-2fb0-11eb-9226-227918fa15ea',NULL,'out-factory:12:0703936d-2fab-11eb-acf0-227918fa15ea','2020-11-26 00:24:21.776',NULL,NULL,'user','startEvent1',NULL,NULL,NULL,'','外出单-2020 11 26',NULL,NULL,NULL,NULL),
('0b91e7f6-2fcb-11eb-8fff-227918fa15ea',1,'0b91e7f6-2fcb-11eb-8fff-227918fa15ea',NULL,'out-factory:13:788781b4-2fb3-11eb-a9f3-227918fa15ea','2020-11-26 03:37:48.391',NULL,NULL,'user','startEvent1',NULL,NULL,NULL,'','外出单-2020 11 26',NULL,NULL,NULL,NULL),
('138e353b-2f83-11eb-bdfc-227918fa15ea',1,'138e353b-2f83-11eb-bdfc-227918fa15ea',NULL,'out-factory:10:60b60f07-2f82-11eb-bdfc-227918fa15ea','2020-11-25 19:02:38.024',NULL,NULL,'manager','startEvent1',NULL,NULL,NULL,'','外出单 - November 26th 2020',NULL,NULL,NULL,NULL),
('21ee6dff-2fb2-11eb-9226-227918fa15ea',1,'21ee6dff-2fb2-11eb-9226-227918fa15ea',NULL,'out-factory:12:0703936d-2fab-11eb-acf0-227918fa15ea','2020-11-26 00:39:28.489',NULL,NULL,'user','startEvent1',NULL,NULL,NULL,'','外出单-2020 11 26',NULL,NULL,NULL,NULL),
('27388291-2fab-11eb-acf0-227918fa15ea',1,'27388291-2fab-11eb-acf0-227918fa15ea',NULL,'out-factory:12:0703936d-2fab-11eb-acf0-227918fa15ea','2020-11-25 23:49:30.886',NULL,NULL,'user','startEvent1',NULL,NULL,NULL,'','外出单-2020 11 26',NULL,NULL,NULL,NULL),
('2fbdb0ae-2fc7-11eb-ac51-227918fa15ea',1,'2fbdb0ae-2fc7-11eb-ac51-227918fa15ea',NULL,'mes-requirement:3:b2bb2000-2fc6-11eb-8a65-227918fa15ea','2020-11-26 03:10:11.089',NULL,NULL,'user','startEvent1',NULL,NULL,NULL,'','MES需求变更-2020 11 26',NULL,NULL,NULL,NULL),
('3b4275c5-2e04-11eb-8e8e-227918fa15ea',1,'3b4275c5-2e04-11eb-8e8e-227918fa15ea',NULL,'out-factory:6:6dda616e-2e03-11eb-8edb-227918fa15ea','2020-11-23 21:22:07.389',NULL,NULL,'admin','startEvent1',NULL,NULL,NULL,'','外出单 - November 24th 2020',NULL,NULL,NULL,NULL),
('4cd3e8c4-2fc9-11eb-813b-227918fa15ea',1,'4cd3e8c4-2fc9-11eb-813b-227918fa15ea',NULL,'out-factory:13:788781b4-2fb3-11eb-a9f3-227918fa15ea','2020-11-26 03:25:18.882',NULL,NULL,'user','startEvent1',NULL,NULL,NULL,'','外出单-2020 11 26',NULL,NULL,NULL,NULL),
('553dc044-2f88-11eb-aa23-227918fa15ea',1,'553dc044-2f88-11eb-aa23-227918fa15ea',NULL,'out-factory:11:60901b2a-2f83-11eb-bdfc-227918fa15ea','2020-11-25 19:40:15.710','2020-11-25 19:40:15.804',94,'manager','startEvent1','sid-52A44D3B-7206-486E-8F26-58E536F8AFDB',NULL,NULL,'','外出单-2020 11 26',NULL,NULL,NULL,NULL),
('74ced0a7-2fbc-11eb-924a-227918fa15ea',1,'74ced0a7-2fbc-11eb-924a-227918fa15ea',NULL,'mes-requirement:1:9ca6d000-2d55-11eb-b88c-227918fa15ea','2020-11-26 01:53:22.500',NULL,NULL,'user','startEvent1',NULL,NULL,NULL,'','MES需求变更-2020 11 26',NULL,NULL,NULL,NULL),
('870b6299-2f88-11eb-aa23-227918fa15ea',2,'870b6299-2f88-11eb-aa23-227918fa15ea',NULL,'out-factory:11:60901b2a-2f83-11eb-bdfc-227918fa15ea','2020-11-25 19:41:39.265','2020-11-25 20:25:36.423',2637158,'user','startEvent1','sid-52A44D3B-7206-486E-8F26-58E536F8AFDB',NULL,NULL,'','外出单-2020 11 26',NULL,NULL,NULL,NULL),
('8b124674-2fc7-11eb-b181-227918fa15ea',1,'8b124674-2fc7-11eb-b181-227918fa15ea',NULL,'mes-requirement:3:b2bb2000-2fc6-11eb-8a65-227918fa15ea','2020-11-26 03:12:44.316',NULL,NULL,'user','startEvent1',NULL,NULL,NULL,'','MES需求变更-2020 11 26',NULL,NULL,NULL,NULL),
('90d9dc8e-2f83-11eb-bdfc-227918fa15ea',1,'90d9dc8e-2f83-11eb-bdfc-227918fa15ea',NULL,'out-factory:11:60901b2a-2f83-11eb-bdfc-227918fa15ea','2020-11-25 19:06:08.235',NULL,NULL,'manager','startEvent1',NULL,NULL,NULL,'','外出单 - November 26th 2020',NULL,NULL,NULL,NULL),
('95bb6f38-2fca-11eb-97fd-227918fa15ea',1,'95bb6f38-2fca-11eb-97fd-227918fa15ea',NULL,'mes-requirement:3:b2bb2000-2fc6-11eb-8a65-227918fa15ea','2020-11-26 03:34:30.692',NULL,NULL,'user','startEvent1',NULL,NULL,NULL,'','MES需求变更-2020 11 26',NULL,NULL,NULL,NULL),
('a43e38b5-2e04-11eb-b39c-227918fa15ea',1,'a43e38b5-2e04-11eb-b39c-227918fa15ea',NULL,'out-factory:6:6dda616e-2e03-11eb-8edb-227918fa15ea','2020-11-23 21:25:03.522',NULL,NULL,'admin','startEvent1',NULL,NULL,NULL,'','外出单-2020 11 24',NULL,NULL,NULL,NULL),
('c44b3049-2f90-11eb-9d05-227918fa15ea',2,'c44b3049-2f90-11eb-9d05-227918fa15ea',NULL,'out-factory:11:60901b2a-2f83-11eb-bdfc-227918fa15ea','2020-11-25 20:40:37.999','2020-11-25 21:01:30.943',1252944,'user','startEvent1','sid-52A44D3B-7206-486E-8F26-58E536F8AFDB',NULL,NULL,'','外出单-2020 11 26',NULL,NULL,NULL,NULL),
('cabb3375-2fc9-11eb-8ad3-227918fa15ea',1,'cabb3375-2fc9-11eb-8ad3-227918fa15ea',NULL,'mes-requirement:3:b2bb2000-2fc6-11eb-8a65-227918fa15ea','2020-11-26 03:28:50.113',NULL,NULL,'user','startEvent1',NULL,NULL,NULL,'','MES需求变更-2020 11 26',NULL,NULL,NULL,NULL),
('df35046b-2ef9-11eb-aabd-227918fa15ea',2,'df35046b-2ef9-11eb-aabd-227918fa15ea',NULL,'out-factory:9:9fcde22d-2e0b-11eb-b42b-227918fa15ea','2020-11-25 02:40:29.146','2020-11-25 18:54:04.945',58415799,'user','startEvent1','sid-52A44D3B-7206-486E-8F26-58E536F8AFDB',NULL,NULL,'','外出单-2020 11 25',NULL,NULL,NULL,NULL),
('e255b90c-2fca-11eb-8fff-227918fa15ea',1,'e255b90c-2fca-11eb-8fff-227918fa15ea',NULL,'mes-requirement:3:b2bb2000-2fc6-11eb-8a65-227918fa15ea','2020-11-26 03:36:39.210',NULL,NULL,'user','startEvent1',NULL,NULL,NULL,'','MES需求变更-2020 11 26',NULL,NULL,NULL,NULL),
('e8eb3204-2fc6-11eb-8a65-227918fa15ea',1,'e8eb3204-2fc6-11eb-8a65-227918fa15ea',NULL,'mes-requirement:2:0842502a-2fbd-11eb-924a-227918fa15ea','2020-11-26 03:08:12.269',NULL,NULL,'user','startEvent1',NULL,NULL,NULL,'','MES需求变更-2020 11 26',NULL,NULL,NULL,NULL),
('ea533244-2fbc-11eb-924a-227918fa15ea',1,'ea533244-2fbc-11eb-924a-227918fa15ea',NULL,'mes-requirement:1:9ca6d000-2d55-11eb-b88c-227918fa15ea','2020-11-26 01:56:39.661',NULL,NULL,'user','startEvent1',NULL,NULL,NULL,'','MES需求变更-2020 11 26',NULL,NULL,NULL,NULL),
('f25f869a-2e06-11eb-bbd8-227918fa15ea',1,'f25f869a-2e06-11eb-bbd8-227918fa15ea',NULL,'out-factory:7:78a9fdfc-2e06-11eb-84ba-227918fa15ea','2020-11-23 21:41:33.596',NULL,NULL,'admin','startEvent1',NULL,NULL,NULL,'','外出单-2020 11 24',NULL,NULL,NULL,NULL),
('f7a9b180-2fc8-11eb-813b-227918fa15ea',1,'f7a9b180-2fc8-11eb-813b-227918fa15ea',NULL,'mes-requirement:3:b2bb2000-2fc6-11eb-8a65-227918fa15ea','2020-11-26 03:22:55.999',NULL,NULL,'user','startEvent1',NULL,NULL,NULL,'','MES需求变更-2020 11 26',NULL,NULL,NULL,NULL),
('f87e80cb-2e0b-11eb-b5e4-227918fa15ea',2,'f87e80cb-2e0b-11eb-b5e4-227918fa15ea',NULL,'out-factory:9:9fcde22d-2e0b-11eb-b42b-227918fa15ea','2020-11-23 22:17:31.349','2020-11-25 19:33:21.511',162950162,'admin','startEvent1','sid-52A44D3B-7206-486E-8F26-58E536F8AFDB',NULL,NULL,'','外出单-2020 11 24',NULL,NULL,NULL,NULL);

/*Table structure for table `ACT_HI_TASKINST` */

DROP TABLE IF EXISTS `ACT_HI_TASKINST`;

CREATE TABLE `ACT_HI_TASKINST` (
  `ID_` varchar(64) COLLATE utf8_bin NOT NULL,
  `REV_` int DEFAULT '1',
  `PROC_DEF_ID_` varchar(64) COLLATE utf8_bin DEFAULT NULL,
  `TASK_DEF_ID_` varchar(64) COLLATE utf8_bin DEFAULT NULL,
  `TASK_DEF_KEY_` varchar(255) COLLATE utf8_bin DEFAULT NULL,
  `PROC_INST_ID_` varchar(64) COLLATE utf8_bin DEFAULT NULL,
  `EXECUTION_ID_` varchar(64) COLLATE utf8_bin DEFAULT NULL,
  `SCOPE_ID_` varchar(255) COLLATE utf8_bin DEFAULT NULL,
  `SUB_SCOPE_ID_` varchar(255) COLLATE utf8_bin DEFAULT NULL,
  `SCOPE_TYPE_` varchar(255) COLLATE utf8_bin DEFAULT NULL,
  `SCOPE_DEFINITION_ID_` varchar(255) COLLATE utf8_bin DEFAULT NULL,
  `PROPAGATED_STAGE_INST_ID_` varchar(255) COLLATE utf8_bin DEFAULT NULL,
  `NAME_` varchar(255) COLLATE utf8_bin DEFAULT NULL,
  `PARENT_TASK_ID_` varchar(64) COLLATE utf8_bin DEFAULT NULL,
  `DESCRIPTION_` varchar(4000) COLLATE utf8_bin DEFAULT NULL,
  `OWNER_` varchar(255) COLLATE utf8_bin DEFAULT NULL,
  `ASSIGNEE_` varchar(255) COLLATE utf8_bin DEFAULT NULL,
  `START_TIME_` datetime(3) NOT NULL,
  `CLAIM_TIME_` datetime(3) DEFAULT NULL,
  `END_TIME_` datetime(3) DEFAULT NULL,
  `DURATION_` bigint DEFAULT NULL,
  `DELETE_REASON_` varchar(4000) COLLATE utf8_bin DEFAULT NULL,
  `PRIORITY_` int DEFAULT NULL,
  `DUE_DATE_` datetime(3) DEFAULT NULL,
  `FORM_KEY_` varchar(255) COLLATE utf8_bin DEFAULT NULL,
  `CATEGORY_` varchar(255) COLLATE utf8_bin DEFAULT NULL,
  `TENANT_ID_` varchar(255) COLLATE utf8_bin DEFAULT '',
  `LAST_UPDATED_TIME_` datetime(3) DEFAULT NULL,
  PRIMARY KEY (`ID_`),
  KEY `ACT_IDX_HI_TASK_SCOPE` (`SCOPE_ID_`,`SCOPE_TYPE_`),
  KEY `ACT_IDX_HI_TASK_SUB_SCOPE` (`SUB_SCOPE_ID_`,`SCOPE_TYPE_`),
  KEY `ACT_IDX_HI_TASK_SCOPE_DEF` (`SCOPE_DEFINITION_ID_`,`SCOPE_TYPE_`),
  KEY `ACT_IDX_HI_TASK_INST_PROCINST` (`PROC_INST_ID_`)
) ENGINE=InnoDB DEFAULT CHARSET=utf8 COLLATE=utf8_bin;

/*Data for the table `ACT_HI_TASKINST` */

insert  into `ACT_HI_TASKINST`(`ID_`,`REV_`,`PROC_DEF_ID_`,`TASK_DEF_ID_`,`TASK_DEF_KEY_`,`PROC_INST_ID_`,`EXECUTION_ID_`,`SCOPE_ID_`,`SUB_SCOPE_ID_`,`SCOPE_TYPE_`,`SCOPE_DEFINITION_ID_`,`PROPAGATED_STAGE_INST_ID_`,`NAME_`,`PARENT_TASK_ID_`,`DESCRIPTION_`,`OWNER_`,`ASSIGNEE_`,`START_TIME_`,`CLAIM_TIME_`,`END_TIME_`,`DURATION_`,`DELETE_REASON_`,`PRIORITY_`,`DUE_DATE_`,`FORM_KEY_`,`CATEGORY_`,`TENANT_ID_`,`LAST_UPDATED_TIME_`) values 
('126e3165-2fcb-11eb-8fff-227918fa15ea',1,'out-factory:13:788781b4-2fb3-11eb-a9f3-227918fa15ea',NULL,'sid-E086BDD7-66B2-409F-B18C-B682DD9172DB','0b91e7f6-2fcb-11eb-8fff-227918fa15ea','0b920f0e-2fcb-11eb-8fff-227918fa15ea',NULL,NULL,NULL,NULL,NULL,'申请人确认',NULL,NULL,NULL,NULL,'2020-11-26 03:37:59.901',NULL,'2020-11-26 03:37:59.901',0,NULL,50,NULL,'out-factory',NULL,'','2020-11-26 03:37:59.901'),
('12700628-2fcb-11eb-8fff-227918fa15ea',1,'out-factory:13:788781b4-2fb3-11eb-a9f3-227918fa15ea',NULL,'sid-ABCBD09C-DB79-4EE8-BB28-96FEBAAFF175','0b91e7f6-2fcb-11eb-8fff-227918fa15ea','0b920f0e-2fcb-11eb-8fff-227918fa15ea',NULL,NULL,NULL,NULL,NULL,'主管审核',NULL,NULL,NULL,'manager','2020-11-26 03:37:59.902',NULL,NULL,NULL,NULL,50,'2020-12-01 11:37:59.914','out-factory',NULL,'','2020-11-26 03:37:59.914'),
('13938c78-2f83-11eb-bdfc-227918fa15ea',2,'out-factory:10:60b60f07-2f82-11eb-bdfc-227918fa15ea',NULL,'sid-E086BDD7-66B2-409F-B18C-B682DD9172DB','138e353b-2f83-11eb-bdfc-227918fa15ea','138ed182-2f83-11eb-bdfc-227918fa15ea',NULL,NULL,NULL,NULL,NULL,'申请人确认',NULL,NULL,NULL,'manager','2020-11-25 19:02:38.028',NULL,'2020-11-25 19:39:06.821',2188793,NULL,50,'2020-12-01 03:02:38.063','out-factory',NULL,'','2020-11-25 19:39:06.821'),
('2640630e-2fb2-11eb-9226-227918fa15ea',1,'out-factory:12:0703936d-2fab-11eb-acf0-227918fa15ea',NULL,'sid-E086BDD7-66B2-409F-B18C-B682DD9172DB','21ee6dff-2fb2-11eb-9226-227918fa15ea','21ee6e07-2fb2-11eb-9226-227918fa15ea',NULL,NULL,NULL,NULL,NULL,'申请人确认',NULL,NULL,NULL,NULL,'2020-11-26 00:39:35.737',NULL,'2020-11-26 00:39:35.737',0,NULL,50,NULL,'out-factory',NULL,'','2020-11-26 00:39:35.737'),
('2640ff51-2fb2-11eb-9226-227918fa15ea',1,'out-factory:12:0703936d-2fab-11eb-acf0-227918fa15ea',NULL,'sid-ABCBD09C-DB79-4EE8-BB28-96FEBAAFF175','21ee6dff-2fb2-11eb-9226-227918fa15ea','21ee6e07-2fb2-11eb-9226-227918fa15ea',NULL,NULL,NULL,NULL,NULL,'主管审核',NULL,NULL,NULL,'manager','2020-11-26 00:39:35.741',NULL,NULL,NULL,NULL,50,'2020-12-01 08:40:51.294','out-factory',NULL,'','2020-11-26 00:40:51.294'),
('27461730-2fab-11eb-acf0-227918fa15ea',1,'out-factory:12:0703936d-2fab-11eb-acf0-227918fa15ea',NULL,'sid-E086BDD7-66B2-409F-B18C-B682DD9172DB','27388291-2fab-11eb-acf0-227918fa15ea','2739940a-2fab-11eb-acf0-227918fa15ea',NULL,NULL,NULL,NULL,NULL,'申请人确认',NULL,NULL,NULL,NULL,'2020-11-25 23:49:30.925',NULL,'2020-11-25 23:49:30.979',54,NULL,50,NULL,'out-factory',NULL,'','2020-11-25 23:49:30.979'),
('274a5cf3-2fab-11eb-acf0-227918fa15ea',1,'out-factory:12:0703936d-2fab-11eb-acf0-227918fa15ea',NULL,'sid-ABCBD09C-DB79-4EE8-BB28-96FEBAAFF175','27388291-2fab-11eb-acf0-227918fa15ea','2739940a-2fab-11eb-acf0-227918fa15ea',NULL,NULL,NULL,NULL,NULL,'主管审核',NULL,NULL,NULL,'manager','2020-11-25 23:49:30.979',NULL,NULL,NULL,NULL,50,'2020-12-01 07:49:31.011','out-factory',NULL,'','2020-11-25 23:49:31.011'),
('2c2ff439-2f88-11eb-a96f-227918fa15ea',1,'out-factory:10:60b60f07-2f82-11eb-bdfc-227918fa15ea',NULL,'sid-ABCBD09C-DB79-4EE8-BB28-96FEBAAFF175','138e353b-2f83-11eb-bdfc-227918fa15ea','138ed182-2f83-11eb-bdfc-227918fa15ea',NULL,NULL,NULL,NULL,NULL,'主管审核',NULL,NULL,NULL,NULL,'2020-11-25 19:39:06.833',NULL,NULL,NULL,NULL,50,'2020-12-01 03:39:06.837','out-factory',NULL,'','2020-11-25 19:39:06.837'),
('2fc8fb5e-2fc7-11eb-ac51-227918fa15ea',1,'mes-requirement:3:b2bb2000-2fc6-11eb-8a65-227918fa15ea',NULL,'sid-33868E85-5876-4712-9136-27C22F40C24D','2fbdb0ae-2fc7-11eb-ac51-227918fa15ea','2fbe7408-2fc7-11eb-ac51-227918fa15ea',NULL,NULL,NULL,NULL,NULL,'填单人确认',NULL,NULL,NULL,NULL,'2020-11-26 03:10:11.123',NULL,'2020-11-26 03:10:11.167',44,NULL,50,NULL,'mes-requirement',NULL,'','2020-11-26 03:10:11.167'),
('2fc9beb1-2fc7-11eb-ac51-227918fa15ea',1,'mes-requirement:3:b2bb2000-2fc6-11eb-8a65-227918fa15ea',NULL,'sid-9E02A53C-8F0C-4B08-A7ED-46875520B424','2fbdb0ae-2fc7-11eb-ac51-227918fa15ea','2fbe7408-2fc7-11eb-ac51-227918fa15ea',NULL,NULL,NULL,NULL,NULL,'提案部门主管',NULL,NULL,NULL,NULL,'2020-11-26 03:10:11.168',NULL,NULL,NULL,NULL,50,'2020-12-01 11:10:11.168','mes-requirement',NULL,'','2020-11-26 03:10:11.170'),
('36eddd9b-2fb0-11eb-9226-227918fa15ea',1,'out-factory:12:0703936d-2fab-11eb-acf0-227918fa15ea',NULL,'sid-E086BDD7-66B2-409F-B18C-B682DD9172DB','057d014c-2fb0-11eb-9226-227918fa15ea','0581bc44-2fb0-11eb-9226-227918fa15ea',NULL,NULL,NULL,NULL,NULL,'申请人确认',NULL,NULL,NULL,NULL,'2020-11-26 00:25:44.685',NULL,'2020-11-26 00:25:44.724',39,NULL,50,NULL,'out-factory',NULL,'','2020-11-26 00:25:44.724'),
('36f04e9e-2fb0-11eb-9226-227918fa15ea',1,'out-factory:12:0703936d-2fab-11eb-acf0-227918fa15ea',NULL,'sid-ABCBD09C-DB79-4EE8-BB28-96FEBAAFF175','057d014c-2fb0-11eb-9226-227918fa15ea','0581bc44-2fb0-11eb-9226-227918fa15ea',NULL,NULL,NULL,NULL,NULL,'主管审核',NULL,NULL,NULL,'manager','2020-11-26 00:25:44.724',NULL,NULL,NULL,NULL,50,'2020-12-01 08:25:44.752','out-factory',NULL,'','2020-11-26 00:25:44.752'),
('3b4b7581-2e04-11eb-8e8e-227918fa15ea',1,'out-factory:6:6dda616e-2e03-11eb-8edb-227918fa15ea',NULL,'sid-E086BDD7-66B2-409F-B18C-B682DD9172DB','3b4275c5-2e04-11eb-8e8e-227918fa15ea','3b43120b-2e04-11eb-8e8e-227918fa15ea',NULL,NULL,NULL,NULL,NULL,'申请人确认',NULL,NULL,NULL,'admin','2020-11-23 21:22:07.409',NULL,NULL,NULL,NULL,50,'2020-11-29 05:22:07.460','out-factory',NULL,'','2020-11-23 21:22:07.460'),
('4bc73924-2f87-11eb-a96f-227918fa15ea',1,'out-factory:11:60901b2a-2f83-11eb-bdfc-227918fa15ea',NULL,'sid-ABCBD09C-DB79-4EE8-BB28-96FEBAAFF175','90d9dc8e-2f83-11eb-bdfc-227918fa15ea','90d9dc94-2f83-11eb-bdfc-227918fa15ea',NULL,NULL,NULL,NULL,NULL,'主管审核',NULL,NULL,NULL,NULL,'2020-11-25 19:32:50.238',NULL,NULL,NULL,NULL,50,'2020-12-01 03:32:50.380','out-factory',NULL,'','2020-11-25 19:32:50.383'),
('5007eab3-2fc9-11eb-813b-227918fa15ea',1,'out-factory:13:788781b4-2fb3-11eb-a9f3-227918fa15ea',NULL,'sid-E086BDD7-66B2-409F-B18C-B682DD9172DB','4cd3e8c4-2fc9-11eb-813b-227918fa15ea','4cd436ec-2fc9-11eb-813b-227918fa15ea',NULL,NULL,NULL,NULL,NULL,'申请人确认',NULL,NULL,NULL,NULL,'2020-11-26 03:25:24.256',NULL,'2020-11-26 03:25:24.256',0,NULL,50,NULL,'out-factory',NULL,'','2020-11-26 03:25:24.256'),
('5009bf76-2fc9-11eb-813b-227918fa15ea',1,'out-factory:13:788781b4-2fb3-11eb-a9f3-227918fa15ea',NULL,'sid-ABCBD09C-DB79-4EE8-BB28-96FEBAAFF175','4cd3e8c4-2fc9-11eb-813b-227918fa15ea','4cd436ec-2fc9-11eb-813b-227918fa15ea',NULL,NULL,NULL,NULL,NULL,'主管审核',NULL,NULL,NULL,'manager','2020-11-26 03:25:24.256',NULL,NULL,NULL,NULL,50,'2020-12-01 11:25:24.272','out-factory',NULL,'','2020-11-26 03:25:24.272'),
('55458883-2f88-11eb-aa23-227918fa15ea',1,'out-factory:11:60901b2a-2f83-11eb-bdfc-227918fa15ea',NULL,'sid-E086BDD7-66B2-409F-B18C-B682DD9172DB','553dc044-2f88-11eb-aa23-227918fa15ea','553ed1bd-2f88-11eb-aa23-227918fa15ea',NULL,NULL,NULL,NULL,NULL,'申请人确认',NULL,NULL,NULL,NULL,'2020-11-25 19:40:15.730',NULL,'2020-11-25 19:40:15.762',32,NULL,50,NULL,'out-factory',NULL,'','2020-11-25 19:40:15.762'),
('55470f26-2f88-11eb-aa23-227918fa15ea',1,'out-factory:11:60901b2a-2f83-11eb-bdfc-227918fa15ea',NULL,'sid-ABCBD09C-DB79-4EE8-BB28-96FEBAAFF175','553dc044-2f88-11eb-aa23-227918fa15ea','553ed1bd-2f88-11eb-aa23-227918fa15ea',NULL,NULL,NULL,NULL,NULL,'主管审核',NULL,NULL,NULL,NULL,'2020-11-25 19:40:15.762',NULL,'2020-11-25 19:40:15.771',9,NULL,50,NULL,'out-factory',NULL,'','2020-11-25 19:40:15.771'),
('74d5d593-2fbc-11eb-924a-227918fa15ea',1,'mes-requirement:1:9ca6d000-2d55-11eb-b88c-227918fa15ea',NULL,'sid-33868E85-5876-4712-9136-27C22F40C24D','74ced0a7-2fbc-11eb-924a-227918fa15ea','74cfbb0d-2fbc-11eb-924a-227918fa15ea',NULL,NULL,NULL,NULL,NULL,'填单人确认',NULL,NULL,NULL,NULL,'2020-11-26 01:53:22.519',NULL,NULL,NULL,NULL,50,'2020-12-01 09:53:22.547',NULL,NULL,'','2020-11-26 01:53:22.549'),
('854bfe55-2f93-11eb-9d05-227918fa15ea',2,'out-factory:11:60901b2a-2f83-11eb-bdfc-227918fa15ea',NULL,'sid-E086BDD7-66B2-409F-B18C-B682DD9172DB','c44b3049-2f90-11eb-9d05-227918fa15ea','854b8923-2f93-11eb-9d05-227918fa15ea',NULL,NULL,NULL,NULL,NULL,'申请人确认',NULL,NULL,NULL,'user','2020-11-25 21:00:20.795',NULL,'2020-11-25 21:01:11.130',50335,NULL,50,'2020-12-01 05:00:20.800','out-factory',NULL,'','2020-11-25 21:01:11.130'),
('870b89b8-2f88-11eb-aa23-227918fa15ea',1,'out-factory:11:60901b2a-2f83-11eb-bdfc-227918fa15ea',NULL,'sid-E086BDD7-66B2-409F-B18C-B682DD9172DB','870b6299-2f88-11eb-aa23-227918fa15ea','870b62a2-2f88-11eb-aa23-227918fa15ea',NULL,NULL,NULL,NULL,NULL,'申请人确认',NULL,NULL,NULL,NULL,'2020-11-25 19:41:39.267',NULL,'2020-11-25 19:41:39.267',0,NULL,50,NULL,'out-factory',NULL,'','2020-11-25 19:41:39.267'),
('870b89bb-2f88-11eb-aa23-227918fa15ea',2,'out-factory:11:60901b2a-2f83-11eb-bdfc-227918fa15ea',NULL,'sid-ABCBD09C-DB79-4EE8-BB28-96FEBAAFF175','870b6299-2f88-11eb-aa23-227918fa15ea','870b62a2-2f88-11eb-aa23-227918fa15ea',NULL,NULL,NULL,NULL,NULL,'主管审核',NULL,NULL,NULL,'manager','2020-11-25 19:41:39.267',NULL,'2020-11-25 19:42:11.879',32612,'Change activity to sid-E086BDD7-66B2-409F-B18C-B682DD9172DB',50,'2020-12-01 03:41:39.275','out-factory',NULL,'','2020-11-25 19:42:11.879'),
('8b1b9554-2fc7-11eb-b181-227918fa15ea',1,'mes-requirement:3:b2bb2000-2fc6-11eb-8a65-227918fa15ea',NULL,'sid-33868E85-5876-4712-9136-27C22F40C24D','8b124674-2fc7-11eb-b181-227918fa15ea','8b1357ee-2fc7-11eb-b181-227918fa15ea',NULL,NULL,NULL,NULL,NULL,'填单人确认',NULL,NULL,NULL,NULL,'2020-11-26 03:12:44.349',NULL,'2020-11-26 03:12:44.378',29,NULL,50,NULL,'mes-requirement',NULL,'','2020-11-26 03:12:44.378'),
('8b1bbc67-2fc7-11eb-b181-227918fa15ea',1,'mes-requirement:3:b2bb2000-2fc6-11eb-8a65-227918fa15ea',NULL,'sid-9E02A53C-8F0C-4B08-A7ED-46875520B424','8b124674-2fc7-11eb-b181-227918fa15ea','8b1357ee-2fc7-11eb-b181-227918fa15ea',NULL,NULL,NULL,NULL,NULL,'提案部门主管',NULL,NULL,NULL,NULL,'2020-11-26 03:12:44.378',NULL,NULL,NULL,NULL,50,'2020-12-01 11:12:44.379','mes-requirement',NULL,'','2020-11-26 03:12:44.380'),
('90d9dc9a-2f83-11eb-bdfc-227918fa15ea',2,'out-factory:11:60901b2a-2f83-11eb-bdfc-227918fa15ea',NULL,'sid-E086BDD7-66B2-409F-B18C-B682DD9172DB','90d9dc8e-2f83-11eb-bdfc-227918fa15ea','90d9dc94-2f83-11eb-bdfc-227918fa15ea',NULL,NULL,NULL,NULL,NULL,'申请人确认',NULL,NULL,NULL,'manager','2020-11-25 19:06:08.235',NULL,'2020-11-25 19:32:50.160',1601925,NULL,50,'2020-12-01 03:06:08.235','out-factory',NULL,'','2020-11-25 19:32:50.160'),
('95c86698-2fca-11eb-97fd-227918fa15ea',1,'mes-requirement:3:b2bb2000-2fc6-11eb-8a65-227918fa15ea',NULL,'sid-33868E85-5876-4712-9136-27C22F40C24D','95bb6f38-2fca-11eb-97fd-227918fa15ea','95bca6c2-2fca-11eb-97fd-227918fa15ea',NULL,NULL,NULL,NULL,NULL,'填单人确认',NULL,NULL,NULL,NULL,'2020-11-26 03:34:30.735',NULL,'2020-11-26 03:34:30.779',44,NULL,50,NULL,'mes-requirement',NULL,'','2020-11-26 03:34:30.779'),
('95c8dbcb-2fca-11eb-97fd-227918fa15ea',1,'mes-requirement:3:b2bb2000-2fc6-11eb-8a65-227918fa15ea',NULL,'sid-9E02A53C-8F0C-4B08-A7ED-46875520B424','95bb6f38-2fca-11eb-97fd-227918fa15ea','95bca6c2-2fca-11eb-97fd-227918fa15ea',NULL,NULL,NULL,NULL,NULL,'提案部门主管',NULL,NULL,NULL,NULL,'2020-11-26 03:34:30.779',NULL,NULL,NULL,NULL,50,'2020-12-01 11:34:30.780','mes-requirement',NULL,'','2020-11-26 03:34:30.782'),
('966ba2c2-2f8e-11eb-a740-227918fa15ea',2,'out-factory:11:60901b2a-2f83-11eb-bdfc-227918fa15ea',NULL,'sid-ABCBD09C-DB79-4EE8-BB28-96FEBAAFF175','870b6299-2f88-11eb-aa23-227918fa15ea','9a7c3132-2f88-11eb-aa23-227918fa15ea',NULL,NULL,NULL,NULL,NULL,'主管审核',NULL,NULL,NULL,'manager','2020-11-25 20:25:01.883',NULL,'2020-11-25 20:25:36.388',34505,NULL,50,'2020-12-01 04:25:02.074','out-factory',NULL,'','2020-11-25 20:25:36.388'),
('9a7ccd74-2f88-11eb-aa23-227918fa15ea',3,'out-factory:11:60901b2a-2f83-11eb-bdfc-227918fa15ea',NULL,'sid-E086BDD7-66B2-409F-B18C-B682DD9172DB','870b6299-2f88-11eb-aa23-227918fa15ea','9a7c3132-2f88-11eb-aa23-227918fa15ea',NULL,NULL,NULL,NULL,NULL,'申请人确认',NULL,NULL,NULL,'user','2020-11-25 19:42:11.882',NULL,'2020-11-25 20:25:01.789',2569907,NULL,50,'2020-12-01 03:42:11.886','out-factory',NULL,'','2020-11-25 20:25:01.789'),
('a34cf67d-2f93-11eb-9d05-227918fa15ea',2,'out-factory:11:60901b2a-2f83-11eb-bdfc-227918fa15ea',NULL,'sid-ABCBD09C-DB79-4EE8-BB28-96FEBAAFF175','c44b3049-2f90-11eb-9d05-227918fa15ea','854b8923-2f93-11eb-9d05-227918fa15ea',NULL,NULL,NULL,NULL,NULL,'主管审核',NULL,NULL,NULL,'manager','2020-11-25 21:01:11.136',NULL,'2020-11-25 21:01:30.913',19777,NULL,50,'2020-12-01 05:01:11.137','out-factory',NULL,'','2020-11-25 21:01:30.913'),
('a44ae2f1-2e04-11eb-b39c-227918fa15ea',1,'out-factory:6:6dda616e-2e03-11eb-8edb-227918fa15ea',NULL,'sid-E086BDD7-66B2-409F-B18C-B682DD9172DB','a43e38b5-2e04-11eb-b39c-227918fa15ea','a43f713b-2e04-11eb-b39c-227918fa15ea',NULL,NULL,NULL,NULL,NULL,'申请人确认',NULL,NULL,NULL,'admin','2020-11-23 21:25:03.547',NULL,NULL,NULL,NULL,50,'2020-11-29 05:25:03.618','out-factory',NULL,'','2020-11-23 21:25:03.620'),
('c452f888-2f90-11eb-9d05-227918fa15ea',1,'out-factory:11:60901b2a-2f83-11eb-bdfc-227918fa15ea',NULL,'sid-E086BDD7-66B2-409F-B18C-B682DD9172DB','c44b3049-2f90-11eb-9d05-227918fa15ea','c44c68d2-2f90-11eb-9d05-227918fa15ea',NULL,NULL,NULL,NULL,NULL,'申请人确认',NULL,NULL,NULL,NULL,'2020-11-25 20:40:38.023',NULL,'2020-11-25 20:40:38.054',31,NULL,50,NULL,'out-factory',NULL,'','2020-11-25 20:40:38.054'),
('c454cd4b-2f90-11eb-9d05-227918fa15ea',2,'out-factory:11:60901b2a-2f83-11eb-bdfc-227918fa15ea',NULL,'sid-ABCBD09C-DB79-4EE8-BB28-96FEBAAFF175','c44b3049-2f90-11eb-9d05-227918fa15ea','c44c68d2-2f90-11eb-9d05-227918fa15ea',NULL,NULL,NULL,NULL,NULL,'主管审核',NULL,NULL,NULL,'manager','2020-11-25 20:40:38.054',NULL,'2020-11-25 21:00:20.790',1182736,'Change activity to sid-E086BDD7-66B2-409F-B18C-B682DD9172DB',50,'2020-12-01 04:40:38.066','out-factory',NULL,'','2020-11-25 21:00:20.790'),
('cac593c5-2fc9-11eb-8ad3-227918fa15ea',1,'mes-requirement:3:b2bb2000-2fc6-11eb-8a65-227918fa15ea',NULL,'sid-33868E85-5876-4712-9136-27C22F40C24D','cabb3375-2fc9-11eb-8ad3-227918fa15ea','cabc6bff-2fc9-11eb-8ad3-227918fa15ea',NULL,NULL,NULL,NULL,NULL,'填单人确认',NULL,NULL,NULL,NULL,'2020-11-26 03:28:50.151',NULL,'2020-11-26 03:28:50.182',31,NULL,50,NULL,'mes-requirement',NULL,'','2020-11-26 03:28:50.182'),
('cac5e1e8-2fc9-11eb-8ad3-227918fa15ea',1,'mes-requirement:3:b2bb2000-2fc6-11eb-8a65-227918fa15ea',NULL,'sid-9E02A53C-8F0C-4B08-A7ED-46875520B424','cabb3375-2fc9-11eb-8ad3-227918fa15ea','cabc6bff-2fc9-11eb-8ad3-227918fa15ea',NULL,NULL,NULL,NULL,NULL,'提案部门主管',NULL,NULL,NULL,NULL,'2020-11-26 03:28:50.183',NULL,NULL,NULL,NULL,50,'2020-12-01 11:28:50.183','mes-requirement',NULL,'','2020-11-26 03:28:50.185'),
('df3db70a-2ef9-11eb-aabd-227918fa15ea',1,'out-factory:9:9fcde22d-2e0b-11eb-b42b-227918fa15ea',NULL,'sid-E086BDD7-66B2-409F-B18C-B682DD9172DB','df35046b-2ef9-11eb-aabd-227918fa15ea','df3615e4-2ef9-11eb-aabd-227918fa15ea',NULL,NULL,NULL,NULL,NULL,'申请人确认',NULL,NULL,NULL,NULL,'2020-11-25 02:40:29.166',NULL,'2020-11-25 02:40:29.205',39,NULL,50,NULL,'out-factory',NULL,'','2020-11-25 02:40:29.205'),
('df3e2c3d-2ef9-11eb-aabd-227918fa15ea',2,'out-factory:9:9fcde22d-2e0b-11eb-b42b-227918fa15ea',NULL,'sid-ABCBD09C-DB79-4EE8-BB28-96FEBAAFF175','df35046b-2ef9-11eb-aabd-227918fa15ea','df3615e4-2ef9-11eb-aabd-227918fa15ea',NULL,NULL,NULL,NULL,NULL,'主管审核',NULL,NULL,NULL,'manager','2020-11-25 02:40:29.205',NULL,'2020-11-25 18:54:04.899',58415694,NULL,50,'2020-11-30 10:40:29.213','out-factory',NULL,'','2020-11-25 18:54:04.899'),
('e8f4f614-2fc6-11eb-8a65-227918fa15ea',1,'mes-requirement:2:0842502a-2fbd-11eb-924a-227918fa15ea',NULL,'sid-33868E85-5876-4712-9136-27C22F40C24D','e8eb3204-2fc6-11eb-8a65-227918fa15ea','e8ec1c6e-2fc6-11eb-8a65-227918fa15ea',NULL,NULL,NULL,NULL,NULL,'填单人确认',NULL,NULL,NULL,NULL,'2020-11-26 03:08:12.301',NULL,'2020-11-26 03:08:12.334',33,NULL,50,NULL,'mes-requirement',NULL,'','2020-11-26 03:08:12.334'),
('e8f51d27-2fc6-11eb-8a65-227918fa15ea',1,'mes-requirement:2:0842502a-2fbd-11eb-924a-227918fa15ea',NULL,'sid-9E02A53C-8F0C-4B08-A7ED-46875520B424','e8eb3204-2fc6-11eb-8a65-227918fa15ea','e8ec1c6e-2fc6-11eb-8a65-227918fa15ea',NULL,NULL,NULL,NULL,NULL,'提案部门主管',NULL,NULL,NULL,NULL,'2020-11-26 03:08:12.334',NULL,NULL,NULL,NULL,50,'2020-12-01 11:08:12.335','mes-requirement',NULL,'','2020-11-26 03:08:12.336'),
('ea5443c0-2fbc-11eb-924a-227918fa15ea',1,'mes-requirement:1:9ca6d000-2d55-11eb-b88c-227918fa15ea',NULL,'sid-33868E85-5876-4712-9136-27C22F40C24D','ea533244-2fbc-11eb-924a-227918fa15ea','ea53ce8a-2fbc-11eb-924a-227918fa15ea',NULL,NULL,NULL,NULL,NULL,'填单人确认',NULL,NULL,NULL,NULL,'2020-11-26 01:56:39.668',NULL,NULL,NULL,NULL,50,'2020-12-01 09:56:39.669',NULL,NULL,'','2020-11-26 01:56:39.669'),
('efef5232-2fca-11eb-8fff-227918fa15ea',1,'mes-requirement:3:b2bb2000-2fc6-11eb-8a65-227918fa15ea',NULL,'sid-33868E85-5876-4712-9136-27C22F40C24D','e255b90c-2fca-11eb-8fff-227918fa15ea','e25a7406-2fca-11eb-8fff-227918fa15ea',NULL,NULL,NULL,NULL,NULL,'填单人确认',NULL,NULL,NULL,NULL,'2020-11-26 03:37:01.981',NULL,'2020-11-26 03:37:02.028',47,NULL,50,NULL,'mes-requirement',NULL,'','2020-11-26 03:37:02.028'),
('efefa055-2fca-11eb-8fff-227918fa15ea',1,'mes-requirement:3:b2bb2000-2fc6-11eb-8a65-227918fa15ea',NULL,'sid-9E02A53C-8F0C-4B08-A7ED-46875520B424','e255b90c-2fca-11eb-8fff-227918fa15ea','e25a7406-2fca-11eb-8fff-227918fa15ea',NULL,NULL,NULL,NULL,NULL,'提案部门主管',NULL,NULL,NULL,NULL,'2020-11-26 03:37:02.029',NULL,NULL,NULL,NULL,50,'2020-12-01 11:37:02.029','mes-requirement',NULL,'','2020-11-26 03:37:02.049'),
('f2692396-2e06-11eb-bbd8-227918fa15ea',1,'out-factory:7:78a9fdfc-2e06-11eb-84ba-227918fa15ea',NULL,'sid-E086BDD7-66B2-409F-B18C-B682DD9172DB','f25f869a-2e06-11eb-bbd8-227918fa15ea','f260e630-2e06-11eb-bbd8-227918fa15ea',NULL,NULL,NULL,NULL,NULL,'申请人确认',NULL,NULL,NULL,'admin','2020-11-23 21:41:33.622',NULL,NULL,NULL,NULL,50,'2020-11-29 05:41:33.667','out-factory',NULL,'','2020-11-23 21:41:33.669'),
('f7b2d950-2fc8-11eb-813b-227918fa15ea',1,'mes-requirement:3:b2bb2000-2fc6-11eb-8a65-227918fa15ea',NULL,'sid-33868E85-5876-4712-9136-27C22F40C24D','f7a9b180-2fc8-11eb-813b-227918fa15ea','f7aa9bea-2fc8-11eb-813b-227918fa15ea',NULL,NULL,NULL,NULL,NULL,'填单人确认',NULL,NULL,NULL,NULL,'2020-11-26 03:22:56.031',NULL,'2020-11-26 03:22:56.060',29,NULL,50,NULL,'mes-requirement',NULL,'','2020-11-26 03:22:56.060'),
('f7b30063-2fc8-11eb-813b-227918fa15ea',1,'mes-requirement:3:b2bb2000-2fc6-11eb-8a65-227918fa15ea',NULL,'sid-9E02A53C-8F0C-4B08-A7ED-46875520B424','f7a9b180-2fc8-11eb-813b-227918fa15ea','f7aa9bea-2fc8-11eb-813b-227918fa15ea',NULL,NULL,NULL,NULL,NULL,'提案部门主管',NULL,NULL,NULL,NULL,'2020-11-26 03:22:56.060',NULL,NULL,NULL,NULL,50,'2020-12-01 11:22:56.060','mes-requirement',NULL,'','2020-11-26 03:22:56.061'),
('f885d3da-2e0b-11eb-b5e4-227918fa15ea',1,'out-factory:9:9fcde22d-2e0b-11eb-b42b-227918fa15ea',NULL,'sid-E086BDD7-66B2-409F-B18C-B682DD9172DB','f87e80cb-2e0b-11eb-b5e4-227918fa15ea','f87f6b34-2e0b-11eb-b5e4-227918fa15ea',NULL,NULL,NULL,NULL,NULL,'申请人确认',NULL,NULL,NULL,NULL,'2020-11-23 22:17:31.370',NULL,'2020-11-23 22:17:31.398',28,NULL,50,NULL,'out-factory',NULL,'','2020-11-23 22:17:31.398'),
('f88621fd-2e0b-11eb-b5e4-227918fa15ea',2,'out-factory:9:9fcde22d-2e0b-11eb-b42b-227918fa15ea',NULL,'sid-ABCBD09C-DB79-4EE8-BB28-96FEBAAFF175','f87e80cb-2e0b-11eb-b5e4-227918fa15ea','f87f6b34-2e0b-11eb-b5e4-227918fa15ea',NULL,NULL,NULL,NULL,NULL,'主管审核',NULL,NULL,NULL,'manager','2020-11-23 22:17:31.399',NULL,'2020-11-25 19:33:21.482',162950083,NULL,50,'2020-11-29 06:17:31.405','out-factory',NULL,'','2020-11-25 19:33:21.482');

/*Table structure for table `ACT_HI_TSK_LOG` */

DROP TABLE IF EXISTS `ACT_HI_TSK_LOG`;

CREATE TABLE `ACT_HI_TSK_LOG` (
  `ID_` bigint NOT NULL AUTO_INCREMENT,
  `TYPE_` varchar(64) COLLATE utf8_bin DEFAULT NULL,
  `TASK_ID_` varchar(64) COLLATE utf8_bin NOT NULL,
  `TIME_STAMP_` timestamp(3) NOT NULL,
  `USER_ID_` varchar(255) COLLATE utf8_bin DEFAULT NULL,
  `DATA_` varchar(4000) COLLATE utf8_bin DEFAULT NULL,
  `EXECUTION_ID_` varchar(64) COLLATE utf8_bin DEFAULT NULL,
  `PROC_INST_ID_` varchar(64) COLLATE utf8_bin DEFAULT NULL,
  `PROC_DEF_ID_` varchar(64) COLLATE utf8_bin DEFAULT NULL,
  `SCOPE_ID_` varchar(255) COLLATE utf8_bin DEFAULT NULL,
  `SCOPE_DEFINITION_ID_` varchar(255) COLLATE utf8_bin DEFAULT NULL,
  `SUB_SCOPE_ID_` varchar(255) COLLATE utf8_bin DEFAULT NULL,
  `SCOPE_TYPE_` varchar(255) COLLATE utf8_bin DEFAULT NULL,
  `TENANT_ID_` varchar(255) COLLATE utf8_bin DEFAULT '',
  PRIMARY KEY (`ID_`)
) ENGINE=InnoDB DEFAULT CHARSET=utf8 COLLATE=utf8_bin;

/*Data for the table `ACT_HI_TSK_LOG` */

/*Table structure for table `ACT_HI_VARINST` */

DROP TABLE IF EXISTS `ACT_HI_VARINST`;

CREATE TABLE `ACT_HI_VARINST` (
  `ID_` varchar(64) COLLATE utf8_bin NOT NULL,
  `REV_` int DEFAULT '1',
  `PROC_INST_ID_` varchar(64) COLLATE utf8_bin DEFAULT NULL,
  `EXECUTION_ID_` varchar(64) COLLATE utf8_bin DEFAULT NULL,
  `TASK_ID_` varchar(64) COLLATE utf8_bin DEFAULT NULL,
  `NAME_` varchar(255) COLLATE utf8_bin NOT NULL,
  `VAR_TYPE_` varchar(100) COLLATE utf8_bin DEFAULT NULL,
  `SCOPE_ID_` varchar(255) COLLATE utf8_bin DEFAULT NULL,
  `SUB_SCOPE_ID_` varchar(255) COLLATE utf8_bin DEFAULT NULL,
  `SCOPE_TYPE_` varchar(255) COLLATE utf8_bin DEFAULT NULL,
  `BYTEARRAY_ID_` varchar(64) COLLATE utf8_bin DEFAULT NULL,
  `DOUBLE_` double DEFAULT NULL,
  `LONG_` bigint DEFAULT NULL,
  `TEXT_` varchar(4000) COLLATE utf8_bin DEFAULT NULL,
  `TEXT2_` varchar(4000) COLLATE utf8_bin DEFAULT NULL,
  `CREATE_TIME_` datetime(3) DEFAULT NULL,
  `LAST_UPDATED_TIME_` datetime(3) DEFAULT NULL,
  PRIMARY KEY (`ID_`),
  KEY `ACT_IDX_HI_PROCVAR_NAME_TYPE` (`NAME_`,`VAR_TYPE_`),
  KEY `ACT_IDX_HI_VAR_SCOPE_ID_TYPE` (`SCOPE_ID_`,`SCOPE_TYPE_`),
  KEY `ACT_IDX_HI_VAR_SUB_ID_TYPE` (`SUB_SCOPE_ID_`,`SCOPE_TYPE_`),
  KEY `ACT_IDX_HI_PROCVAR_PROC_INST` (`PROC_INST_ID_`),
  KEY `ACT_IDX_HI_PROCVAR_TASK_ID` (`TASK_ID_`),
  KEY `ACT_IDX_HI_PROCVAR_EXE` (`EXECUTION_ID_`)
) ENGINE=InnoDB DEFAULT CHARSET=utf8 COLLATE=utf8_bin;

/*Data for the table `ACT_HI_VARINST` */

insert  into `ACT_HI_VARINST`(`ID_`,`REV_`,`PROC_INST_ID_`,`EXECUTION_ID_`,`TASK_ID_`,`NAME_`,`VAR_TYPE_`,`SCOPE_ID_`,`SUB_SCOPE_ID_`,`SCOPE_TYPE_`,`BYTEARRAY_ID_`,`DOUBLE_`,`LONG_`,`TEXT_`,`TEXT2_`,`CREATE_TIME_`,`LAST_UPDATED_TIME_`) values 
('057d285d-2fb0-11eb-9226-227918fa15ea',0,'057d014c-2fb0-11eb-9226-227918fa15ea','057d014c-2fb0-11eb-9226-227918fa15ea',NULL,'initiator','string',NULL,NULL,NULL,NULL,NULL,NULL,'user',NULL,'2020-11-26 00:24:21.789','2020-11-26 00:24:21.789'),
('05811fff-2fb0-11eb-9226-227918fa15ea',0,'057d014c-2fb0-11eb-9226-227918fa15ea','057d014c-2fb0-11eb-9226-227918fa15ea',NULL,'summary','string',NULL,NULL,NULL,NULL,NULL,NULL,'請假外出',NULL,'2020-11-26 00:24:21.803','2020-11-26 00:25:06.989'),
('05812000-2fb0-11eb-9226-227918fa15ea',0,'057d014c-2fb0-11eb-9226-227918fa15ea','057d014c-2fb0-11eb-9226-227918fa15ea',NULL,'empid','long',NULL,NULL,NULL,NULL,NULL,999,'999',NULL,'2020-11-26 00:24:21.803','2020-11-26 00:25:06.998'),
('05814711-2fb0-11eb-9226-227918fa15ea',0,'057d014c-2fb0-11eb-9226-227918fa15ea','057d014c-2fb0-11eb-9226-227918fa15ea',NULL,'_FLOWABLE_SKIP_EXPRESSION_ENABLED','boolean',NULL,NULL,NULL,NULL,NULL,1,NULL,NULL,'2020-11-26 00:24:21.804','2020-11-26 00:25:07.007'),
('05814712-2fb0-11eb-9226-227918fa15ea',0,'057d014c-2fb0-11eb-9226-227918fa15ea','057d014c-2fb0-11eb-9226-227918fa15ea',NULL,'description','string',NULL,NULL,NULL,NULL,NULL,NULL,'99999999999',NULL,'2020-11-26 00:24:21.804','2020-11-26 00:25:07.016'),
('05814713-2fb0-11eb-9226-227918fa15ea',0,'057d014c-2fb0-11eb-9226-227918fa15ea','057d014c-2fb0-11eb-9226-227918fa15ea',NULL,'skip','boolean',NULL,NULL,NULL,NULL,NULL,1,NULL,NULL,'2020-11-26 00:24:21.804','2020-11-26 00:25:07.025'),
('0b91e7f7-2fcb-11eb-8fff-227918fa15ea',0,'0b91e7f6-2fcb-11eb-8fff-227918fa15ea','0b91e7f6-2fcb-11eb-8fff-227918fa15ea',NULL,'initiator','string',NULL,NULL,NULL,NULL,NULL,NULL,'user',NULL,'2020-11-26 03:37:48.391','2020-11-26 03:37:48.391'),
('0b91e7f9-2fcb-11eb-8fff-227918fa15ea',0,'0b91e7f6-2fcb-11eb-8fff-227918fa15ea','0b91e7f6-2fcb-11eb-8fff-227918fa15ea',NULL,'summary','string',NULL,NULL,NULL,NULL,NULL,NULL,'請假外出',NULL,'2020-11-26 03:37:48.391','2020-11-26 03:37:59.894'),
('0b91e7fa-2fcb-11eb-8fff-227918fa15ea',0,'0b91e7f6-2fcb-11eb-8fff-227918fa15ea','0b91e7f6-2fcb-11eb-8fff-227918fa15ea',NULL,'empid','long',NULL,NULL,NULL,NULL,NULL,9999,'9999',NULL,'2020-11-26 03:37:48.391','2020-11-26 03:37:59.895'),
('0b91e7fb-2fcb-11eb-8fff-227918fa15ea',0,'0b91e7f6-2fcb-11eb-8fff-227918fa15ea','0b91e7f6-2fcb-11eb-8fff-227918fa15ea',NULL,'_FLOWABLE_SKIP_EXPRESSION_ENABLED','boolean',NULL,NULL,NULL,NULL,NULL,1,NULL,NULL,'2020-11-26 03:37:48.391','2020-11-26 03:37:59.896'),
('0b91e7fc-2fcb-11eb-8fff-227918fa15ea',0,'0b91e7f6-2fcb-11eb-8fff-227918fa15ea','0b91e7f6-2fcb-11eb-8fff-227918fa15ea',NULL,'description','string',NULL,NULL,NULL,NULL,NULL,NULL,'99999999999',NULL,'2020-11-26 03:37:48.391','2020-11-26 03:37:59.896'),
('0b91e7fd-2fcb-11eb-8fff-227918fa15ea',0,'0b91e7f6-2fcb-11eb-8fff-227918fa15ea','0b91e7f6-2fcb-11eb-8fff-227918fa15ea',NULL,'skip','boolean',NULL,NULL,NULL,NULL,NULL,1,NULL,NULL,'2020-11-26 03:37:48.391','2020-11-26 03:37:59.897'),
('126e0a50-2fcb-11eb-8fff-227918fa15ea',0,'0b91e7f6-2fcb-11eb-8fff-227918fa15ea','0b91e7f6-2fcb-11eb-8fff-227918fa15ea',NULL,'manager','string',NULL,NULL,NULL,NULL,NULL,NULL,'manager',NULL,'2020-11-26 03:37:59.900','2020-11-26 03:37:59.900'),
('138e353c-2f83-11eb-bdfc-227918fa15ea',0,'138e353b-2f83-11eb-bdfc-227918fa15ea','138e353b-2f83-11eb-bdfc-227918fa15ea',NULL,'initiator','string',NULL,NULL,NULL,NULL,NULL,NULL,'manager',NULL,'2020-11-25 19:02:38.024','2020-11-25 19:02:38.024'),
('138ed17e-2f83-11eb-bdfc-227918fa15ea',1,'138e353b-2f83-11eb-bdfc-227918fa15ea','138e353b-2f83-11eb-bdfc-227918fa15ea',NULL,'summary','string',NULL,NULL,NULL,NULL,NULL,NULL,'su',NULL,'2020-11-25 19:02:38.028','2020-11-25 19:39:06.794'),
('138ed17f-2f83-11eb-bdfc-227918fa15ea',1,'138e353b-2f83-11eb-bdfc-227918fa15ea','138e353b-2f83-11eb-bdfc-227918fa15ea',NULL,'empid','long',NULL,NULL,NULL,NULL,NULL,111111111,'111111111',NULL,'2020-11-25 19:02:38.028','2020-11-25 19:39:06.794'),
('138ed180-2f83-11eb-bdfc-227918fa15ea',1,'138e353b-2f83-11eb-bdfc-227918fa15ea','138e353b-2f83-11eb-bdfc-227918fa15ea',NULL,'description','string',NULL,NULL,NULL,NULL,NULL,NULL,'11111111111111    ',NULL,'2020-11-25 19:02:38.028','2020-11-25 19:39:06.802'),
('138ed181-2f83-11eb-bdfc-227918fa15ea',1,'138e353b-2f83-11eb-bdfc-227918fa15ea','138e353b-2f83-11eb-bdfc-227918fa15ea',NULL,'form_out-factory_outcome','string',NULL,NULL,NULL,NULL,NULL,NULL,'agree',NULL,'2020-11-25 19:02:38.028','2020-11-25 19:39:06.818'),
('20785a96-2fb0-11eb-9226-227918fa15ea',0,'057d014c-2fb0-11eb-9226-227918fa15ea','057d014c-2fb0-11eb-9226-227918fa15ea',NULL,'manager','string',NULL,NULL,NULL,NULL,NULL,NULL,'manager',NULL,'2020-11-26 00:25:07.045','2020-11-26 00:25:07.045'),
('21ee6e00-2fb2-11eb-9226-227918fa15ea',0,'21ee6dff-2fb2-11eb-9226-227918fa15ea','21ee6dff-2fb2-11eb-9226-227918fa15ea',NULL,'initiator','string',NULL,NULL,NULL,NULL,NULL,NULL,'user',NULL,'2020-11-26 00:39:28.489','2020-11-26 00:39:28.489'),
('21ee6e02-2fb2-11eb-9226-227918fa15ea',0,'21ee6dff-2fb2-11eb-9226-227918fa15ea','21ee6dff-2fb2-11eb-9226-227918fa15ea',NULL,'summary','string',NULL,NULL,NULL,NULL,NULL,NULL,'請假外出',NULL,'2020-11-26 00:39:28.489','2020-11-26 00:39:35.725'),
('21ee6e03-2fb2-11eb-9226-227918fa15ea',0,'21ee6dff-2fb2-11eb-9226-227918fa15ea','21ee6dff-2fb2-11eb-9226-227918fa15ea',NULL,'empid','long',NULL,NULL,NULL,NULL,NULL,9999,'9999',NULL,'2020-11-26 00:39:28.489','2020-11-26 00:39:35.725'),
('21ee6e04-2fb2-11eb-9226-227918fa15ea',0,'21ee6dff-2fb2-11eb-9226-227918fa15ea','21ee6dff-2fb2-11eb-9226-227918fa15ea',NULL,'_FLOWABLE_SKIP_EXPRESSION_ENABLED','boolean',NULL,NULL,NULL,NULL,NULL,1,NULL,NULL,'2020-11-26 00:39:28.489','2020-11-26 00:39:35.733'),
('21ee6e05-2fb2-11eb-9226-227918fa15ea',0,'21ee6dff-2fb2-11eb-9226-227918fa15ea','21ee6dff-2fb2-11eb-9226-227918fa15ea',NULL,'description','string',NULL,NULL,NULL,NULL,NULL,NULL,'9999999999999',NULL,'2020-11-26 00:39:28.489','2020-11-26 00:39:35.733'),
('21ee6e06-2fb2-11eb-9226-227918fa15ea',0,'21ee6dff-2fb2-11eb-9226-227918fa15ea','21ee6dff-2fb2-11eb-9226-227918fa15ea',NULL,'skip','boolean',NULL,NULL,NULL,NULL,NULL,1,NULL,NULL,'2020-11-26 00:39:28.489','2020-11-26 00:39:35.737'),
('26406309-2fb2-11eb-9226-227918fa15ea',0,'21ee6dff-2fb2-11eb-9226-227918fa15ea','21ee6dff-2fb2-11eb-9226-227918fa15ea',NULL,'manager','string',NULL,NULL,NULL,NULL,NULL,NULL,'manager',NULL,'2020-11-26 00:39:35.737','2020-11-26 00:39:35.737'),
('27388292-2fab-11eb-acf0-227918fa15ea',0,'27388291-2fab-11eb-acf0-227918fa15ea','27388291-2fab-11eb-acf0-227918fa15ea',NULL,'initiator','string',NULL,NULL,NULL,NULL,NULL,NULL,'user',NULL,'2020-11-25 23:49:30.890','2020-11-25 23:49:30.890'),
('27391ed4-2fab-11eb-acf0-227918fa15ea',0,'27388291-2fab-11eb-acf0-227918fa15ea','27388291-2fab-11eb-acf0-227918fa15ea',NULL,'summary','string',NULL,NULL,NULL,NULL,NULL,NULL,'請假外出',NULL,'2020-11-25 23:49:30.890','2020-11-25 23:49:30.890'),
('27391ed5-2fab-11eb-acf0-227918fa15ea',0,'27388291-2fab-11eb-acf0-227918fa15ea','27388291-2fab-11eb-acf0-227918fa15ea',NULL,'empid','long',NULL,NULL,NULL,NULL,NULL,222222,'222222',NULL,'2020-11-25 23:49:30.890','2020-11-25 23:49:30.890'),
('27391ed6-2fab-11eb-acf0-227918fa15ea',0,'27388291-2fab-11eb-acf0-227918fa15ea','27388291-2fab-11eb-acf0-227918fa15ea',NULL,'_FLOWABLE_SKIP_EXPRESSION_ENABLED','boolean',NULL,NULL,NULL,NULL,NULL,1,NULL,NULL,'2020-11-25 23:49:30.890','2020-11-25 23:49:30.890'),
('27391ed7-2fab-11eb-acf0-227918fa15ea',0,'27388291-2fab-11eb-acf0-227918fa15ea','27388291-2fab-11eb-acf0-227918fa15ea',NULL,'manager','string',NULL,NULL,NULL,NULL,NULL,NULL,'manager',NULL,'2020-11-25 23:49:30.890','2020-11-25 23:49:30.890'),
('27391ed8-2fab-11eb-acf0-227918fa15ea',0,'27388291-2fab-11eb-acf0-227918fa15ea','27388291-2fab-11eb-acf0-227918fa15ea',NULL,'description','string',NULL,NULL,NULL,NULL,NULL,NULL,'22222222',NULL,'2020-11-25 23:49:30.890','2020-11-25 23:49:30.890'),
('27391ed9-2fab-11eb-acf0-227918fa15ea',0,'27388291-2fab-11eb-acf0-227918fa15ea','27388291-2fab-11eb-acf0-227918fa15ea',NULL,'skip','boolean',NULL,NULL,NULL,NULL,NULL,1,NULL,NULL,'2020-11-25 23:49:30.890','2020-11-25 23:49:30.890'),
('2c2b3943-2f88-11eb-a96f-227918fa15ea',0,'138e353b-2f83-11eb-bdfc-227918fa15ea','138e353b-2f83-11eb-bdfc-227918fa15ea',NULL,'_FLOWABLE_SKIP_EXPRESSION_ENABLED','null',NULL,NULL,NULL,NULL,NULL,NULL,NULL,NULL,'2020-11-25 19:39:06.802','2020-11-25 19:39:06.802'),
('2c2b3944-2f88-11eb-a96f-227918fa15ea',0,'138e353b-2f83-11eb-bdfc-227918fa15ea','138e353b-2f83-11eb-bdfc-227918fa15ea',NULL,'manager','null',NULL,NULL,NULL,NULL,NULL,NULL,NULL,NULL,'2020-11-25 19:39:06.802','2020-11-25 19:39:06.802'),
('2c2daa45-2f88-11eb-a96f-227918fa15ea',0,'138e353b-2f83-11eb-bdfc-227918fa15ea','138e353b-2f83-11eb-bdfc-227918fa15ea',NULL,'skip','boolean',NULL,NULL,NULL,NULL,NULL,0,NULL,NULL,'2020-11-25 19:39:06.818','2020-11-25 19:39:06.818'),
('2fbdb0af-2fc7-11eb-ac51-227918fa15ea',0,'2fbdb0ae-2fc7-11eb-ac51-227918fa15ea','2fbdb0ae-2fc7-11eb-ac51-227918fa15ea',NULL,'initiator','string',NULL,NULL,NULL,NULL,NULL,NULL,'user',NULL,'2020-11-26 03:10:11.091','2020-11-26 03:10:11.091'),
('2fbe4cf1-2fc7-11eb-ac51-227918fa15ea',0,'2fbdb0ae-2fc7-11eb-ac51-227918fa15ea','2fbdb0ae-2fc7-11eb-ac51-227918fa15ea',NULL,'summary','string',NULL,NULL,NULL,NULL,NULL,NULL,'MES需求变更',NULL,'2020-11-26 03:10:11.093','2020-11-26 03:10:11.093'),
('2fbe4cf2-2fc7-11eb-ac51-227918fa15ea',0,'2fbdb0ae-2fc7-11eb-ac51-227918fa15ea','2fbdb0ae-2fc7-11eb-ac51-227918fa15ea',NULL,'assigneelist','string',NULL,NULL,NULL,NULL,NULL,NULL,'1:manager\r\n2:manager\r\n3:manager\r\n4:manager\r\n5:manager\r\n6:manager',NULL,'2020-11-26 03:10:11.093','2020-11-26 03:10:11.093'),
('2fbe4cf3-2fc7-11eb-ac51-227918fa15ea',0,'2fbdb0ae-2fc7-11eb-ac51-227918fa15ea','2fbdb0ae-2fc7-11eb-ac51-227918fa15ea',NULL,'empid','string',NULL,NULL,NULL,NULL,NULL,NULL,'9999',NULL,'2020-11-26 03:10:11.093','2020-11-26 03:10:11.093'),
('2fbe4cf4-2fc7-11eb-ac51-227918fa15ea',0,'2fbdb0ae-2fc7-11eb-ac51-227918fa15ea','2fbdb0ae-2fc7-11eb-ac51-227918fa15ea',NULL,'_FLOWABLE_SKIP_EXPRESSION_ENABLED','boolean',NULL,NULL,NULL,NULL,NULL,1,NULL,NULL,'2020-11-26 03:10:11.093','2020-11-26 03:10:11.093'),
('2fbe4cf5-2fc7-11eb-ac51-227918fa15ea',0,'2fbdb0ae-2fc7-11eb-ac51-227918fa15ea','2fbdb0ae-2fc7-11eb-ac51-227918fa15ea',NULL,'description','string',NULL,NULL,NULL,NULL,NULL,NULL,'99999999999999999',NULL,'2020-11-26 03:10:11.093','2020-11-26 03:10:11.093'),
('2fbe4cf6-2fc7-11eb-ac51-227918fa15ea',0,'2fbdb0ae-2fc7-11eb-ac51-227918fa15ea','2fbdb0ae-2fc7-11eb-ac51-227918fa15ea',NULL,'skip','boolean',NULL,NULL,NULL,NULL,NULL,1,NULL,NULL,'2020-11-26 03:10:11.093','2020-11-26 03:10:11.093'),
('2fbe4cf7-2fc7-11eb-ac51-227918fa15ea',0,'2fbdb0ae-2fc7-11eb-ac51-227918fa15ea','2fbdb0ae-2fc7-11eb-ac51-227918fa15ea',NULL,'assigneeListVar','string',NULL,NULL,NULL,NULL,NULL,NULL,'manager;COORDINATOR;DEV TL;PSM;MESM;PM',NULL,'2020-11-26 03:10:11.093','2020-11-26 03:10:11.093'),
('3b4275c6-2e04-11eb-8e8e-227918fa15ea',0,'3b4275c5-2e04-11eb-8e8e-227918fa15ea','3b4275c5-2e04-11eb-8e8e-227918fa15ea',NULL,'initiator','string',NULL,NULL,NULL,NULL,NULL,NULL,'admin',NULL,'2020-11-23 21:22:07.389','2020-11-23 21:22:07.389'),
('3b431208-2e04-11eb-8e8e-227918fa15ea',0,'3b4275c5-2e04-11eb-8e8e-227918fa15ea','3b4275c5-2e04-11eb-8e8e-227918fa15ea',NULL,'summary','string',NULL,NULL,NULL,NULL,NULL,NULL,'23333',NULL,'2020-11-23 21:22:07.393','2020-11-23 21:22:07.393'),
('3b431209-2e04-11eb-8e8e-227918fa15ea',0,'3b4275c5-2e04-11eb-8e8e-227918fa15ea','3b4275c5-2e04-11eb-8e8e-227918fa15ea',NULL,'empid','long',NULL,NULL,NULL,NULL,NULL,322,'322',NULL,'2020-11-23 21:22:07.393','2020-11-23 21:22:07.393'),
('3b43120a-2e04-11eb-8e8e-227918fa15ea',0,'3b4275c5-2e04-11eb-8e8e-227918fa15ea','3b4275c5-2e04-11eb-8e8e-227918fa15ea',NULL,'description','string',NULL,NULL,NULL,NULL,NULL,NULL,'22222232',NULL,'2020-11-23 21:22:07.393','2020-11-23 21:22:07.393'),
('4ba7f14d-2f87-11eb-a96f-227918fa15ea',0,'90d9dc8e-2f83-11eb-bdfc-227918fa15ea','90d9dc8e-2f83-11eb-bdfc-227918fa15ea',NULL,'_FLOWABLE_SKIP_EXPRESSION_ENABLED','null',NULL,NULL,NULL,NULL,NULL,NULL,NULL,NULL,'2020-11-25 19:32:50.136','2020-11-25 19:32:50.136'),
('4ba88d8e-2f87-11eb-a96f-227918fa15ea',0,'90d9dc8e-2f83-11eb-bdfc-227918fa15ea','90d9dc8e-2f83-11eb-bdfc-227918fa15ea',NULL,'manager','null',NULL,NULL,NULL,NULL,NULL,NULL,NULL,NULL,'2020-11-25 19:32:50.136','2020-11-25 19:32:50.136'),
('4ba9c60f-2f87-11eb-a96f-227918fa15ea',0,'90d9dc8e-2f83-11eb-bdfc-227918fa15ea','90d9dc8e-2f83-11eb-bdfc-227918fa15ea',NULL,'skip','boolean',NULL,NULL,NULL,NULL,NULL,0,NULL,NULL,'2020-11-25 19:32:50.148','2020-11-25 19:32:50.148'),
('4baa6250-2f87-11eb-a96f-227918fa15ea',0,'90d9dc8e-2f83-11eb-bdfc-227918fa15ea','90d9dc8e-2f83-11eb-bdfc-227918fa15ea',NULL,'form_out-factory_outcome','string',NULL,NULL,NULL,NULL,NULL,NULL,'agree',NULL,'2020-11-25 19:32:50.148','2020-11-25 19:32:50.148'),
('4cd3e8c5-2fc9-11eb-813b-227918fa15ea',0,'4cd3e8c4-2fc9-11eb-813b-227918fa15ea','4cd3e8c4-2fc9-11eb-813b-227918fa15ea',NULL,'initiator','string',NULL,NULL,NULL,NULL,NULL,NULL,'user',NULL,'2020-11-26 03:25:18.882','2020-11-26 03:25:18.882'),
('4cd40fd7-2fc9-11eb-813b-227918fa15ea',0,'4cd3e8c4-2fc9-11eb-813b-227918fa15ea','4cd3e8c4-2fc9-11eb-813b-227918fa15ea',NULL,'summary','string',NULL,NULL,NULL,NULL,NULL,NULL,'請假外出',NULL,'2020-11-26 03:25:18.883','2020-11-26 03:25:24.241'),
('4cd40fd8-2fc9-11eb-813b-227918fa15ea',0,'4cd3e8c4-2fc9-11eb-813b-227918fa15ea','4cd3e8c4-2fc9-11eb-813b-227918fa15ea',NULL,'empid','long',NULL,NULL,NULL,NULL,NULL,9999,'9999',NULL,'2020-11-26 03:25:18.883','2020-11-26 03:25:24.241'),
('4cd40fd9-2fc9-11eb-813b-227918fa15ea',0,'4cd3e8c4-2fc9-11eb-813b-227918fa15ea','4cd3e8c4-2fc9-11eb-813b-227918fa15ea',NULL,'_FLOWABLE_SKIP_EXPRESSION_ENABLED','boolean',NULL,NULL,NULL,NULL,NULL,1,NULL,NULL,'2020-11-26 03:25:18.883','2020-11-26 03:25:24.241'),
('4cd40fda-2fc9-11eb-813b-227918fa15ea',0,'4cd3e8c4-2fc9-11eb-813b-227918fa15ea','4cd3e8c4-2fc9-11eb-813b-227918fa15ea',NULL,'description','string',NULL,NULL,NULL,NULL,NULL,NULL,'999999999',NULL,'2020-11-26 03:25:18.883','2020-11-26 03:25:24.245'),
('4cd40fdb-2fc9-11eb-813b-227918fa15ea',0,'4cd3e8c4-2fc9-11eb-813b-227918fa15ea','4cd3e8c4-2fc9-11eb-813b-227918fa15ea',NULL,'skip','boolean',NULL,NULL,NULL,NULL,NULL,1,NULL,NULL,'2020-11-26 03:25:18.883','2020-11-26 03:25:24.245'),
('5007eaae-2fc9-11eb-813b-227918fa15ea',0,'4cd3e8c4-2fc9-11eb-813b-227918fa15ea','4cd3e8c4-2fc9-11eb-813b-227918fa15ea',NULL,'manager','string',NULL,NULL,NULL,NULL,NULL,NULL,'manager',NULL,'2020-11-26 03:25:24.256','2020-11-26 03:25:24.256'),
('553de755-2f88-11eb-aa23-227918fa15ea',0,'553dc044-2f88-11eb-aa23-227918fa15ea','553dc044-2f88-11eb-aa23-227918fa15ea',NULL,'initiator','string',NULL,NULL,NULL,NULL,NULL,NULL,'manager',NULL,'2020-11-25 19:40:15.713','2020-11-25 19:40:15.713'),
('553eaaa7-2f88-11eb-aa23-227918fa15ea',0,'553dc044-2f88-11eb-aa23-227918fa15ea','553dc044-2f88-11eb-aa23-227918fa15ea',NULL,'summary','string',NULL,NULL,NULL,NULL,NULL,NULL,'summary',NULL,'2020-11-25 19:40:15.716','2020-11-25 19:40:15.716'),
('553eaaa8-2f88-11eb-aa23-227918fa15ea',0,'553dc044-2f88-11eb-aa23-227918fa15ea','553dc044-2f88-11eb-aa23-227918fa15ea',NULL,'empid','long',NULL,NULL,NULL,NULL,NULL,333,'333',NULL,'2020-11-25 19:40:15.716','2020-11-25 19:40:15.716'),
('553eaaa9-2f88-11eb-aa23-227918fa15ea',0,'553dc044-2f88-11eb-aa23-227918fa15ea','553dc044-2f88-11eb-aa23-227918fa15ea',NULL,'_FLOWABLE_SKIP_EXPRESSION_ENABLED','boolean',NULL,NULL,NULL,NULL,NULL,1,NULL,NULL,'2020-11-25 19:40:15.716','2020-11-25 19:40:15.716'),
('553eaaaa-2f88-11eb-aa23-227918fa15ea',0,'553dc044-2f88-11eb-aa23-227918fa15ea','553dc044-2f88-11eb-aa23-227918fa15ea',NULL,'manager','string',NULL,NULL,NULL,NULL,NULL,NULL,'manager',NULL,'2020-11-25 19:40:15.716','2020-11-25 19:40:15.716'),
('553eaaab-2f88-11eb-aa23-227918fa15ea',0,'553dc044-2f88-11eb-aa23-227918fa15ea','553dc044-2f88-11eb-aa23-227918fa15ea',NULL,'description','string',NULL,NULL,NULL,NULL,NULL,NULL,'    3333333333',NULL,'2020-11-25 19:40:15.716','2020-11-25 19:40:15.716'),
('553eaaac-2f88-11eb-aa23-227918fa15ea',0,'553dc044-2f88-11eb-aa23-227918fa15ea','553dc044-2f88-11eb-aa23-227918fa15ea',NULL,'skip','boolean',NULL,NULL,NULL,NULL,NULL,1,NULL,NULL,'2020-11-25 19:40:15.716','2020-11-25 19:40:15.716'),
('5e576ba9-2f87-11eb-a96f-227918fa15ea',0,'f87e80cb-2e0b-11eb-b5e4-227918fa15ea','f87e80cb-2e0b-11eb-b5e4-227918fa15ea',NULL,'form_out-factory_outcome','string',NULL,NULL,NULL,NULL,NULL,NULL,'agree',NULL,'2020-11-25 19:33:21.481','2020-11-25 19:33:21.481'),
('74ced0a8-2fbc-11eb-924a-227918fa15ea',0,'74ced0a7-2fbc-11eb-924a-227918fa15ea','74ced0a7-2fbc-11eb-924a-227918fa15ea',NULL,'initiator','string',NULL,NULL,NULL,NULL,NULL,NULL,'user',NULL,'2020-11-26 01:53:22.503','2020-11-26 01:53:22.503'),
('74cf93fa-2fbc-11eb-924a-227918fa15ea',0,'74ced0a7-2fbc-11eb-924a-227918fa15ea','74ced0a7-2fbc-11eb-924a-227918fa15ea',NULL,'summary','string',NULL,NULL,NULL,NULL,NULL,NULL,'MES需求变更',NULL,'2020-11-26 01:53:22.505','2020-11-26 01:53:22.505'),
('74cf93fb-2fbc-11eb-924a-227918fa15ea',0,'74ced0a7-2fbc-11eb-924a-227918fa15ea','74ced0a7-2fbc-11eb-924a-227918fa15ea',NULL,'empid','string',NULL,NULL,NULL,NULL,NULL,NULL,'9999',NULL,'2020-11-26 01:53:22.505','2020-11-26 01:53:22.505'),
('74cf93fc-2fbc-11eb-924a-227918fa15ea',0,'74ced0a7-2fbc-11eb-924a-227918fa15ea','74ced0a7-2fbc-11eb-924a-227918fa15ea',NULL,'description','string',NULL,NULL,NULL,NULL,NULL,NULL,'MES需求变更',NULL,'2020-11-26 01:53:22.505','2020-11-26 01:53:22.505'),
('853baaa1-2f93-11eb-9d05-227918fa15ea',0,'c44b3049-2f90-11eb-9d05-227918fa15ea','c44b3049-2f90-11eb-9d05-227918fa15ea',NULL,'comment','string',NULL,NULL,NULL,NULL,NULL,NULL,'不行,先上班',NULL,'2020-11-25 21:00:20.691','2020-11-25 21:00:20.691'),
('853dcd82-2f93-11eb-9d05-227918fa15ea',0,'c44b3049-2f90-11eb-9d05-227918fa15ea','c44b3049-2f90-11eb-9d05-227918fa15ea',NULL,'processDefinitionId','string',NULL,NULL,NULL,NULL,NULL,NULL,'${processDefinitionId}',NULL,'2020-11-25 21:00:20.705','2020-11-25 21:00:20.705'),
('870b629a-2f88-11eb-aa23-227918fa15ea',0,'870b6299-2f88-11eb-aa23-227918fa15ea','870b6299-2f88-11eb-aa23-227918fa15ea',NULL,'initiator','string',NULL,NULL,NULL,NULL,NULL,NULL,'user',NULL,'2020-11-25 19:41:39.266','2020-11-25 19:41:39.266'),
('870b629c-2f88-11eb-aa23-227918fa15ea',3,'870b6299-2f88-11eb-aa23-227918fa15ea','870b6299-2f88-11eb-aa23-227918fa15ea',NULL,'summary','string',NULL,NULL,NULL,NULL,NULL,NULL,'test',NULL,'2020-11-25 19:41:39.266','2020-11-25 20:25:36.380'),
('870b629d-2f88-11eb-aa23-227918fa15ea',3,'870b6299-2f88-11eb-aa23-227918fa15ea','870b6299-2f88-11eb-aa23-227918fa15ea',NULL,'empid','long',NULL,NULL,NULL,NULL,NULL,111,'111',NULL,'2020-11-25 19:41:39.266','2020-11-25 20:25:36.380'),
('870b629e-2f88-11eb-aa23-227918fa15ea',3,'870b6299-2f88-11eb-aa23-227918fa15ea','870b6299-2f88-11eb-aa23-227918fa15ea',NULL,'_FLOWABLE_SKIP_EXPRESSION_ENABLED','boolean',NULL,NULL,NULL,NULL,NULL,1,NULL,NULL,'2020-11-25 19:41:39.266','2020-11-25 20:25:36.384'),
('870b629f-2f88-11eb-aa23-227918fa15ea',3,'870b6299-2f88-11eb-aa23-227918fa15ea','870b6299-2f88-11eb-aa23-227918fa15ea',NULL,'manager','string',NULL,NULL,NULL,NULL,NULL,NULL,'manager',NULL,'2020-11-25 19:41:39.266','2020-11-25 20:25:36.384'),
('870b62a0-2f88-11eb-aa23-227918fa15ea',3,'870b6299-2f88-11eb-aa23-227918fa15ea','870b6299-2f88-11eb-aa23-227918fa15ea',NULL,'description','string',NULL,NULL,NULL,NULL,NULL,NULL,'1111111 999999      ',NULL,'2020-11-25 19:41:39.266','2020-11-25 20:25:36.384'),
('870b62a1-2f88-11eb-aa23-227918fa15ea',3,'870b6299-2f88-11eb-aa23-227918fa15ea','870b6299-2f88-11eb-aa23-227918fa15ea',NULL,'skip','boolean',NULL,NULL,NULL,NULL,NULL,0,NULL,NULL,'2020-11-25 19:41:39.266','2020-11-25 20:25:36.388'),
('8b124675-2fc7-11eb-b181-227918fa15ea',0,'8b124674-2fc7-11eb-b181-227918fa15ea','8b124674-2fc7-11eb-b181-227918fa15ea',NULL,'initiator','string',NULL,NULL,NULL,NULL,NULL,NULL,'user',NULL,'2020-11-26 03:12:44.318','2020-11-26 03:12:44.318'),
('8b1309c7-2fc7-11eb-b181-227918fa15ea',0,'8b124674-2fc7-11eb-b181-227918fa15ea','8b124674-2fc7-11eb-b181-227918fa15ea',NULL,'summary','string',NULL,NULL,NULL,NULL,NULL,NULL,'MES需求变更',NULL,'2020-11-26 03:12:44.321','2020-11-26 03:12:44.321'),
('8b1309c8-2fc7-11eb-b181-227918fa15ea',0,'8b124674-2fc7-11eb-b181-227918fa15ea','8b124674-2fc7-11eb-b181-227918fa15ea',NULL,'assigneelist','string',NULL,NULL,NULL,NULL,NULL,NULL,'1:manager\r\n2:manager\r\n3:manager\r\n4:manager\r\n5:manager\r\n6:manager',NULL,'2020-11-26 03:12:44.321','2020-11-26 03:12:44.321'),
('8b1309c9-2fc7-11eb-b181-227918fa15ea',0,'8b124674-2fc7-11eb-b181-227918fa15ea','8b124674-2fc7-11eb-b181-227918fa15ea',NULL,'empid','string',NULL,NULL,NULL,NULL,NULL,NULL,'9999',NULL,'2020-11-26 03:12:44.321','2020-11-26 03:12:44.321'),
('8b1309ca-2fc7-11eb-b181-227918fa15ea',0,'8b124674-2fc7-11eb-b181-227918fa15ea','8b124674-2fc7-11eb-b181-227918fa15ea',NULL,'_FLOWABLE_SKIP_EXPRESSION_ENABLED','boolean',NULL,NULL,NULL,NULL,NULL,1,NULL,NULL,'2020-11-26 03:12:44.321','2020-11-26 03:12:44.321'),
('8b1330db-2fc7-11eb-b181-227918fa15ea',0,'8b124674-2fc7-11eb-b181-227918fa15ea','8b124674-2fc7-11eb-b181-227918fa15ea',NULL,'description','string',NULL,NULL,NULL,NULL,NULL,NULL,'999999999999',NULL,'2020-11-26 03:12:44.322','2020-11-26 03:12:44.322'),
('8b1330dc-2fc7-11eb-b181-227918fa15ea',0,'8b124674-2fc7-11eb-b181-227918fa15ea','8b124674-2fc7-11eb-b181-227918fa15ea',NULL,'skip','boolean',NULL,NULL,NULL,NULL,NULL,1,NULL,NULL,'2020-11-26 03:12:44.322','2020-11-26 03:12:44.322'),
('8b1330dd-2fc7-11eb-b181-227918fa15ea',0,'8b124674-2fc7-11eb-b181-227918fa15ea','8b124674-2fc7-11eb-b181-227918fa15ea',NULL,'assigneeListVar','string',NULL,NULL,NULL,NULL,NULL,NULL,'manager;COORDINATOR;DEV TL;PSM;MESM;PM',NULL,'2020-11-26 03:12:44.322','2020-11-26 03:12:44.322'),
('90d9dc8f-2f83-11eb-bdfc-227918fa15ea',0,'90d9dc8e-2f83-11eb-bdfc-227918fa15ea','90d9dc8e-2f83-11eb-bdfc-227918fa15ea',NULL,'initiator','string',NULL,NULL,NULL,NULL,NULL,NULL,'manager',NULL,'2020-11-25 19:06:08.235','2020-11-25 19:06:08.235'),
('90d9dc91-2f83-11eb-bdfc-227918fa15ea',1,'90d9dc8e-2f83-11eb-bdfc-227918fa15ea','90d9dc8e-2f83-11eb-bdfc-227918fa15ea',NULL,'summary','string',NULL,NULL,NULL,NULL,NULL,NULL,'111111111',NULL,'2020-11-25 19:06:08.235','2020-11-25 19:32:50.113'),
('90d9dc92-2f83-11eb-bdfc-227918fa15ea',1,'90d9dc8e-2f83-11eb-bdfc-227918fa15ea','90d9dc8e-2f83-11eb-bdfc-227918fa15ea',NULL,'empid','long',NULL,NULL,NULL,NULL,NULL,111111,'111111',NULL,'2020-11-25 19:06:08.235','2020-11-25 19:32:50.121'),
('90d9dc93-2f83-11eb-bdfc-227918fa15ea',1,'90d9dc8e-2f83-11eb-bdfc-227918fa15ea','90d9dc8e-2f83-11eb-bdfc-227918fa15ea',NULL,'description','string',NULL,NULL,NULL,NULL,NULL,NULL,'1111111111111111111111    ',NULL,'2020-11-25 19:06:08.235','2020-11-25 19:32:50.136'),
('95bb6f39-2fca-11eb-97fd-227918fa15ea',0,'95bb6f38-2fca-11eb-97fd-227918fa15ea','95bb6f38-2fca-11eb-97fd-227918fa15ea',NULL,'initiator','string',NULL,NULL,NULL,NULL,NULL,NULL,'user',NULL,'2020-11-26 03:34:30.695','2020-11-26 03:34:30.695'),
('95bc599b-2fca-11eb-97fd-227918fa15ea',0,'95bb6f38-2fca-11eb-97fd-227918fa15ea','95bb6f38-2fca-11eb-97fd-227918fa15ea',NULL,'summary','string',NULL,NULL,NULL,NULL,NULL,NULL,'MES需求变更',NULL,'2020-11-26 03:34:30.698','2020-11-26 03:34:30.698'),
('95bc599c-2fca-11eb-97fd-227918fa15ea',0,'95bb6f38-2fca-11eb-97fd-227918fa15ea','95bb6f38-2fca-11eb-97fd-227918fa15ea',NULL,'assigneelist','string',NULL,NULL,NULL,NULL,NULL,NULL,'1:manager\r\n2:manager\r\n3:manager\r\n4:manager\r\n5:manager\r\n6:manager',NULL,'2020-11-26 03:34:30.698','2020-11-26 03:34:30.698'),
('95bc599d-2fca-11eb-97fd-227918fa15ea',0,'95bb6f38-2fca-11eb-97fd-227918fa15ea','95bb6f38-2fca-11eb-97fd-227918fa15ea',NULL,'empid','string',NULL,NULL,NULL,NULL,NULL,NULL,'9999',NULL,'2020-11-26 03:34:30.698','2020-11-26 03:34:30.698'),
('95bc599e-2fca-11eb-97fd-227918fa15ea',0,'95bb6f38-2fca-11eb-97fd-227918fa15ea','95bb6f38-2fca-11eb-97fd-227918fa15ea',NULL,'_FLOWABLE_SKIP_EXPRESSION_ENABLED','boolean',NULL,NULL,NULL,NULL,NULL,1,NULL,NULL,'2020-11-26 03:34:30.699','2020-11-26 03:34:30.699'),
('95bc80af-2fca-11eb-97fd-227918fa15ea',0,'95bb6f38-2fca-11eb-97fd-227918fa15ea','95bb6f38-2fca-11eb-97fd-227918fa15ea',NULL,'description','string',NULL,NULL,NULL,NULL,NULL,NULL,'9999999999999',NULL,'2020-11-26 03:34:30.699','2020-11-26 03:34:30.699'),
('95bc80b0-2fca-11eb-97fd-227918fa15ea',0,'95bb6f38-2fca-11eb-97fd-227918fa15ea','95bb6f38-2fca-11eb-97fd-227918fa15ea',NULL,'skip','boolean',NULL,NULL,NULL,NULL,NULL,1,NULL,NULL,'2020-11-26 03:34:30.699','2020-11-26 03:34:30.699'),
('95bc80b1-2fca-11eb-97fd-227918fa15ea',0,'95bb6f38-2fca-11eb-97fd-227918fa15ea','95bb6f38-2fca-11eb-97fd-227918fa15ea',NULL,'assigneeListVar','string',NULL,NULL,NULL,NULL,NULL,NULL,'manager;COORDINATOR;DEV TL;PSM;MESM;PM',NULL,'2020-11-26 03:34:30.699','2020-11-26 03:34:30.699'),
('9a6ca0d0-2f88-11eb-aa23-227918fa15ea',0,'870b6299-2f88-11eb-aa23-227918fa15ea','870b6299-2f88-11eb-aa23-227918fa15ea',NULL,'comment','string',NULL,NULL,NULL,NULL,NULL,NULL,'1111111111111111',NULL,'2020-11-25 19:42:11.780','2020-11-25 19:42:11.780'),
('9a6f5ff1-2f88-11eb-aa23-227918fa15ea',0,'870b6299-2f88-11eb-aa23-227918fa15ea','870b6299-2f88-11eb-aa23-227918fa15ea',NULL,'processDefinitionId','string',NULL,NULL,NULL,NULL,NULL,NULL,'${processDefinitionId}',NULL,'2020-11-25 19:42:11.798','2020-11-25 19:42:11.798'),
('a43e38b6-2e04-11eb-b39c-227918fa15ea',0,'a43e38b5-2e04-11eb-b39c-227918fa15ea','a43e38b5-2e04-11eb-b39c-227918fa15ea',NULL,'initiator','string',NULL,NULL,NULL,NULL,NULL,NULL,'admin',NULL,'2020-11-23 21:25:03.525','2020-11-23 21:25:03.525'),
('a43f4a28-2e04-11eb-b39c-227918fa15ea',0,'a43e38b5-2e04-11eb-b39c-227918fa15ea','a43e38b5-2e04-11eb-b39c-227918fa15ea',NULL,'summary','string',NULL,NULL,NULL,NULL,NULL,NULL,'test',NULL,'2020-11-23 21:25:03.529','2020-11-23 21:25:03.529'),
('a43f4a29-2e04-11eb-b39c-227918fa15ea',0,'a43e38b5-2e04-11eb-b39c-227918fa15ea','a43e38b5-2e04-11eb-b39c-227918fa15ea',NULL,'empid','long',NULL,NULL,NULL,NULL,NULL,222,'222',NULL,'2020-11-23 21:25:03.529','2020-11-23 21:25:03.529'),
('a43f4a2a-2e04-11eb-b39c-227918fa15ea',0,'a43e38b5-2e04-11eb-b39c-227918fa15ea','a43e38b5-2e04-11eb-b39c-227918fa15ea',NULL,'description','string',NULL,NULL,NULL,NULL,NULL,NULL,'    222222222222222222',NULL,'2020-11-23 21:25:03.529','2020-11-23 21:25:03.529'),
('aae44458-2f8e-11eb-a740-227918fa15ea',0,'870b6299-2f88-11eb-aa23-227918fa15ea','870b6299-2f88-11eb-aa23-227918fa15ea',NULL,'form_out-factory_outcome','string',NULL,NULL,NULL,NULL,NULL,NULL,'agree',NULL,'2020-11-25 20:25:36.388','2020-11-25 20:25:36.388'),
('af168a83-2f93-11eb-9d05-227918fa15ea',0,'c44b3049-2f90-11eb-9d05-227918fa15ea','c44b3049-2f90-11eb-9d05-227918fa15ea',NULL,'form_out-factory_outcome','string',NULL,NULL,NULL,NULL,NULL,NULL,'agree',NULL,'2020-11-25 21:01:30.912','2020-11-25 21:01:30.912'),
('c44b304a-2f90-11eb-9d05-227918fa15ea',0,'c44b3049-2f90-11eb-9d05-227918fa15ea','c44b3049-2f90-11eb-9d05-227918fa15ea',NULL,'initiator','string',NULL,NULL,NULL,NULL,NULL,NULL,'user',NULL,'2020-11-25 20:40:38.003','2020-11-25 20:40:38.003'),
('c44c68cc-2f90-11eb-9d05-227918fa15ea',3,'c44b3049-2f90-11eb-9d05-227918fa15ea','c44b3049-2f90-11eb-9d05-227918fa15ea',NULL,'summary','string',NULL,NULL,NULL,NULL,NULL,NULL,'請假外出',NULL,'2020-11-25 20:40:38.007','2020-11-25 21:01:30.905'),
('c44c68cd-2f90-11eb-9d05-227918fa15ea',3,'c44b3049-2f90-11eb-9d05-227918fa15ea','c44b3049-2f90-11eb-9d05-227918fa15ea',NULL,'empid','long',NULL,NULL,NULL,NULL,NULL,36029587,'36029587',NULL,'2020-11-25 20:40:38.007','2020-11-25 21:01:30.906'),
('c44c68ce-2f90-11eb-9d05-227918fa15ea',3,'c44b3049-2f90-11eb-9d05-227918fa15ea','c44b3049-2f90-11eb-9d05-227918fa15ea',NULL,'_FLOWABLE_SKIP_EXPRESSION_ENABLED','boolean',NULL,NULL,NULL,NULL,NULL,1,NULL,NULL,'2020-11-25 20:40:38.007','2020-11-25 21:01:30.907'),
('c44c68cf-2f90-11eb-9d05-227918fa15ea',3,'c44b3049-2f90-11eb-9d05-227918fa15ea','c44b3049-2f90-11eb-9d05-227918fa15ea',NULL,'manager','string',NULL,NULL,NULL,NULL,NULL,NULL,'manager',NULL,'2020-11-25 20:40:38.007','2020-11-25 21:01:30.908'),
('c44c68d0-2f90-11eb-9d05-227918fa15ea',3,'c44b3049-2f90-11eb-9d05-227918fa15ea','c44b3049-2f90-11eb-9d05-227918fa15ea',NULL,'description','string',NULL,NULL,NULL,NULL,NULL,NULL,'已請假,外出到公園玩,不同意也要去    ',NULL,'2020-11-25 20:40:38.007','2020-11-25 21:01:30.910'),
('c44c68d1-2f90-11eb-9d05-227918fa15ea',3,'c44b3049-2f90-11eb-9d05-227918fa15ea','c44b3049-2f90-11eb-9d05-227918fa15ea',NULL,'skip','boolean',NULL,NULL,NULL,NULL,NULL,0,NULL,NULL,'2020-11-25 20:40:38.007','2020-11-25 21:01:30.911'),
('cabb3376-2fc9-11eb-8ad3-227918fa15ea',0,'cabb3375-2fc9-11eb-8ad3-227918fa15ea','cabb3375-2fc9-11eb-8ad3-227918fa15ea',NULL,'initiator','string',NULL,NULL,NULL,NULL,NULL,NULL,'user',NULL,'2020-11-26 03:28:50.115','2020-11-26 03:28:50.115'),
('cabbcfb8-2fc9-11eb-8ad3-227918fa15ea',0,'cabb3375-2fc9-11eb-8ad3-227918fa15ea','cabb3375-2fc9-11eb-8ad3-227918fa15ea',NULL,'summary','string',NULL,NULL,NULL,NULL,NULL,NULL,'MES需求变更',NULL,'2020-11-26 03:28:50.118','2020-11-26 03:28:50.118'),
('cabbf6c9-2fc9-11eb-8ad3-227918fa15ea',0,'cabb3375-2fc9-11eb-8ad3-227918fa15ea','cabb3375-2fc9-11eb-8ad3-227918fa15ea',NULL,'assigneelist','string',NULL,NULL,NULL,NULL,NULL,NULL,'1:manager\r\n2:manager\r\n3:manager\r\n4:manager\r\n5:manager\r\n6:manager',NULL,'2020-11-26 03:28:50.118','2020-11-26 03:28:50.118'),
('cabbf6ca-2fc9-11eb-8ad3-227918fa15ea',0,'cabb3375-2fc9-11eb-8ad3-227918fa15ea','cabb3375-2fc9-11eb-8ad3-227918fa15ea',NULL,'empid','string',NULL,NULL,NULL,NULL,NULL,NULL,'9999',NULL,'2020-11-26 03:28:50.118','2020-11-26 03:28:50.118'),
('cabbf6cb-2fc9-11eb-8ad3-227918fa15ea',0,'cabb3375-2fc9-11eb-8ad3-227918fa15ea','cabb3375-2fc9-11eb-8ad3-227918fa15ea',NULL,'_FLOWABLE_SKIP_EXPRESSION_ENABLED','boolean',NULL,NULL,NULL,NULL,NULL,1,NULL,NULL,'2020-11-26 03:28:50.118','2020-11-26 03:28:50.118'),
('cabbf6cc-2fc9-11eb-8ad3-227918fa15ea',0,'cabb3375-2fc9-11eb-8ad3-227918fa15ea','cabb3375-2fc9-11eb-8ad3-227918fa15ea',NULL,'description','string',NULL,NULL,NULL,NULL,NULL,NULL,'99999999999999',NULL,'2020-11-26 03:28:50.118','2020-11-26 03:28:50.118'),
('cabbf6cd-2fc9-11eb-8ad3-227918fa15ea',0,'cabb3375-2fc9-11eb-8ad3-227918fa15ea','cabb3375-2fc9-11eb-8ad3-227918fa15ea',NULL,'skip','boolean',NULL,NULL,NULL,NULL,NULL,1,NULL,NULL,'2020-11-26 03:28:50.118','2020-11-26 03:28:50.118'),
('cabc1dde-2fc9-11eb-8ad3-227918fa15ea',0,'cabb3375-2fc9-11eb-8ad3-227918fa15ea','cabb3375-2fc9-11eb-8ad3-227918fa15ea',NULL,'assigneeListVar','string',NULL,NULL,NULL,NULL,NULL,NULL,'manager;COORDINATOR;DEV TL;PSM;MESM;PM',NULL,'2020-11-26 03:28:50.119','2020-11-26 03:28:50.119'),
('df35046c-2ef9-11eb-aabd-227918fa15ea',0,'df35046b-2ef9-11eb-aabd-227918fa15ea','df35046b-2ef9-11eb-aabd-227918fa15ea',NULL,'initiator','string',NULL,NULL,NULL,NULL,NULL,NULL,'user',NULL,'2020-11-25 02:40:29.148','2020-11-25 02:40:29.148'),
('df35a0ae-2ef9-11eb-aabd-227918fa15ea',1,'df35046b-2ef9-11eb-aabd-227918fa15ea','df35046b-2ef9-11eb-aabd-227918fa15ea',NULL,'summary','string',NULL,NULL,NULL,NULL,NULL,NULL,'summary',NULL,'2020-11-25 02:40:29.150','2020-11-25 18:54:04.887'),
('df35c7bf-2ef9-11eb-aabd-227918fa15ea',1,'df35046b-2ef9-11eb-aabd-227918fa15ea','df35046b-2ef9-11eb-aabd-227918fa15ea',NULL,'empid','integer',NULL,NULL,NULL,NULL,NULL,33333,'33333',NULL,'2020-11-25 02:40:29.151','2020-11-25 18:54:04.891'),
('df35c7c0-2ef9-11eb-aabd-227918fa15ea',0,'df35046b-2ef9-11eb-aabd-227918fa15ea','df35046b-2ef9-11eb-aabd-227918fa15ea',NULL,'_FLOWABLE_SKIP_EXPRESSION_ENABLED','boolean',NULL,NULL,NULL,NULL,NULL,1,NULL,NULL,'2020-11-25 02:40:29.151','2020-11-25 02:40:29.151'),
('df35c7c1-2ef9-11eb-aabd-227918fa15ea',0,'df35046b-2ef9-11eb-aabd-227918fa15ea','df35046b-2ef9-11eb-aabd-227918fa15ea',NULL,'manager','string',NULL,NULL,NULL,NULL,NULL,NULL,'manager',NULL,'2020-11-25 02:40:29.151','2020-11-25 02:40:29.151'),
('df35c7c2-2ef9-11eb-aabd-227918fa15ea',1,'df35046b-2ef9-11eb-aabd-227918fa15ea','df35046b-2ef9-11eb-aabd-227918fa15ea',NULL,'description','string',NULL,NULL,NULL,NULL,NULL,NULL,'    3333333333333',NULL,'2020-11-25 02:40:29.151','2020-11-25 18:54:04.891'),
('df35c7c3-2ef9-11eb-aabd-227918fa15ea',0,'df35046b-2ef9-11eb-aabd-227918fa15ea','df35046b-2ef9-11eb-aabd-227918fa15ea',NULL,'skip','boolean',NULL,NULL,NULL,NULL,NULL,1,NULL,NULL,'2020-11-25 02:40:29.151','2020-11-25 02:40:29.151'),
('e255b90d-2fca-11eb-8fff-227918fa15ea',0,'e255b90c-2fca-11eb-8fff-227918fa15ea','e255b90c-2fca-11eb-8fff-227918fa15ea',NULL,'initiator','string',NULL,NULL,NULL,NULL,NULL,NULL,'user',NULL,'2020-11-26 03:36:39.222','2020-11-26 03:36:39.222'),
('e259628f-2fca-11eb-8fff-227918fa15ea',0,'e255b90c-2fca-11eb-8fff-227918fa15ea','e255b90c-2fca-11eb-8fff-227918fa15ea',NULL,'summary','string',NULL,NULL,NULL,NULL,NULL,NULL,'MES需求变更',NULL,'2020-11-26 03:36:39.234','2020-11-26 03:36:57.271'),
('e2596290-2fca-11eb-8fff-227918fa15ea',0,'e255b90c-2fca-11eb-8fff-227918fa15ea','e255b90c-2fca-11eb-8fff-227918fa15ea',NULL,'assigneelist','string',NULL,NULL,NULL,NULL,NULL,NULL,'1:manager\r\n2:manager\r\n3:manager\r\n4:manager\r\n5:manager\r\n6:manager',NULL,'2020-11-26 03:36:39.234','2020-11-26 03:36:57.384'),
('e2596291-2fca-11eb-8fff-227918fa15ea',0,'e255b90c-2fca-11eb-8fff-227918fa15ea','e255b90c-2fca-11eb-8fff-227918fa15ea',NULL,'empid','string',NULL,NULL,NULL,NULL,NULL,NULL,'9999',NULL,'2020-11-26 03:36:39.234','2020-11-26 03:36:57.282'),
('e2596292-2fca-11eb-8fff-227918fa15ea',0,'e255b90c-2fca-11eb-8fff-227918fa15ea','e255b90c-2fca-11eb-8fff-227918fa15ea',NULL,'_FLOWABLE_SKIP_EXPRESSION_ENABLED','boolean',NULL,NULL,NULL,NULL,NULL,1,NULL,NULL,'2020-11-26 03:36:39.234','2020-11-26 03:36:57.290'),
('e2596293-2fca-11eb-8fff-227918fa15ea',0,'e255b90c-2fca-11eb-8fff-227918fa15ea','e255b90c-2fca-11eb-8fff-227918fa15ea',NULL,'description','string',NULL,NULL,NULL,NULL,NULL,NULL,'9999999999999',NULL,'2020-11-26 03:36:39.234','2020-11-26 03:36:57.329'),
('e259d7c4-2fca-11eb-8fff-227918fa15ea',0,'e255b90c-2fca-11eb-8fff-227918fa15ea','e255b90c-2fca-11eb-8fff-227918fa15ea',NULL,'skip','boolean',NULL,NULL,NULL,NULL,NULL,1,NULL,NULL,'2020-11-26 03:36:39.237','2020-11-26 03:36:57.337'),
('e259d7c5-2fca-11eb-8fff-227918fa15ea',0,'e255b90c-2fca-11eb-8fff-227918fa15ea','e255b90c-2fca-11eb-8fff-227918fa15ea',NULL,'assigneeListVar','string',NULL,NULL,NULL,NULL,NULL,NULL,'manager;COORDINATOR;DEV TL;PSM;MESM;PM',NULL,'2020-11-26 03:36:39.237','2020-11-26 03:36:57.376'),
('e8eb5915-2fc6-11eb-8a65-227918fa15ea',0,'e8eb3204-2fc6-11eb-8a65-227918fa15ea','e8eb3204-2fc6-11eb-8a65-227918fa15ea',NULL,'initiator','string',NULL,NULL,NULL,NULL,NULL,NULL,'user',NULL,'2020-11-26 03:08:12.272','2020-11-26 03:08:12.272'),
('e8ebce47-2fc6-11eb-8a65-227918fa15ea',0,'e8eb3204-2fc6-11eb-8a65-227918fa15ea','e8eb3204-2fc6-11eb-8a65-227918fa15ea',NULL,'summary','string',NULL,NULL,NULL,NULL,NULL,NULL,'MES需求变更',NULL,'2020-11-26 03:08:12.274','2020-11-26 03:08:12.274'),
('e8ebf558-2fc6-11eb-8a65-227918fa15ea',0,'e8eb3204-2fc6-11eb-8a65-227918fa15ea','e8eb3204-2fc6-11eb-8a65-227918fa15ea',NULL,'assigneelist','string',NULL,NULL,NULL,NULL,NULL,NULL,'1:manager\r\n2:manager\r\n3:manager\r\n4:manager\r\n5:manager\r\n6:manager\r\n',NULL,'2020-11-26 03:08:12.274','2020-11-26 03:08:12.274'),
('e8ebf559-2fc6-11eb-8a65-227918fa15ea',0,'e8eb3204-2fc6-11eb-8a65-227918fa15ea','e8eb3204-2fc6-11eb-8a65-227918fa15ea',NULL,'empid','string',NULL,NULL,NULL,NULL,NULL,NULL,'9999',NULL,'2020-11-26 03:08:12.274','2020-11-26 03:08:12.274'),
('e8ebf55a-2fc6-11eb-8a65-227918fa15ea',0,'e8eb3204-2fc6-11eb-8a65-227918fa15ea','e8eb3204-2fc6-11eb-8a65-227918fa15ea',NULL,'_FLOWABLE_SKIP_EXPRESSION_ENABLED','boolean',NULL,NULL,NULL,NULL,NULL,1,NULL,NULL,'2020-11-26 03:08:12.274','2020-11-26 03:08:12.274'),
('e8ebf55b-2fc6-11eb-8a65-227918fa15ea',0,'e8eb3204-2fc6-11eb-8a65-227918fa15ea','e8eb3204-2fc6-11eb-8a65-227918fa15ea',NULL,'description','string',NULL,NULL,NULL,NULL,NULL,NULL,'4444444444444',NULL,'2020-11-26 03:08:12.274','2020-11-26 03:08:12.274'),
('e8ebf55c-2fc6-11eb-8a65-227918fa15ea',0,'e8eb3204-2fc6-11eb-8a65-227918fa15ea','e8eb3204-2fc6-11eb-8a65-227918fa15ea',NULL,'skip','boolean',NULL,NULL,NULL,NULL,NULL,1,NULL,NULL,'2020-11-26 03:08:12.274','2020-11-26 03:08:12.274'),
('e8ebf55d-2fc6-11eb-8a65-227918fa15ea',0,'e8eb3204-2fc6-11eb-8a65-227918fa15ea','e8eb3204-2fc6-11eb-8a65-227918fa15ea',NULL,'assigneeListVar','string',NULL,NULL,NULL,NULL,NULL,NULL,'manager;COORDINATOR;DEV TL;PSM;MESM;PM',NULL,'2020-11-26 03:08:12.274','2020-11-26 03:08:12.274'),
('ea535955-2fbc-11eb-924a-227918fa15ea',0,'ea533244-2fbc-11eb-924a-227918fa15ea','ea533244-2fbc-11eb-924a-227918fa15ea',NULL,'initiator','string',NULL,NULL,NULL,NULL,NULL,NULL,'user',NULL,'2020-11-26 01:56:39.662','2020-11-26 01:56:39.662'),
('ea538067-2fbc-11eb-924a-227918fa15ea',0,'ea533244-2fbc-11eb-924a-227918fa15ea','ea533244-2fbc-11eb-924a-227918fa15ea',NULL,'summary','string',NULL,NULL,NULL,NULL,NULL,NULL,'請假外出',NULL,'2020-11-26 01:56:39.663','2020-11-26 01:56:39.663'),
('ea53a778-2fbc-11eb-924a-227918fa15ea',0,'ea533244-2fbc-11eb-924a-227918fa15ea','ea533244-2fbc-11eb-924a-227918fa15ea',NULL,'empid','string',NULL,NULL,NULL,NULL,NULL,NULL,'9999',NULL,'2020-11-26 01:56:39.664','2020-11-26 01:56:39.664'),
('ea53ce89-2fbc-11eb-924a-227918fa15ea',0,'ea533244-2fbc-11eb-924a-227918fa15ea','ea533244-2fbc-11eb-924a-227918fa15ea',NULL,'description','string',NULL,NULL,NULL,NULL,NULL,NULL,'21312312',NULL,'2020-11-26 01:56:39.665','2020-11-26 01:56:39.665'),
('ed202c98-2fca-11eb-8fff-227918fa15ea',0,'e255b90c-2fca-11eb-8fff-227918fa15ea','e255b90c-2fca-11eb-8fff-227918fa15ea',NULL,'manager','string',NULL,NULL,NULL,NULL,NULL,NULL,'manager',NULL,'2020-11-26 03:36:57.314','2020-11-26 03:36:57.314'),
('ed2869f9-2fca-11eb-8fff-227918fa15ea',0,'e255b90c-2fca-11eb-8fff-227918fa15ea','e255b90c-2fca-11eb-8fff-227918fa15ea',NULL,'PSM','string',NULL,NULL,NULL,NULL,NULL,NULL,'manager',NULL,'2020-11-26 03:36:57.368','2020-11-26 03:36:57.368'),
('ed2ef9aa-2fca-11eb-8fff-227918fa15ea',0,'e255b90c-2fca-11eb-8fff-227918fa15ea','e255b90c-2fca-11eb-8fff-227918fa15ea',NULL,'COORDINATOR','string',NULL,NULL,NULL,NULL,NULL,NULL,'manager',NULL,'2020-11-26 03:36:57.411','2020-11-26 03:36:57.411'),
('ed32a32b-2fca-11eb-8fff-227918fa15ea',0,'e255b90c-2fca-11eb-8fff-227918fa15ea','e255b90c-2fca-11eb-8fff-227918fa15ea',NULL,'MESM','string',NULL,NULL,NULL,NULL,NULL,NULL,'manager',NULL,'2020-11-26 03:36:57.435','2020-11-26 03:36:57.435'),
('ed3932dc-2fca-11eb-8fff-227918fa15ea',0,'e255b90c-2fca-11eb-8fff-227918fa15ea','e255b90c-2fca-11eb-8fff-227918fa15ea',NULL,'PM','string',NULL,NULL,NULL,NULL,NULL,NULL,'manager',NULL,'2020-11-26 03:36:57.478','2020-11-26 03:36:57.478'),
('ed3b7ccd-2fca-11eb-8fff-227918fa15ea',0,'e255b90c-2fca-11eb-8fff-227918fa15ea','e255b90c-2fca-11eb-8fff-227918fa15ea',NULL,'DEV TL','string',NULL,NULL,NULL,NULL,NULL,NULL,'manager',NULL,'2020-11-26 03:36:57.493','2020-11-26 03:36:57.493'),
('f25f869b-2e06-11eb-bbd8-227918fa15ea',0,'f25f869a-2e06-11eb-bbd8-227918fa15ea','f25f869a-2e06-11eb-bbd8-227918fa15ea',NULL,'initiator','string',NULL,NULL,NULL,NULL,NULL,NULL,'admin',NULL,'2020-11-23 21:41:33.599','2020-11-23 21:41:33.599'),
('f260980d-2e06-11eb-bbd8-227918fa15ea',0,'f25f869a-2e06-11eb-bbd8-227918fa15ea','f25f869a-2e06-11eb-bbd8-227918fa15ea',NULL,'summary','string',NULL,NULL,NULL,NULL,NULL,NULL,'summary',NULL,'2020-11-23 21:41:33.604','2020-11-23 21:41:33.604'),
('f260bf1e-2e06-11eb-bbd8-227918fa15ea',0,'f25f869a-2e06-11eb-bbd8-227918fa15ea','f25f869a-2e06-11eb-bbd8-227918fa15ea',NULL,'empid','long',NULL,NULL,NULL,NULL,NULL,2222,'2222',NULL,'2020-11-23 21:41:33.604','2020-11-23 21:41:33.604'),
('f260bf1f-2e06-11eb-bbd8-227918fa15ea',0,'f25f869a-2e06-11eb-bbd8-227918fa15ea','f25f869a-2e06-11eb-bbd8-227918fa15ea',NULL,'description','string',NULL,NULL,NULL,NULL,NULL,NULL,'    22222222222222222222',NULL,'2020-11-23 21:41:33.604','2020-11-23 21:41:33.604'),
('f7a9d891-2fc8-11eb-813b-227918fa15ea',0,'f7a9b180-2fc8-11eb-813b-227918fa15ea','f7a9b180-2fc8-11eb-813b-227918fa15ea',NULL,'initiator','string',NULL,NULL,NULL,NULL,NULL,NULL,'user',NULL,'2020-11-26 03:22:56.002','2020-11-26 03:22:56.002'),
('f7aa74d3-2fc8-11eb-813b-227918fa15ea',0,'f7a9b180-2fc8-11eb-813b-227918fa15ea','f7a9b180-2fc8-11eb-813b-227918fa15ea',NULL,'summary','string',NULL,NULL,NULL,NULL,NULL,NULL,'MES需求变更',NULL,'2020-11-26 03:22:56.004','2020-11-26 03:22:56.004'),
('f7aa74d4-2fc8-11eb-813b-227918fa15ea',0,'f7a9b180-2fc8-11eb-813b-227918fa15ea','f7a9b180-2fc8-11eb-813b-227918fa15ea',NULL,'assigneelist','string',NULL,NULL,NULL,NULL,NULL,NULL,'1:manager\r\n2:manager\r\n3:manager\r\n4:manager\r\n5:manager\r\n6:manager',NULL,'2020-11-26 03:22:56.004','2020-11-26 03:22:56.004'),
('f7aa74d5-2fc8-11eb-813b-227918fa15ea',0,'f7a9b180-2fc8-11eb-813b-227918fa15ea','f7a9b180-2fc8-11eb-813b-227918fa15ea',NULL,'empid','string',NULL,NULL,NULL,NULL,NULL,NULL,'9999',NULL,'2020-11-26 03:22:56.004','2020-11-26 03:22:56.004'),
('f7aa74d6-2fc8-11eb-813b-227918fa15ea',0,'f7a9b180-2fc8-11eb-813b-227918fa15ea','f7a9b180-2fc8-11eb-813b-227918fa15ea',NULL,'_FLOWABLE_SKIP_EXPRESSION_ENABLED','boolean',NULL,NULL,NULL,NULL,NULL,1,NULL,NULL,'2020-11-26 03:22:56.004','2020-11-26 03:22:56.004'),
('f7aa74d7-2fc8-11eb-813b-227918fa15ea',0,'f7a9b180-2fc8-11eb-813b-227918fa15ea','f7a9b180-2fc8-11eb-813b-227918fa15ea',NULL,'description','string',NULL,NULL,NULL,NULL,NULL,NULL,'999999999',NULL,'2020-11-26 03:22:56.004','2020-11-26 03:22:56.004'),
('f7aa74d8-2fc8-11eb-813b-227918fa15ea',0,'f7a9b180-2fc8-11eb-813b-227918fa15ea','f7a9b180-2fc8-11eb-813b-227918fa15ea',NULL,'skip','boolean',NULL,NULL,NULL,NULL,NULL,1,NULL,NULL,'2020-11-26 03:22:56.004','2020-11-26 03:22:56.004'),
('f7aa74d9-2fc8-11eb-813b-227918fa15ea',0,'f7a9b180-2fc8-11eb-813b-227918fa15ea','f7a9b180-2fc8-11eb-813b-227918fa15ea',NULL,'assigneeListVar','string',NULL,NULL,NULL,NULL,NULL,NULL,'manager;COORDINATOR;DEV TL;PSM;MESM;PM',NULL,'2020-11-26 03:22:56.004','2020-11-26 03:22:56.004'),
('f87ea7dc-2e0b-11eb-b5e4-227918fa15ea',0,'f87e80cb-2e0b-11eb-b5e4-227918fa15ea','f87e80cb-2e0b-11eb-b5e4-227918fa15ea',NULL,'initiator','string',NULL,NULL,NULL,NULL,NULL,NULL,'admin',NULL,'2020-11-23 22:17:31.351','2020-11-23 22:17:31.351'),
('f87f1d0e-2e0b-11eb-b5e4-227918fa15ea',1,'f87e80cb-2e0b-11eb-b5e4-227918fa15ea','f87e80cb-2e0b-11eb-b5e4-227918fa15ea',NULL,'summary','string',NULL,NULL,NULL,NULL,NULL,NULL,'summary',NULL,'2020-11-23 22:17:31.353','2020-11-25 19:33:21.473'),
('f87f441f-2e0b-11eb-b5e4-227918fa15ea',1,'f87e80cb-2e0b-11eb-b5e4-227918fa15ea','f87e80cb-2e0b-11eb-b5e4-227918fa15ea',NULL,'empid','long',NULL,NULL,NULL,NULL,NULL,123123,'123123',NULL,'2020-11-23 22:17:31.354','2020-11-25 19:33:21.474'),
('f87f4420-2e0b-11eb-b5e4-227918fa15ea',1,'f87e80cb-2e0b-11eb-b5e4-227918fa15ea','f87e80cb-2e0b-11eb-b5e4-227918fa15ea',NULL,'_FLOWABLE_SKIP_EXPRESSION_ENABLED','boolean',NULL,NULL,NULL,NULL,NULL,1,NULL,NULL,'2020-11-23 22:17:31.354','2020-11-25 19:33:21.476'),
('f87f4421-2e0b-11eb-b5e4-227918fa15ea',1,'f87e80cb-2e0b-11eb-b5e4-227918fa15ea','f87e80cb-2e0b-11eb-b5e4-227918fa15ea',NULL,'manager','string',NULL,NULL,NULL,NULL,NULL,NULL,'manager',NULL,'2020-11-23 22:17:31.354','2020-11-25 19:33:21.478'),
('f87f4422-2e0b-11eb-b5e4-227918fa15ea',1,'f87e80cb-2e0b-11eb-b5e4-227918fa15ea','f87e80cb-2e0b-11eb-b5e4-227918fa15ea',NULL,'description','string',NULL,NULL,NULL,NULL,NULL,NULL,'    21313213    ',NULL,'2020-11-23 22:17:31.354','2020-11-25 19:33:21.479'),
('f87f4423-2e0b-11eb-b5e4-227918fa15ea',1,'f87e80cb-2e0b-11eb-b5e4-227918fa15ea','f87e80cb-2e0b-11eb-b5e4-227918fa15ea',NULL,'skip','boolean',NULL,NULL,NULL,NULL,NULL,0,NULL,NULL,'2020-11-23 22:17:31.354','2020-11-25 19:33:21.480');

/*Table structure for table `ACT_ID_BYTEARRAY` */

DROP TABLE IF EXISTS `ACT_ID_BYTEARRAY`;

CREATE TABLE `ACT_ID_BYTEARRAY` (
  `ID_` varchar(64) COLLATE utf8_bin NOT NULL,
  `REV_` int DEFAULT NULL,
  `NAME_` varchar(255) COLLATE utf8_bin DEFAULT NULL,
  `BYTES_` longblob,
  PRIMARY KEY (`ID_`)
) ENGINE=InnoDB DEFAULT CHARSET=utf8 COLLATE=utf8_bin;

/*Data for the table `ACT_ID_BYTEARRAY` */

/*Table structure for table `ACT_ID_GROUP` */

DROP TABLE IF EXISTS `ACT_ID_GROUP`;

CREATE TABLE `ACT_ID_GROUP` (
  `ID_` varchar(64) COLLATE utf8_bin NOT NULL,
  `REV_` int DEFAULT NULL,
  `NAME_` varchar(255) COLLATE utf8_bin DEFAULT NULL,
  `TYPE_` varchar(255) COLLATE utf8_bin DEFAULT NULL,
  PRIMARY KEY (`ID_`)
) ENGINE=InnoDB DEFAULT CHARSET=utf8 COLLATE=utf8_bin;

/*Data for the table `ACT_ID_GROUP` */

insert  into `ACT_ID_GROUP`(`ID_`,`REV_`,`NAME_`,`TYPE_`) values 
('admin',1,'admin','assignment'),
('ceo',1,'ceo','assignment'),
('manager',1,'manager','assignment'),
('user',1,'user','assignment');

/*Table structure for table `ACT_ID_INFO` */

DROP TABLE IF EXISTS `ACT_ID_INFO`;

CREATE TABLE `ACT_ID_INFO` (
  `ID_` varchar(64) COLLATE utf8_bin NOT NULL,
  `REV_` int DEFAULT NULL,
  `USER_ID_` varchar(64) COLLATE utf8_bin DEFAULT NULL,
  `TYPE_` varchar(64) COLLATE utf8_bin DEFAULT NULL,
  `KEY_` varchar(255) COLLATE utf8_bin DEFAULT NULL,
  `VALUE_` varchar(255) COLLATE utf8_bin DEFAULT NULL,
  `PASSWORD_` longblob,
  `PARENT_ID_` varchar(255) COLLATE utf8_bin DEFAULT NULL,
  PRIMARY KEY (`ID_`)
) ENGINE=InnoDB DEFAULT CHARSET=utf8 COLLATE=utf8_bin;

/*Data for the table `ACT_ID_INFO` */

/*Table structure for table `ACT_ID_MEMBERSHIP` */

DROP TABLE IF EXISTS `ACT_ID_MEMBERSHIP`;

CREATE TABLE `ACT_ID_MEMBERSHIP` (
  `USER_ID_` varchar(64) COLLATE utf8_bin NOT NULL,
  `GROUP_ID_` varchar(64) COLLATE utf8_bin NOT NULL,
  PRIMARY KEY (`USER_ID_`,`GROUP_ID_`),
  KEY `ACT_FK_MEMB_GROUP` (`GROUP_ID_`),
  CONSTRAINT `ACT_FK_MEMB_GROUP` FOREIGN KEY (`GROUP_ID_`) REFERENCES `ACT_ID_GROUP` (`ID_`),
  CONSTRAINT `ACT_FK_MEMB_USER` FOREIGN KEY (`USER_ID_`) REFERENCES `ACT_ID_USER` (`ID_`)
) ENGINE=InnoDB DEFAULT CHARSET=utf8 COLLATE=utf8_bin;

/*Data for the table `ACT_ID_MEMBERSHIP` */

insert  into `ACT_ID_MEMBERSHIP`(`USER_ID_`,`GROUP_ID_`) values 
('admin','admin'),
('ceo','ceo'),
('manager','manager'),
('employee','user'),
('user','user');

/*Table structure for table `ACT_ID_PRIV` */

DROP TABLE IF EXISTS `ACT_ID_PRIV`;

CREATE TABLE `ACT_ID_PRIV` (
  `ID_` varchar(64) COLLATE utf8_bin NOT NULL,
  `NAME_` varchar(255) COLLATE utf8_bin NOT NULL,
  PRIMARY KEY (`ID_`),
  UNIQUE KEY `ACT_UNIQ_PRIV_NAME` (`NAME_`)
) ENGINE=InnoDB DEFAULT CHARSET=utf8 COLLATE=utf8_bin;

/*Data for the table `ACT_ID_PRIV` */

insert  into `ACT_ID_PRIV`(`ID_`,`NAME_`) values 
('dc9f0d31-2acf-11eb-80d9-227918fa15ea','access-admin'),
('dc9cea4f-2acf-11eb-80d9-227918fa15ea','access-idm'),
('dca0e1f3-2acf-11eb-80d9-227918fa15ea','access-modeler'),
('dca4b287-2acf-11eb-80d9-227918fa15ea','access-rest-api'),
('dca2ddc5-2acf-11eb-80d9-227918fa15ea','access-task');

/*Table structure for table `ACT_ID_PRIV_MAPPING` */

DROP TABLE IF EXISTS `ACT_ID_PRIV_MAPPING`;

CREATE TABLE `ACT_ID_PRIV_MAPPING` (
  `ID_` varchar(64) COLLATE utf8_bin NOT NULL,
  `PRIV_ID_` varchar(64) COLLATE utf8_bin NOT NULL,
  `USER_ID_` varchar(255) COLLATE utf8_bin DEFAULT NULL,
  `GROUP_ID_` varchar(255) COLLATE utf8_bin DEFAULT NULL,
  PRIMARY KEY (`ID_`),
  KEY `ACT_FK_PRIV_MAPPING` (`PRIV_ID_`),
  KEY `ACT_IDX_PRIV_USER` (`USER_ID_`),
  KEY `ACT_IDX_PRIV_GROUP` (`GROUP_ID_`),
  CONSTRAINT `ACT_FK_PRIV_MAPPING` FOREIGN KEY (`PRIV_ID_`) REFERENCES `ACT_ID_PRIV` (`ID_`)
) ENGINE=InnoDB DEFAULT CHARSET=utf8 COLLATE=utf8_bin;

/*Data for the table `ACT_ID_PRIV_MAPPING` */

insert  into `ACT_ID_PRIV_MAPPING`(`ID_`,`PRIV_ID_`,`USER_ID_`,`GROUP_ID_`) values 
('178b2b3f-2ad1-11eb-80d9-227918fa15ea','dc9cea4f-2acf-11eb-80d9-227918fa15ea',NULL,'admin'),
('27e2f9f0-2ad1-11eb-80d9-227918fa15ea','dc9f0d31-2acf-11eb-80d9-227918fa15ea',NULL,'manager'),
('2a939b01-2ad1-11eb-80d9-227918fa15ea','dc9f0d31-2acf-11eb-80d9-227918fa15ea',NULL,'admin'),
('2f71ca72-2ad1-11eb-80d9-227918fa15ea','dca0e1f3-2acf-11eb-80d9-227918fa15ea',NULL,'ceo'),
('332c8883-2ad1-11eb-80d9-227918fa15ea','dca0e1f3-2acf-11eb-80d9-227918fa15ea',NULL,'manager'),
('35aeeda4-2ad1-11eb-80d9-227918fa15ea','dca0e1f3-2acf-11eb-80d9-227918fa15ea',NULL,'user'),
('3aeeec25-2ad1-11eb-80d9-227918fa15ea','dca2ddc5-2acf-11eb-80d9-227918fa15ea',NULL,'ceo'),
('3e752cb6-2ad1-11eb-80d9-227918fa15ea','dca2ddc5-2acf-11eb-80d9-227918fa15ea',NULL,'manager'),
('412ea767-2ad1-11eb-80d9-227918fa15ea','dca2ddc5-2acf-11eb-80d9-227918fa15ea',NULL,'user'),
('4eaf614a-2ad1-11eb-80d9-227918fa15ea','dca4b287-2acf-11eb-80d9-227918fa15ea',NULL,'admin'),
('6538935b-2ad1-11eb-80d9-227918fa15ea','dca0e1f3-2acf-11eb-80d9-227918fa15ea',NULL,'admin'),
('696f864c-2ad1-11eb-80d9-227918fa15ea','dca2ddc5-2acf-11eb-80d9-227918fa15ea',NULL,'admin'),
('dc9e49e0-2acf-11eb-80d9-227918fa15ea','dc9cea4f-2acf-11eb-80d9-227918fa15ea','SRV-TestAdmin.ADD',NULL),
('dca01ea2-2acf-11eb-80d9-227918fa15ea','dc9f0d31-2acf-11eb-80d9-227918fa15ea','SRV-TestAdmin.ADD',NULL),
('dca1f364-2acf-11eb-80d9-227918fa15ea','dca0e1f3-2acf-11eb-80d9-227918fa15ea','SRV-TestAdmin.ADD',NULL),
('dca3ef36-2acf-11eb-80d9-227918fa15ea','dca2ddc5-2acf-11eb-80d9-227918fa15ea','SRV-TestAdmin.ADD',NULL),
('dca59ce8-2acf-11eb-80d9-227918fa15ea','dca4b287-2acf-11eb-80d9-227918fa15ea','SRV-TestAdmin.ADD',NULL);

/*Table structure for table `ACT_ID_PROPERTY` */

DROP TABLE IF EXISTS `ACT_ID_PROPERTY`;

CREATE TABLE `ACT_ID_PROPERTY` (
  `NAME_` varchar(64) COLLATE utf8_bin NOT NULL,
  `VALUE_` varchar(300) COLLATE utf8_bin DEFAULT NULL,
  `REV_` int DEFAULT NULL,
  PRIMARY KEY (`NAME_`)
) ENGINE=InnoDB DEFAULT CHARSET=utf8 COLLATE=utf8_bin;

/*Data for the table `ACT_ID_PROPERTY` */

insert  into `ACT_ID_PROPERTY`(`NAME_`,`VALUE_`,`REV_`) values 
('schema.version','6.6.0.0',1);

/*Table structure for table `ACT_ID_TOKEN` */

DROP TABLE IF EXISTS `ACT_ID_TOKEN`;

CREATE TABLE `ACT_ID_TOKEN` (
  `ID_` varchar(64) COLLATE utf8_bin NOT NULL,
  `REV_` int DEFAULT NULL,
  `TOKEN_VALUE_` varchar(255) COLLATE utf8_bin DEFAULT NULL,
  `TOKEN_DATE_` timestamp(3) NULL DEFAULT NULL,
  `IP_ADDRESS_` varchar(255) COLLATE utf8_bin DEFAULT NULL,
  `USER_AGENT_` varchar(255) COLLATE utf8_bin DEFAULT NULL,
  `USER_ID_` varchar(255) COLLATE utf8_bin DEFAULT NULL,
  `TOKEN_DATA_` varchar(2000) COLLATE utf8_bin DEFAULT NULL,
  PRIMARY KEY (`ID_`)
) ENGINE=InnoDB DEFAULT CHARSET=utf8 COLLATE=utf8_bin;

/*Data for the table `ACT_ID_TOKEN` */

insert  into `ACT_ID_TOKEN`(`ID_`,`REV_`,`TOKEN_VALUE_`,`TOKEN_DATE_`,`IP_ADDRESS_`,`USER_AGENT_`,`USER_ID_`,`TOKEN_DATA_`) values 
('5aIDNU+dyP9nmUhznnFMow==',1,'+HFvzbhBhMdFTxXprTXWpg==','2020-11-22 18:00:48.344','/deltaflow/index','Mozilla/5.0 (Windows NT 10.0; Win64; x64) AppleWebKit/537.36 (KHTML, like Gecko) Chrome/86.0.4240.198 Safari/537.36','admin',NULL),
('7PSx+GpehhU23DXJt9GPIA==',1,'Vw8gB+ipCQNHPoxiZ7k5uA==','2020-11-21 03:05:41.525','0:0:0:0:0:0:0:1','Mozilla/5.0 (Windows NT 10.0; Win64; x64) AppleWebKit/537.36 (KHTML, like Gecko) Chrome/86.0.4240.198 Safari/537.36','admin',NULL),
('BH9kCsg6bP3IwKM1bPyv4g==',1,'1iD3bpJ0klOU3CmyrzvfZw==','2020-11-25 03:03:31.219','0:0:0:0:0:0:0:1','Mozilla/5.0 (Windows NT 10.0; Win64; x64; rv:83.0) Gecko/20100101 Firefox/83.0','manager',NULL),
('JjeNWjww3n92cv2IfqaKSQ==',1,'ZLsRdAzI1YEcLOPqCP75NQ==','2020-11-23 03:26:43.185','0:0:0:0:0:0:0:1','Mozilla/5.0 (Windows NT 10.0; Win64; x64; rv:83.0) Gecko/20100101 Firefox/83.0','admin',NULL),
('JmaD1DLBIQBpKgpRbcU0yA==',1,'pWljNx5USmXZwtErIWDW3Q==','2020-11-22 18:31:28.404','127.0.0.1','Mozilla/5.0 (Windows NT 10.0; Win64; x64; rv:82.0) Gecko/20100101 Firefox/82.0','admin',NULL),
('NZiGChY4yG5LSFHFIkUuwQ==',1,'hcStRwD1jNpqAAgEdMUVpw==','2020-11-25 02:39:38.749','0:0:0:0:0:0:0:1','Mozilla/5.0 (Windows NT 10.0; Win64; x64) AppleWebKit/537.36 (KHTML, like Gecko) Chrome/87.0.4280.66 Safari/537.36 Edg/87.0.664.41','user',NULL),
('QeGn84EJVpaxkFlBWBW+gg==',1,'QLoR8Ftsar6Vom6I+Ahmhg==','2020-11-26 03:06:18.011','/modeler/views/popover/formfield-edit-popover.html','Mozilla/5.0 (Windows NT 10.0; Win64; x64; rv:83.0) Gecko/20100101 Firefox/83.0','manager',NULL),
('WlYotSBTGYCRikxFti0aOA==',1,'TAcjKU8t0YfV9NORzN1kqQ==','2020-11-23 23:27:28.550','0:0:0:0:0:0:0:1','Mozilla/5.0 (Windows NT 10.0; Win64; x64) AppleWebKit/537.36 (KHTML, like Gecko) Chrome/86.0.4240.183 Safari/537.36 OPR/72.0.3815.320','manager',NULL),
('cgI3yIcA8WGDdptOZTpjpg==',1,'5ezncAPFH2n6+Y0YWKJ0SQ==','2020-11-25 19:40:57.902','0:0:0:0:0:0:0:1','Mozilla/5.0 (Windows NT 10.0; Win64; x64) AppleWebKit/537.36 (KHTML, like Gecko) Chrome/86.0.4240.183 Safari/537.36 OPR/72.0.3815.320','user',NULL),
('hsrdgKmFCDaaNie+yJlziA==',1,'Il4wcm40VmYIbgZ6CmQytg==','2020-11-25 19:17:21.712','0:0:0:0:0:0:0:1','Mozilla/5.0 (Windows NT 10.0; Win64; x64) AppleWebKit/537.36 (KHTML, like Gecko) Chrome/87.0.4280.66 Safari/537.36','manager',NULL),
('w2M8kgKp8PKtEdj30+7crQ==',1,'atrDYrtYB8OCEy8BsymfcQ==','2020-11-19 19:41:05.671','0:0:0:0:0:0:0:1','Mozilla/5.0 (Windows NT 10.0; Win64; x64) AppleWebKit/537.36 (KHTML, like Gecko) Chrome/86.0.4240.198 Safari/537.36','admin',NULL),
('xIze1UJoISX4R0ym+Y3mkg==',1,'5SvLzV5Kgdv0r22Ts8hYdQ==','2020-11-23 23:57:50.942','0:0:0:0:0:0:0:1','Mozilla/5.0 (Windows NT 10.0; Win64; x64) AppleWebKit/537.36 (KHTML, like Gecko) Chrome/87.0.4280.66 Safari/537.36','admin',NULL);

/*Table structure for table `ACT_ID_USER` */

DROP TABLE IF EXISTS `ACT_ID_USER`;

CREATE TABLE `ACT_ID_USER` (
  `ID_` varchar(64) COLLATE utf8_bin NOT NULL,
  `REV_` int DEFAULT NULL,
  `FIRST_` varchar(255) COLLATE utf8_bin DEFAULT NULL,
  `LAST_` varchar(255) COLLATE utf8_bin DEFAULT NULL,
  `DISPLAY_NAME_` varchar(255) COLLATE utf8_bin DEFAULT NULL,
  `EMAIL_` varchar(255) COLLATE utf8_bin DEFAULT NULL,
  `PWD_` varchar(255) COLLATE utf8_bin DEFAULT NULL,
  `PICTURE_ID_` varchar(64) COLLATE utf8_bin DEFAULT NULL,
  `TENANT_ID_` varchar(255) COLLATE utf8_bin DEFAULT '',
  PRIMARY KEY (`ID_`)
) ENGINE=InnoDB DEFAULT CHARSET=utf8 COLLATE=utf8_bin;

/*Data for the table `ACT_ID_USER` */

insert  into `ACT_ID_USER`(`ID_`,`REV_`,`FIRST_`,`LAST_`,`DISPLAY_NAME_`,`EMAIL_`,`PWD_`,`PICTURE_ID_`,`TENANT_ID_`) values 
('SRV-TestAdmin.ADD',1,'Test','Administrator',NULL,'SRV-TestAdmin.ADD@deltaww.com','2wsx!QAZ',NULL,NULL),
('admin',2,'admin','delta',NULL,'admin@flowable.com','test',NULL,NULL),
('ceo',2,'ceo','delta',NULL,'ceo@flowable.com','test',NULL,NULL),
('employee',2,'employee','delta',NULL,'employee@flowable.com','test',NULL,NULL),
('manager',2,'manager','delta',NULL,'manager@flowable.com','test',NULL,NULL),
('user',2,'user','delta',NULL,'user@flowable.com','test',NULL,NULL);

/*Table structure for table `ACT_PROCDEF_INFO` */

DROP TABLE IF EXISTS `ACT_PROCDEF_INFO`;

CREATE TABLE `ACT_PROCDEF_INFO` (
  `ID_` varchar(64) COLLATE utf8_bin NOT NULL,
  `PROC_DEF_ID_` varchar(64) COLLATE utf8_bin NOT NULL,
  `REV_` int DEFAULT NULL,
  `INFO_JSON_ID_` varchar(64) COLLATE utf8_bin DEFAULT NULL,
  PRIMARY KEY (`ID_`),
  UNIQUE KEY `ACT_UNIQ_INFO_PROCDEF` (`PROC_DEF_ID_`),
  KEY `ACT_IDX_INFO_PROCDEF` (`PROC_DEF_ID_`),
  KEY `ACT_FK_INFO_JSON_BA` (`INFO_JSON_ID_`),
  CONSTRAINT `ACT_FK_INFO_JSON_BA` FOREIGN KEY (`INFO_JSON_ID_`) REFERENCES `ACT_GE_BYTEARRAY` (`ID_`),
  CONSTRAINT `ACT_FK_INFO_PROCDEF` FOREIGN KEY (`PROC_DEF_ID_`) REFERENCES `ACT_RE_PROCDEF` (`ID_`)
) ENGINE=InnoDB DEFAULT CHARSET=utf8 COLLATE=utf8_bin;

/*Data for the table `ACT_PROCDEF_INFO` */

/*Table structure for table `ACT_RE_DEPLOYMENT` */

DROP TABLE IF EXISTS `ACT_RE_DEPLOYMENT`;

CREATE TABLE `ACT_RE_DEPLOYMENT` (
  `ID_` varchar(64) COLLATE utf8_bin NOT NULL,
  `NAME_` varchar(255) COLLATE utf8_bin DEFAULT NULL,
  `CATEGORY_` varchar(255) COLLATE utf8_bin DEFAULT NULL,
  `KEY_` varchar(255) COLLATE utf8_bin DEFAULT NULL,
  `TENANT_ID_` varchar(255) COLLATE utf8_bin DEFAULT '',
  `DEPLOY_TIME_` timestamp(3) NULL DEFAULT NULL,
  `DERIVED_FROM_` varchar(64) COLLATE utf8_bin DEFAULT NULL,
  `DERIVED_FROM_ROOT_` varchar(64) COLLATE utf8_bin DEFAULT NULL,
  `PARENT_DEPLOYMENT_ID_` varchar(255) COLLATE utf8_bin DEFAULT NULL,
  `ENGINE_VERSION_` varchar(255) COLLATE utf8_bin DEFAULT NULL,
  PRIMARY KEY (`ID_`)
) ENGINE=InnoDB DEFAULT CHARSET=utf8 COLLATE=utf8_bin;

/*Data for the table `ACT_RE_DEPLOYMENT` */

insert  into `ACT_RE_DEPLOYMENT`(`ID_`,`NAME_`,`CATEGORY_`,`KEY_`,`TENANT_ID_`,`DEPLOY_TIME_`,`DERIVED_FROM_`,`DERIVED_FROM_ROOT_`,`PARENT_DEPLOYMENT_ID_`,`ENGINE_VERSION_`) values 
('0022361f-2e08-11eb-bbd8-227918fa15ea','外出单',NULL,'out-factory','','2020-11-23 21:49:06.179',NULL,NULL,'0020fd9a-2e08-11eb-bbd8-227918fa15ea',NULL),
('06ab3a3a-2fab-11eb-acf0-227918fa15ea','外出单',NULL,'out-factory','','2020-11-25 23:48:36.273',NULL,NULL,'06a8f045-2fab-11eb-acf0-227918fa15ea',NULL),
('07be7a27-2fbd-11eb-924a-227918fa15ea','MES需求变更',NULL,'mes-requirement','','2020-11-26 01:57:29.018',NULL,NULL,'07bd8fc2-2fbd-11eb-924a-227918fa15ea',NULL),
('2cbc1317-2d3d-11eb-a3a6-227918fa15ea','???',NULL,NULL,'','2020-11-22 21:37:13.170',NULL,NULL,'2cbc1317-2d3d-11eb-a3a6-227918fa15ea',NULL),
('59d51654-2bc9-11eb-9d15-227918fa15ea','外出单',NULL,'out-factory','','2020-11-21 01:15:36.049',NULL,NULL,'59d4c82f-2bc9-11eb-9d15-227918fa15ea',NULL),
('5c0b5345-2d58-11eb-b88c-227918fa15ea','返廠申請單',NULL,'rehire-form','','2020-11-23 00:51:48.955',NULL,NULL,'5c0ab700-2d58-11eb-b88c-227918fa15ea',NULL),
('5f2f47f4-2f82-11eb-bdfc-227918fa15ea','外出单',NULL,'out-factory','','2020-11-25 18:57:35.412',NULL,NULL,'5f2e849f-2f82-11eb-bdfc-227918fa15ea',NULL),
('6019d9b7-2f83-11eb-bdfc-227918fa15ea','外出单',NULL,'out-factory','','2020-11-25 19:04:46.446',NULL,NULL,'60198b92-2f83-11eb-bdfc-227918fa15ea',NULL),
('6748cd32-2bc8-11eb-9d15-227918fa15ea','外出单',NULL,'out-factory','','2020-11-21 01:08:49.121',NULL,NULL,'6747bbbd-2bc8-11eb-9d15-227918fa15ea',NULL),
('6d8cddab-2e03-11eb-8edb-227918fa15ea','外出单',NULL,'out-factory','','2020-11-23 21:16:22.266',NULL,NULL,'6d8b08e6-2e03-11eb-8edb-227918fa15ea',NULL),
('782a4681-2fb3-11eb-a9f3-227918fa15ea','外出单',NULL,'out-factory','','2020-11-26 00:49:02.662',NULL,NULL,'782898cc-2fb3-11eb-a9f3-227918fa15ea',NULL),
('78512f99-2e06-11eb-84ba-227918fa15ea','外出单',NULL,'out-factory','','2020-11-23 21:38:08.820',NULL,NULL,'784ff714-2e06-11eb-84ba-227918fa15ea',NULL),
('9c68405d-2d55-11eb-b88c-227918fa15ea','MES需求变更',NULL,'mes-requirement','','2020-11-23 00:32:08.448',NULL,NULL,'9c6707d8-2d55-11eb-b88c-227918fa15ea',NULL),
('9f32daaa-2e0b-11eb-b42b-227918fa15ea','外出单',NULL,'out-factory','','2020-11-23 22:15:01.536',NULL,NULL,'9f3105e5-2e0b-11eb-b42b-227918fa15ea',NULL),
('a63745e4-2e00-11eb-8699-227918fa15ea','外出单',NULL,'out-factory','','2020-11-23 20:56:28.845',NULL,NULL,'a6360d5f-2e00-11eb-8699-227918fa15ea',NULL),
('a83f9a9f-2d56-11eb-b88c-227918fa15ea','联络单',NULL,'liaison','','2020-11-23 00:39:37.811',NULL,NULL,'a83efe5a-2d56-11eb-b88c-227918fa15ea',NULL),
('b222144d-2fc6-11eb-8a65-227918fa15ea','MES需求变更',NULL,'mes-requirement','','2020-11-26 03:06:40.354',NULL,NULL,'b220dbc8-2fc6-11eb-8a65-227918fa15ea',NULL),
('be835938-2d29-11eb-b92b-227918fa15ea','发送邮件',NULL,'send-email','','2020-11-22 19:18:07.812',NULL,NULL,'be8247c4-2d29-11eb-b92b-227918fa15ea',NULL),
('ce86aff3-2d57-11eb-b88c-227918fa15ea','FI厂商代码申请单',NULL,'vendor-code-request-form','','2020-11-23 00:47:51.527',NULL,NULL,'ce8661ce-2d57-11eb-b88c-227918fa15ea',NULL),
('d507c502-2d28-11eb-9045-227918fa15ea','发送邮件',NULL,'send-email','','2020-11-22 19:11:36.093',NULL,NULL,'d4fc7a5e-2d28-11eb-9045-227918fa15ea',NULL),
('f1bf70e4-2d24-11eb-84d4-227918fa15ea','发送邮件',NULL,'send-email','','2020-11-22 18:43:46.286',NULL,NULL,'f1be3860-2d24-11eb-84d4-227918fa15ea',NULL),
('faa37fb9-2d29-11eb-9782-227918fa15ea','发送邮件',NULL,'send-email','','2020-11-22 19:19:48.686',NULL,NULL,'faa1aaf5-2d29-11eb-9782-227918fa15ea',NULL),
('fcbd1e55-2bcb-11eb-9e90-227918fa15ea','外出单',NULL,'out-factory','','2020-11-21 01:34:28.354',NULL,NULL,'fcbc33f0-2bcb-11eb-9e90-227918fa15ea',NULL);

/*Table structure for table `ACT_RE_MODEL` */

DROP TABLE IF EXISTS `ACT_RE_MODEL`;

CREATE TABLE `ACT_RE_MODEL` (
  `ID_` varchar(64) COLLATE utf8_bin NOT NULL,
  `REV_` int DEFAULT NULL,
  `NAME_` varchar(255) COLLATE utf8_bin DEFAULT NULL,
  `KEY_` varchar(255) COLLATE utf8_bin DEFAULT NULL,
  `CATEGORY_` varchar(255) COLLATE utf8_bin DEFAULT NULL,
  `CREATE_TIME_` timestamp(3) NULL DEFAULT NULL,
  `LAST_UPDATE_TIME_` timestamp(3) NULL DEFAULT NULL,
  `VERSION_` int DEFAULT NULL,
  `META_INFO_` varchar(4000) COLLATE utf8_bin DEFAULT NULL,
  `DEPLOYMENT_ID_` varchar(64) COLLATE utf8_bin DEFAULT NULL,
  `EDITOR_SOURCE_VALUE_ID_` varchar(64) COLLATE utf8_bin DEFAULT NULL,
  `EDITOR_SOURCE_EXTRA_VALUE_ID_` varchar(64) COLLATE utf8_bin DEFAULT NULL,
  `TENANT_ID_` varchar(255) COLLATE utf8_bin DEFAULT '',
  PRIMARY KEY (`ID_`),
  KEY `ACT_FK_MODEL_SOURCE` (`EDITOR_SOURCE_VALUE_ID_`),
  KEY `ACT_FK_MODEL_SOURCE_EXTRA` (`EDITOR_SOURCE_EXTRA_VALUE_ID_`),
  KEY `ACT_FK_MODEL_DEPLOYMENT` (`DEPLOYMENT_ID_`),
  CONSTRAINT `ACT_FK_MODEL_DEPLOYMENT` FOREIGN KEY (`DEPLOYMENT_ID_`) REFERENCES `ACT_RE_DEPLOYMENT` (`ID_`),
  CONSTRAINT `ACT_FK_MODEL_SOURCE` FOREIGN KEY (`EDITOR_SOURCE_VALUE_ID_`) REFERENCES `ACT_GE_BYTEARRAY` (`ID_`),
  CONSTRAINT `ACT_FK_MODEL_SOURCE_EXTRA` FOREIGN KEY (`EDITOR_SOURCE_EXTRA_VALUE_ID_`) REFERENCES `ACT_GE_BYTEARRAY` (`ID_`)
) ENGINE=InnoDB DEFAULT CHARSET=utf8 COLLATE=utf8_bin;

/*Data for the table `ACT_RE_MODEL` */

/*Table structure for table `ACT_RE_PROCDEF` */

DROP TABLE IF EXISTS `ACT_RE_PROCDEF`;

CREATE TABLE `ACT_RE_PROCDEF` (
  `ID_` varchar(64) COLLATE utf8_bin NOT NULL,
  `REV_` int DEFAULT NULL,
  `CATEGORY_` varchar(255) COLLATE utf8_bin DEFAULT NULL,
  `NAME_` varchar(255) COLLATE utf8_bin DEFAULT NULL,
  `KEY_` varchar(255) COLLATE utf8_bin NOT NULL,
  `VERSION_` int NOT NULL,
  `DEPLOYMENT_ID_` varchar(64) COLLATE utf8_bin DEFAULT NULL,
  `RESOURCE_NAME_` varchar(4000) COLLATE utf8_bin DEFAULT NULL,
  `DGRM_RESOURCE_NAME_` varchar(4000) COLLATE utf8_bin DEFAULT NULL,
  `DESCRIPTION_` varchar(4000) COLLATE utf8_bin DEFAULT NULL,
  `HAS_START_FORM_KEY_` tinyint DEFAULT NULL,
  `HAS_GRAPHICAL_NOTATION_` tinyint DEFAULT NULL,
  `SUSPENSION_STATE_` int DEFAULT NULL,
  `TENANT_ID_` varchar(255) COLLATE utf8_bin DEFAULT '',
  `ENGINE_VERSION_` varchar(255) COLLATE utf8_bin DEFAULT NULL,
  `DERIVED_FROM_` varchar(64) COLLATE utf8_bin DEFAULT NULL,
  `DERIVED_FROM_ROOT_` varchar(64) COLLATE utf8_bin DEFAULT NULL,
  `DERIVED_VERSION_` int NOT NULL DEFAULT '0',
  PRIMARY KEY (`ID_`),
  UNIQUE KEY `ACT_UNIQ_PROCDEF` (`KEY_`,`VERSION_`,`DERIVED_VERSION_`,`TENANT_ID_`)
) ENGINE=InnoDB DEFAULT CHARSET=utf8 COLLATE=utf8_bin;

/*Data for the table `ACT_RE_PROCDEF` */

insert  into `ACT_RE_PROCDEF`(`ID_`,`REV_`,`CATEGORY_`,`NAME_`,`KEY_`,`VERSION_`,`DEPLOYMENT_ID_`,`RESOURCE_NAME_`,`DGRM_RESOURCE_NAME_`,`DESCRIPTION_`,`HAS_START_FORM_KEY_`,`HAS_GRAPHICAL_NOTATION_`,`SUSPENSION_STATE_`,`TENANT_ID_`,`ENGINE_VERSION_`,`DERIVED_FROM_`,`DERIVED_FROM_ROOT_`,`DERIVED_VERSION_`) values 
('liaison:1:a866aaa2-2d56-11eb-b88c-227918fa15ea',3,'自定义流程表单','联络单','liaison',1,'a83f9a9f-2d56-11eb-b88c-227918fa15ea','liaison.bpmn','liaison.liaison.png',NULL,1,1,1,'',NULL,NULL,NULL,0),
('mes-requirement:1:9ca6d000-2d55-11eb-b88c-227918fa15ea',2,'自定义流程表单','MES需求变更','mes-requirement',1,'9c68405d-2d55-11eb-b88c-227918fa15ea','mes-requirement.bpmn','mes-requirement.mes-requirement.png',NULL,1,1,1,'',NULL,NULL,NULL,0),
('mes-requirement:2:0842502a-2fbd-11eb-924a-227918fa15ea',1,'自定義流程表單','MES需求变更','mes-requirement',2,'07be7a27-2fbd-11eb-924a-227918fa15ea','mes-requirement.bpmn','mes-requirement.mes-requirement.png',NULL,1,1,1,'',NULL,NULL,NULL,0),
('mes-requirement:3:b2bb2000-2fc6-11eb-8a65-227918fa15ea',1,'自定義流程表單','MES需求变更','mes-requirement',3,'b222144d-2fc6-11eb-8a65-227918fa15ea','mes-requirement.bpmn','mes-requirement.mes-requirement.png',NULL,1,1,1,'',NULL,NULL,NULL,0),
('out-factory:10:60b60f07-2f82-11eb-bdfc-227918fa15ea',1,'http://www.flowable.org/processdef','外出单','out-factory',10,'5f2f47f4-2f82-11eb-bdfc-227918fa15ea','out-factory.bpmn','out-factory.out-factory.png',NULL,1,1,1,'',NULL,NULL,NULL,0),
('out-factory:11:60901b2a-2f83-11eb-bdfc-227918fa15ea',2,'固定流程表單','外出单','out-factory',11,'6019d9b7-2f83-11eb-bdfc-227918fa15ea','out-factory.bpmn','out-factory.out-factory.png',NULL,1,1,1,'',NULL,NULL,NULL,0),
('out-factory:12:0703936d-2fab-11eb-acf0-227918fa15ea',1,'固定流程表單','外出单','out-factory',12,'06ab3a3a-2fab-11eb-acf0-227918fa15ea','out-factory.bpmn','out-factory.out-factory.png',NULL,1,1,1,'',NULL,NULL,NULL,0),
('out-factory:13:788781b4-2fb3-11eb-a9f3-227918fa15ea',1,'固定流程表單','外出单','out-factory',13,'782a4681-2fb3-11eb-a9f3-227918fa15ea','out-factory.bpmn','out-factory.out-factory.png',NULL,1,1,1,'',NULL,NULL,NULL,0),
('out-factory:1:678dc575-2bc8-11eb-9d15-227918fa15ea',1,'http://www.flowable.org/processdef','外出单','out-factory',1,'6748cd32-2bc8-11eb-9d15-227918fa15ea','out-factory.bpmn','out-factory.out-factory.png',NULL,1,1,1,'',NULL,NULL,NULL,0),
('out-factory:2:59f74457-2bc9-11eb-9d15-227918fa15ea',1,'http://www.flowable.org/processdef','外出单','out-factory',2,'59d51654-2bc9-11eb-9d15-227918fa15ea','out-factory.bpmn','out-factory.out-factory.png',NULL,1,1,1,'',NULL,NULL,NULL,0),
('out-factory:3:fcf40cd8-2bcb-11eb-9e90-227918fa15ea',1,'http://www.flowable.org/processdef','外出单','out-factory',3,'fcbd1e55-2bcb-11eb-9e90-227918fa15ea','out-factory.bpmn','out-factory.out-factory.png',NULL,1,1,1,'',NULL,NULL,NULL,0),
('out-factory:4:2d2b9dca-2d3d-11eb-a3a6-227918fa15ea',2,'固定流程表单','外出单','out-factory',4,'2cbc1317-2d3d-11eb-a3a6-227918fa15ea','???.bpmn20.xml','???.out-factory.png',NULL,1,1,1,'',NULL,NULL,NULL,0),
('out-factory:5:a68b8067-2e00-11eb-8699-227918fa15ea',2,'固定流程表单','外出单','out-factory',5,'a63745e4-2e00-11eb-8699-227918fa15ea','out-factory.bpmn','out-factory.out-factory.png',NULL,1,1,1,'',NULL,NULL,NULL,0),
('out-factory:6:6dda616e-2e03-11eb-8edb-227918fa15ea',1,'http://www.flowable.org/processdef','外出单','out-factory',6,'6d8cddab-2e03-11eb-8edb-227918fa15ea','out-factory.bpmn','out-factory.out-factory.png',NULL,1,1,1,'',NULL,NULL,NULL,0),
('out-factory:7:78a9fdfc-2e06-11eb-84ba-227918fa15ea',1,'http://www.flowable.org/processdef','外出单','out-factory',7,'78512f99-2e06-11eb-84ba-227918fa15ea','out-factory.bpmn','out-factory.out-factory.png',NULL,1,1,1,'',NULL,NULL,NULL,0),
('out-factory:8:00860102-2e08-11eb-bbd8-227918fa15ea',2,'固定流程表单','外出单','out-factory',8,'0022361f-2e08-11eb-bbd8-227918fa15ea','out-factory.bpmn','out-factory.out-factory.png',NULL,1,1,1,'',NULL,NULL,NULL,0),
('out-factory:9:9fcde22d-2e0b-11eb-b42b-227918fa15ea',2,'固定流程表单','外出单','out-factory',9,'9f32daaa-2e0b-11eb-b42b-227918fa15ea','out-factory.bpmn','out-factory.out-factory.png',NULL,1,1,1,'',NULL,NULL,NULL,0),
('rehire-form:1:5c2e1d88-2d58-11eb-b88c-227918fa15ea',3,'多部门参与表单','返廠申請單','rehire-form',1,'5c0b5345-2d58-11eb-b88c-227918fa15ea','rehire-form.bpmn','rehire-form.rehire-form.png',NULL,1,1,1,'',NULL,NULL,NULL,0),
('send-email:1:f20860c7-2d24-11eb-84d4-227918fa15ea',1,'http://www.flowable.org/processdef','发送邮件','send-email',1,'f1bf70e4-2d24-11eb-84d4-227918fa15ea','send-email.bpmn','send-email.send-email.png',NULL,0,1,1,'',NULL,NULL,NULL,0),
('send-email:2:d555e505-2d28-11eb-9045-227918fa15ea',1,'http://www.flowable.org/processdef','发送邮件','send-email',2,'d507c502-2d28-11eb-9045-227918fa15ea','send-email.bpmn','send-email.send-email.png',NULL,0,1,1,'',NULL,NULL,NULL,0),
('send-email:3:beec543b-2d29-11eb-b92b-227918fa15ea',1,'http://www.flowable.org/processdef','发送邮件','send-email',3,'be835938-2d29-11eb-b92b-227918fa15ea','send-email.bpmn','send-email.send-email.png',NULL,0,1,1,'',NULL,NULL,NULL,0),
('send-email:4:faff826c-2d29-11eb-9782-227918fa15ea',1,'http://www.flowable.org/processdef','发送邮件','send-email',4,'faa37fb9-2d29-11eb-9782-227918fa15ea','send-email.bpmn','send-email.send-email.png',NULL,0,1,1,'',NULL,NULL,NULL,0),
('vendor-code-request-form:1:ceaa3d86-2d57-11eb-b88c-227918fa15ea',3,'涉及权限表单','FI廠商代碼申請單','vendor-code-request-form',1,'ce86aff3-2d57-11eb-b88c-227918fa15ea','vendor-code-request-form.bpmn','vendor-code-request-form.vendor-code-request-form.png',NULL,1,1,1,'',NULL,NULL,NULL,0);

/*Table structure for table `ACT_RU_ACTINST` */

DROP TABLE IF EXISTS `ACT_RU_ACTINST`;

CREATE TABLE `ACT_RU_ACTINST` (
  `ID_` varchar(64) COLLATE utf8_bin NOT NULL,
  `REV_` int DEFAULT '1',
  `PROC_DEF_ID_` varchar(64) COLLATE utf8_bin NOT NULL,
  `PROC_INST_ID_` varchar(64) COLLATE utf8_bin NOT NULL,
  `EXECUTION_ID_` varchar(64) COLLATE utf8_bin NOT NULL,
  `ACT_ID_` varchar(255) COLLATE utf8_bin NOT NULL,
  `TASK_ID_` varchar(64) COLLATE utf8_bin DEFAULT NULL,
  `CALL_PROC_INST_ID_` varchar(64) COLLATE utf8_bin DEFAULT NULL,
  `ACT_NAME_` varchar(255) COLLATE utf8_bin DEFAULT NULL,
  `ACT_TYPE_` varchar(255) COLLATE utf8_bin NOT NULL,
  `ASSIGNEE_` varchar(255) COLLATE utf8_bin DEFAULT NULL,
  `START_TIME_` datetime(3) NOT NULL,
  `END_TIME_` datetime(3) DEFAULT NULL,
  `DURATION_` bigint DEFAULT NULL,
  `TRANSACTION_ORDER_` int DEFAULT NULL,
  `DELETE_REASON_` varchar(4000) COLLATE utf8_bin DEFAULT NULL,
  `TENANT_ID_` varchar(255) COLLATE utf8_bin DEFAULT '',
  PRIMARY KEY (`ID_`),
  KEY `ACT_IDX_RU_ACTI_START` (`START_TIME_`),
  KEY `ACT_IDX_RU_ACTI_END` (`END_TIME_`),
  KEY `ACT_IDX_RU_ACTI_PROC` (`PROC_INST_ID_`),
  KEY `ACT_IDX_RU_ACTI_PROC_ACT` (`PROC_INST_ID_`,`ACT_ID_`),
  KEY `ACT_IDX_RU_ACTI_EXEC` (`EXECUTION_ID_`),
  KEY `ACT_IDX_RU_ACTI_EXEC_ACT` (`EXECUTION_ID_`,`ACT_ID_`)
) ENGINE=InnoDB DEFAULT CHARSET=utf8 COLLATE=utf8_bin;

/*Data for the table `ACT_RU_ACTINST` */

insert  into `ACT_RU_ACTINST`(`ID_`,`REV_`,`PROC_DEF_ID_`,`PROC_INST_ID_`,`EXECUTION_ID_`,`ACT_ID_`,`TASK_ID_`,`CALL_PROC_INST_ID_`,`ACT_NAME_`,`ACT_TYPE_`,`ASSIGNEE_`,`START_TIME_`,`END_TIME_`,`DURATION_`,`TRANSACTION_ORDER_`,`DELETE_REASON_`,`TENANT_ID_`) values 
('0581e355-2fb0-11eb-9226-227918fa15ea',1,'out-factory:12:0703936d-2fab-11eb-acf0-227918fa15ea','057d014c-2fb0-11eb-9226-227918fa15ea','0581bc44-2fb0-11eb-9226-227918fa15ea','startEvent1',NULL,NULL,'填单','startEvent',NULL,'2020-11-26 00:24:21.808','2020-11-26 00:25:44.681',82873,1,NULL,''),
('0b920f0f-2fcb-11eb-8fff-227918fa15ea',1,'out-factory:13:788781b4-2fb3-11eb-a9f3-227918fa15ea','0b91e7f6-2fcb-11eb-8fff-227918fa15ea','0b920f0e-2fcb-11eb-8fff-227918fa15ea','startEvent1',NULL,NULL,'填单','startEvent',NULL,'2020-11-26 03:37:48.392','2020-11-26 03:37:59.900',11508,1,NULL,''),
('126e3163-2fcb-11eb-8fff-227918fa15ea',1,'out-factory:13:788781b4-2fb3-11eb-a9f3-227918fa15ea','0b91e7f6-2fcb-11eb-8fff-227918fa15ea','0b920f0e-2fcb-11eb-8fff-227918fa15ea','sid-FB957372-CC09-424B-88F0-30C09C3C100F',NULL,NULL,NULL,'sequenceFlow',NULL,'2020-11-26 03:37:59.901','2020-11-26 03:37:59.901',0,2,NULL,''),
('126e3164-2fcb-11eb-8fff-227918fa15ea',1,'out-factory:13:788781b4-2fb3-11eb-a9f3-227918fa15ea','0b91e7f6-2fcb-11eb-8fff-227918fa15ea','0b920f0e-2fcb-11eb-8fff-227918fa15ea','sid-E086BDD7-66B2-409F-B18C-B682DD9172DB','126e3165-2fcb-11eb-8fff-227918fa15ea',NULL,'申请人确认','userTask',NULL,'2020-11-26 03:37:59.901','2020-11-26 03:37:59.901',0,3,NULL,''),
('126e3166-2fcb-11eb-8fff-227918fa15ea',1,'out-factory:13:788781b4-2fb3-11eb-a9f3-227918fa15ea','0b91e7f6-2fcb-11eb-8fff-227918fa15ea','0b920f0e-2fcb-11eb-8fff-227918fa15ea','sid-D2A7423F-91E0-430D-AA1A-09A1C246CA40',NULL,NULL,NULL,'sequenceFlow',NULL,'2020-11-26 03:37:59.901','2020-11-26 03:37:59.901',0,4,NULL,''),
('126e3167-2fcb-11eb-8fff-227918fa15ea',1,'out-factory:13:788781b4-2fb3-11eb-a9f3-227918fa15ea','0b91e7f6-2fcb-11eb-8fff-227918fa15ea','0b920f0e-2fcb-11eb-8fff-227918fa15ea','sid-ABCBD09C-DB79-4EE8-BB28-96FEBAAFF175','12700628-2fcb-11eb-8fff-227918fa15ea',NULL,'主管审核','userTask','manager','2020-11-26 03:37:59.901',NULL,NULL,5,NULL,''),
('138ed183-2f83-11eb-bdfc-227918fa15ea',1,'out-factory:10:60b60f07-2f82-11eb-bdfc-227918fa15ea','138e353b-2f83-11eb-bdfc-227918fa15ea','138ed182-2f83-11eb-bdfc-227918fa15ea','startEvent1',NULL,NULL,'填单','startEvent',NULL,'2020-11-25 19:02:38.028','2020-11-25 19:02:38.028',0,1,NULL,''),
('138ed186-2f83-11eb-bdfc-227918fa15ea',1,'out-factory:10:60b60f07-2f82-11eb-bdfc-227918fa15ea','138e353b-2f83-11eb-bdfc-227918fa15ea','138ed182-2f83-11eb-bdfc-227918fa15ea','sid-FB957372-CC09-424B-88F0-30C09C3C100F',NULL,NULL,NULL,'sequenceFlow',NULL,'2020-11-25 19:02:38.028','2020-11-25 19:02:38.028',0,2,NULL,''),
('138ed187-2f83-11eb-bdfc-227918fa15ea',2,'out-factory:10:60b60f07-2f82-11eb-bdfc-227918fa15ea','138e353b-2f83-11eb-bdfc-227918fa15ea','138ed182-2f83-11eb-bdfc-227918fa15ea','sid-E086BDD7-66B2-409F-B18C-B682DD9172DB','13938c78-2f83-11eb-bdfc-227918fa15ea',NULL,'申请人确认','userTask','manager','2020-11-25 19:02:38.028','2020-11-25 19:39:06.829',2188801,3,NULL,''),
('21ee6e08-2fb2-11eb-9226-227918fa15ea',1,'out-factory:12:0703936d-2fab-11eb-acf0-227918fa15ea','21ee6dff-2fb2-11eb-9226-227918fa15ea','21ee6e07-2fb2-11eb-9226-227918fa15ea','startEvent1',NULL,NULL,'填单','startEvent',NULL,'2020-11-26 00:39:28.489','2020-11-26 00:39:35.737',7248,1,NULL,''),
('2640630c-2fb2-11eb-9226-227918fa15ea',1,'out-factory:12:0703936d-2fab-11eb-acf0-227918fa15ea','21ee6dff-2fb2-11eb-9226-227918fa15ea','21ee6e07-2fb2-11eb-9226-227918fa15ea','sid-FB957372-CC09-424B-88F0-30C09C3C100F',NULL,NULL,NULL,'sequenceFlow',NULL,'2020-11-26 00:39:35.737','2020-11-26 00:39:35.737',0,2,NULL,''),
('2640630d-2fb2-11eb-9226-227918fa15ea',1,'out-factory:12:0703936d-2fab-11eb-acf0-227918fa15ea','21ee6dff-2fb2-11eb-9226-227918fa15ea','21ee6e07-2fb2-11eb-9226-227918fa15ea','sid-E086BDD7-66B2-409F-B18C-B682DD9172DB','2640630e-2fb2-11eb-9226-227918fa15ea',NULL,'申请人确认','userTask',NULL,'2020-11-26 00:39:35.737','2020-11-26 00:39:35.737',0,3,NULL,''),
('2640630f-2fb2-11eb-9226-227918fa15ea',1,'out-factory:12:0703936d-2fab-11eb-acf0-227918fa15ea','21ee6dff-2fb2-11eb-9226-227918fa15ea','21ee6e07-2fb2-11eb-9226-227918fa15ea','sid-D2A7423F-91E0-430D-AA1A-09A1C246CA40',NULL,NULL,NULL,'sequenceFlow',NULL,'2020-11-26 00:39:35.737','2020-11-26 00:39:35.737',0,4,NULL,''),
('26406310-2fb2-11eb-9226-227918fa15ea',1,'out-factory:12:0703936d-2fab-11eb-acf0-227918fa15ea','21ee6dff-2fb2-11eb-9226-227918fa15ea','21ee6e07-2fb2-11eb-9226-227918fa15ea','sid-ABCBD09C-DB79-4EE8-BB28-96FEBAAFF175','2640ff51-2fb2-11eb-9226-227918fa15ea',NULL,'主管审核','userTask','manager','2020-11-26 00:39:35.737',NULL,NULL,5,NULL,''),
('2739940b-2fab-11eb-acf0-227918fa15ea',1,'out-factory:12:0703936d-2fab-11eb-acf0-227918fa15ea','27388291-2fab-11eb-acf0-227918fa15ea','2739940a-2fab-11eb-acf0-227918fa15ea','startEvent1',NULL,NULL,'填单','startEvent',NULL,'2020-11-25 23:49:30.893','2020-11-25 23:49:30.921',28,1,NULL,''),
('273e760e-2fab-11eb-acf0-227918fa15ea',1,'out-factory:12:0703936d-2fab-11eb-acf0-227918fa15ea','27388291-2fab-11eb-acf0-227918fa15ea','2739940a-2fab-11eb-acf0-227918fa15ea','sid-FB957372-CC09-424B-88F0-30C09C3C100F',NULL,NULL,NULL,'sequenceFlow',NULL,'2020-11-25 23:49:30.925','2020-11-25 23:49:30.925',0,2,NULL,''),
('273e760f-2fab-11eb-acf0-227918fa15ea',1,'out-factory:12:0703936d-2fab-11eb-acf0-227918fa15ea','27388291-2fab-11eb-acf0-227918fa15ea','2739940a-2fab-11eb-acf0-227918fa15ea','sid-E086BDD7-66B2-409F-B18C-B682DD9172DB','27461730-2fab-11eb-acf0-227918fa15ea',NULL,'申请人确认','userTask',NULL,'2020-11-25 23:49:30.925','2020-11-25 23:49:30.979',54,3,NULL,''),
('2746b371-2fab-11eb-acf0-227918fa15ea',1,'out-factory:12:0703936d-2fab-11eb-acf0-227918fa15ea','27388291-2fab-11eb-acf0-227918fa15ea','2739940a-2fab-11eb-acf0-227918fa15ea','sid-D2A7423F-91E0-430D-AA1A-09A1C246CA40',NULL,NULL,NULL,'sequenceFlow',NULL,'2020-11-25 23:49:30.979','2020-11-25 23:49:30.979',0,4,NULL,''),
('2746b372-2fab-11eb-acf0-227918fa15ea',1,'out-factory:12:0703936d-2fab-11eb-acf0-227918fa15ea','27388291-2fab-11eb-acf0-227918fa15ea','2739940a-2fab-11eb-acf0-227918fa15ea','sid-ABCBD09C-DB79-4EE8-BB28-96FEBAAFF175','274a5cf3-2fab-11eb-acf0-227918fa15ea',NULL,'主管审核','userTask','manager','2020-11-25 23:49:30.979',NULL,NULL,5,NULL,''),
('2c2ff437-2f88-11eb-a96f-227918fa15ea',1,'out-factory:10:60b60f07-2f82-11eb-bdfc-227918fa15ea','138e353b-2f83-11eb-bdfc-227918fa15ea','138ed182-2f83-11eb-bdfc-227918fa15ea','sid-D2A7423F-91E0-430D-AA1A-09A1C246CA40',NULL,NULL,NULL,'sequenceFlow',NULL,'2020-11-25 19:39:06.833','2020-11-25 19:39:06.833',0,1,NULL,''),
('2c2ff438-2f88-11eb-a96f-227918fa15ea',1,'out-factory:10:60b60f07-2f82-11eb-bdfc-227918fa15ea','138e353b-2f83-11eb-bdfc-227918fa15ea','138ed182-2f83-11eb-bdfc-227918fa15ea','sid-ABCBD09C-DB79-4EE8-BB28-96FEBAAFF175','2c2ff439-2f88-11eb-a96f-227918fa15ea',NULL,'主管审核','userTask',NULL,'2020-11-25 19:39:06.833',NULL,NULL,2,NULL,''),
('2fbe7409-2fc7-11eb-ac51-227918fa15ea',1,'mes-requirement:3:b2bb2000-2fc6-11eb-8a65-227918fa15ea','2fbdb0ae-2fc7-11eb-ac51-227918fa15ea','2fbe7408-2fc7-11eb-ac51-227918fa15ea','startEvent1',NULL,NULL,'填单','startEvent',NULL,'2020-11-26 03:10:11.094','2020-11-26 03:10:11.119',25,1,NULL,''),
('2fc2b9cc-2fc7-11eb-ac51-227918fa15ea',1,'mes-requirement:3:b2bb2000-2fc6-11eb-8a65-227918fa15ea','2fbdb0ae-2fc7-11eb-ac51-227918fa15ea','2fbe7408-2fc7-11eb-ac51-227918fa15ea','sid-07BACF0C-406A-4E40-A1FC-00A0BC020C59',NULL,NULL,NULL,'sequenceFlow',NULL,'2020-11-26 03:10:11.122','2020-11-26 03:10:11.122',0,2,NULL,''),
('2fc2b9cd-2fc7-11eb-ac51-227918fa15ea',1,'mes-requirement:3:b2bb2000-2fc6-11eb-8a65-227918fa15ea','2fbdb0ae-2fc7-11eb-ac51-227918fa15ea','2fbe7408-2fc7-11eb-ac51-227918fa15ea','sid-33868E85-5876-4712-9136-27C22F40C24D','2fc8fb5e-2fc7-11eb-ac51-227918fa15ea',NULL,'填单人确认','userTask',NULL,'2020-11-26 03:10:11.122','2020-11-26 03:10:11.167',45,3,NULL,''),
('2fc9979f-2fc7-11eb-ac51-227918fa15ea',1,'mes-requirement:3:b2bb2000-2fc6-11eb-8a65-227918fa15ea','2fbdb0ae-2fc7-11eb-ac51-227918fa15ea','2fbe7408-2fc7-11eb-ac51-227918fa15ea','sid-9D4E7218-A416-4E13-8129-6902D1CEDBD3',NULL,NULL,NULL,'sequenceFlow',NULL,'2020-11-26 03:10:11.168','2020-11-26 03:10:11.168',0,4,NULL,''),
('2fc9beb0-2fc7-11eb-ac51-227918fa15ea',1,'mes-requirement:3:b2bb2000-2fc6-11eb-8a65-227918fa15ea','2fbdb0ae-2fc7-11eb-ac51-227918fa15ea','2fbe7408-2fc7-11eb-ac51-227918fa15ea','sid-9E02A53C-8F0C-4B08-A7ED-46875520B424','2fc9beb1-2fc7-11eb-ac51-227918fa15ea',NULL,'提案部门主管','userTask',NULL,'2020-11-26 03:10:11.168',NULL,NULL,5,NULL,''),
('36e7ea29-2fb0-11eb-9226-227918fa15ea',1,'out-factory:12:0703936d-2fab-11eb-acf0-227918fa15ea','057d014c-2fb0-11eb-9226-227918fa15ea','0581bc44-2fb0-11eb-9226-227918fa15ea','sid-FB957372-CC09-424B-88F0-30C09C3C100F',NULL,NULL,NULL,'sequenceFlow',NULL,'2020-11-26 00:25:44.685','2020-11-26 00:25:44.685',0,2,NULL,''),
('36e7ea2a-2fb0-11eb-9226-227918fa15ea',1,'out-factory:12:0703936d-2fab-11eb-acf0-227918fa15ea','057d014c-2fb0-11eb-9226-227918fa15ea','0581bc44-2fb0-11eb-9226-227918fa15ea','sid-E086BDD7-66B2-409F-B18C-B682DD9172DB','36eddd9b-2fb0-11eb-9226-227918fa15ea',NULL,'申请人确认','userTask',NULL,'2020-11-26 00:25:44.685','2020-11-26 00:25:44.724',39,3,NULL,''),
('36eddd9c-2fb0-11eb-9226-227918fa15ea',1,'out-factory:12:0703936d-2fab-11eb-acf0-227918fa15ea','057d014c-2fb0-11eb-9226-227918fa15ea','0581bc44-2fb0-11eb-9226-227918fa15ea','sid-D2A7423F-91E0-430D-AA1A-09A1C246CA40',NULL,NULL,NULL,'sequenceFlow',NULL,'2020-11-26 00:25:44.724','2020-11-26 00:25:44.724',0,4,NULL,''),
('36eddd9d-2fb0-11eb-9226-227918fa15ea',1,'out-factory:12:0703936d-2fab-11eb-acf0-227918fa15ea','057d014c-2fb0-11eb-9226-227918fa15ea','0581bc44-2fb0-11eb-9226-227918fa15ea','sid-ABCBD09C-DB79-4EE8-BB28-96FEBAAFF175','36f04e9e-2fb0-11eb-9226-227918fa15ea',NULL,'主管审核','userTask','manager','2020-11-26 00:25:44.724',NULL,NULL,5,NULL,''),
('3b43120c-2e04-11eb-8e8e-227918fa15ea',1,'out-factory:6:6dda616e-2e03-11eb-8edb-227918fa15ea','3b4275c5-2e04-11eb-8e8e-227918fa15ea','3b43120b-2e04-11eb-8e8e-227918fa15ea','startEvent1',NULL,NULL,'填单','startEvent',NULL,'2020-11-23 21:22:07.393','2020-11-23 21:22:07.409',16,1,NULL,''),
('3b45830f-2e04-11eb-8e8e-227918fa15ea',1,'out-factory:6:6dda616e-2e03-11eb-8edb-227918fa15ea','3b4275c5-2e04-11eb-8e8e-227918fa15ea','3b43120b-2e04-11eb-8e8e-227918fa15ea','sid-FB957372-CC09-424B-88F0-30C09C3C100F',NULL,NULL,NULL,'sequenceFlow',NULL,'2020-11-23 21:22:07.409','2020-11-23 21:22:07.409',0,2,NULL,''),
('3b458310-2e04-11eb-8e8e-227918fa15ea',1,'out-factory:6:6dda616e-2e03-11eb-8edb-227918fa15ea','3b4275c5-2e04-11eb-8e8e-227918fa15ea','3b43120b-2e04-11eb-8e8e-227918fa15ea','sid-E086BDD7-66B2-409F-B18C-B682DD9172DB','3b4b7581-2e04-11eb-8e8e-227918fa15ea',NULL,'申请人确认','userTask','admin','2020-11-23 21:22:07.409',NULL,NULL,3,NULL,''),
('4bb64932-2f87-11eb-a96f-227918fa15ea',1,'out-factory:11:60901b2a-2f83-11eb-bdfc-227918fa15ea','90d9dc8e-2f83-11eb-bdfc-227918fa15ea','90d9dc94-2f83-11eb-bdfc-227918fa15ea','sid-D2A7423F-91E0-430D-AA1A-09A1C246CA40',NULL,NULL,NULL,'sequenceFlow',NULL,'2020-11-25 19:32:50.226','2020-11-25 19:32:50.226',0,1,NULL,''),
('4bb781b3-2f87-11eb-a96f-227918fa15ea',1,'out-factory:11:60901b2a-2f83-11eb-bdfc-227918fa15ea','90d9dc8e-2f83-11eb-bdfc-227918fa15ea','90d9dc94-2f83-11eb-bdfc-227918fa15ea','sid-ABCBD09C-DB79-4EE8-BB28-96FEBAAFF175','4bc73924-2f87-11eb-a96f-227918fa15ea',NULL,'主管审核','userTask',NULL,'2020-11-25 19:32:50.234',NULL,NULL,2,NULL,''),
('4cd436ed-2fc9-11eb-813b-227918fa15ea',1,'out-factory:13:788781b4-2fb3-11eb-a9f3-227918fa15ea','4cd3e8c4-2fc9-11eb-813b-227918fa15ea','4cd436ec-2fc9-11eb-813b-227918fa15ea','startEvent1',NULL,NULL,'填单','startEvent',NULL,'2020-11-26 03:25:18.884','2020-11-26 03:25:24.256',5372,1,NULL,''),
('5007eab1-2fc9-11eb-813b-227918fa15ea',1,'out-factory:13:788781b4-2fb3-11eb-a9f3-227918fa15ea','4cd3e8c4-2fc9-11eb-813b-227918fa15ea','4cd436ec-2fc9-11eb-813b-227918fa15ea','sid-FB957372-CC09-424B-88F0-30C09C3C100F',NULL,NULL,NULL,'sequenceFlow',NULL,'2020-11-26 03:25:24.256','2020-11-26 03:25:24.256',0,2,NULL,''),
('5007eab2-2fc9-11eb-813b-227918fa15ea',1,'out-factory:13:788781b4-2fb3-11eb-a9f3-227918fa15ea','4cd3e8c4-2fc9-11eb-813b-227918fa15ea','4cd436ec-2fc9-11eb-813b-227918fa15ea','sid-E086BDD7-66B2-409F-B18C-B682DD9172DB','5007eab3-2fc9-11eb-813b-227918fa15ea',NULL,'申请人确认','userTask',NULL,'2020-11-26 03:25:24.256','2020-11-26 03:25:24.256',0,3,NULL,''),
('5007eab4-2fc9-11eb-813b-227918fa15ea',1,'out-factory:13:788781b4-2fb3-11eb-a9f3-227918fa15ea','4cd3e8c4-2fc9-11eb-813b-227918fa15ea','4cd436ec-2fc9-11eb-813b-227918fa15ea','sid-D2A7423F-91E0-430D-AA1A-09A1C246CA40',NULL,NULL,NULL,'sequenceFlow',NULL,'2020-11-26 03:25:24.256','2020-11-26 03:25:24.256',0,4,NULL,''),
('5007eab5-2fc9-11eb-813b-227918fa15ea',1,'out-factory:13:788781b4-2fb3-11eb-a9f3-227918fa15ea','4cd3e8c4-2fc9-11eb-813b-227918fa15ea','4cd436ec-2fc9-11eb-813b-227918fa15ea','sid-ABCBD09C-DB79-4EE8-BB28-96FEBAAFF175','5009bf76-2fc9-11eb-813b-227918fa15ea',NULL,'主管审核','userTask','manager','2020-11-26 03:25:24.256',NULL,NULL,5,NULL,''),
('74cfbb0e-2fbc-11eb-924a-227918fa15ea',1,'mes-requirement:1:9ca6d000-2d55-11eb-b88c-227918fa15ea','74ced0a7-2fbc-11eb-924a-227918fa15ea','74cfbb0d-2fbc-11eb-924a-227918fa15ea','startEvent1',NULL,NULL,'填单','startEvent',NULL,'2020-11-26 01:53:22.506','2020-11-26 01:53:22.515',9,1,NULL,''),
('74d18fd1-2fbc-11eb-924a-227918fa15ea',1,'mes-requirement:1:9ca6d000-2d55-11eb-b88c-227918fa15ea','74ced0a7-2fbc-11eb-924a-227918fa15ea','74cfbb0d-2fbc-11eb-924a-227918fa15ea','sid-07BACF0C-406A-4E40-A1FC-00A0BC020C59',NULL,NULL,NULL,'sequenceFlow',NULL,'2020-11-26 01:53:22.518','2020-11-26 01:53:22.518',0,2,NULL,''),
('74d18fd2-2fbc-11eb-924a-227918fa15ea',1,'mes-requirement:1:9ca6d000-2d55-11eb-b88c-227918fa15ea','74ced0a7-2fbc-11eb-924a-227918fa15ea','74cfbb0d-2fbc-11eb-924a-227918fa15ea','sid-33868E85-5876-4712-9136-27C22F40C24D','74d5d593-2fbc-11eb-924a-227918fa15ea',NULL,'填单人确认','userTask',NULL,'2020-11-26 01:53:22.518',NULL,NULL,3,NULL,''),
('8b1357ef-2fc7-11eb-b181-227918fa15ea',1,'mes-requirement:3:b2bb2000-2fc6-11eb-8a65-227918fa15ea','8b124674-2fc7-11eb-b181-227918fa15ea','8b1357ee-2fc7-11eb-b181-227918fa15ea','startEvent1',NULL,NULL,'填单','startEvent',NULL,'2020-11-26 03:12:44.323','2020-11-26 03:12:44.346',23,1,NULL,''),
('8b172882-2fc7-11eb-b181-227918fa15ea',1,'mes-requirement:3:b2bb2000-2fc6-11eb-8a65-227918fa15ea','8b124674-2fc7-11eb-b181-227918fa15ea','8b1357ee-2fc7-11eb-b181-227918fa15ea','sid-07BACF0C-406A-4E40-A1FC-00A0BC020C59',NULL,NULL,NULL,'sequenceFlow',NULL,'2020-11-26 03:12:44.348','2020-11-26 03:12:44.348',0,2,NULL,''),
('8b172883-2fc7-11eb-b181-227918fa15ea',1,'mes-requirement:3:b2bb2000-2fc6-11eb-8a65-227918fa15ea','8b124674-2fc7-11eb-b181-227918fa15ea','8b1357ee-2fc7-11eb-b181-227918fa15ea','sid-33868E85-5876-4712-9136-27C22F40C24D','8b1b9554-2fc7-11eb-b181-227918fa15ea',NULL,'填单人确认','userTask',NULL,'2020-11-26 03:12:44.348','2020-11-26 03:12:44.378',30,3,NULL,''),
('8b1bbc65-2fc7-11eb-b181-227918fa15ea',1,'mes-requirement:3:b2bb2000-2fc6-11eb-8a65-227918fa15ea','8b124674-2fc7-11eb-b181-227918fa15ea','8b1357ee-2fc7-11eb-b181-227918fa15ea','sid-9D4E7218-A416-4E13-8129-6902D1CEDBD3',NULL,NULL,NULL,'sequenceFlow',NULL,'2020-11-26 03:12:44.378','2020-11-26 03:12:44.378',0,4,NULL,''),
('8b1bbc66-2fc7-11eb-b181-227918fa15ea',1,'mes-requirement:3:b2bb2000-2fc6-11eb-8a65-227918fa15ea','8b124674-2fc7-11eb-b181-227918fa15ea','8b1357ee-2fc7-11eb-b181-227918fa15ea','sid-9E02A53C-8F0C-4B08-A7ED-46875520B424','8b1bbc67-2fc7-11eb-b181-227918fa15ea',NULL,'提案部门主管','userTask',NULL,'2020-11-26 03:12:44.378',NULL,NULL,5,NULL,''),
('90d9dc95-2f83-11eb-bdfc-227918fa15ea',1,'out-factory:11:60901b2a-2f83-11eb-bdfc-227918fa15ea','90d9dc8e-2f83-11eb-bdfc-227918fa15ea','90d9dc94-2f83-11eb-bdfc-227918fa15ea','startEvent1',NULL,NULL,'填单','startEvent',NULL,'2020-11-25 19:06:08.235','2020-11-25 19:06:08.235',0,1,NULL,''),
('90d9dc98-2f83-11eb-bdfc-227918fa15ea',1,'out-factory:11:60901b2a-2f83-11eb-bdfc-227918fa15ea','90d9dc8e-2f83-11eb-bdfc-227918fa15ea','90d9dc94-2f83-11eb-bdfc-227918fa15ea','sid-FB957372-CC09-424B-88F0-30C09C3C100F',NULL,NULL,NULL,'sequenceFlow',NULL,'2020-11-25 19:06:08.235','2020-11-25 19:06:08.235',0,2,NULL,''),
('90d9dc99-2f83-11eb-bdfc-227918fa15ea',2,'out-factory:11:60901b2a-2f83-11eb-bdfc-227918fa15ea','90d9dc8e-2f83-11eb-bdfc-227918fa15ea','90d9dc94-2f83-11eb-bdfc-227918fa15ea','sid-E086BDD7-66B2-409F-B18C-B682DD9172DB','90d9dc9a-2f83-11eb-bdfc-227918fa15ea',NULL,'申请人确认','userTask','manager','2020-11-25 19:06:08.235','2020-11-25 19:32:50.203',1601968,3,NULL,''),
('95bca6c3-2fca-11eb-97fd-227918fa15ea',1,'mes-requirement:3:b2bb2000-2fc6-11eb-8a65-227918fa15ea','95bb6f38-2fca-11eb-97fd-227918fa15ea','95bca6c2-2fca-11eb-97fd-227918fa15ea','startEvent1',NULL,NULL,'填单','startEvent',NULL,'2020-11-26 03:34:30.700','2020-11-26 03:34:30.731',31,1,NULL,''),
('95c1d6e6-2fca-11eb-97fd-227918fa15ea',1,'mes-requirement:3:b2bb2000-2fc6-11eb-8a65-227918fa15ea','95bb6f38-2fca-11eb-97fd-227918fa15ea','95bca6c2-2fca-11eb-97fd-227918fa15ea','sid-07BACF0C-406A-4E40-A1FC-00A0BC020C59',NULL,NULL,NULL,'sequenceFlow',NULL,'2020-11-26 03:34:30.734','2020-11-26 03:34:30.734',0,2,NULL,''),
('95c1d6e7-2fca-11eb-97fd-227918fa15ea',1,'mes-requirement:3:b2bb2000-2fc6-11eb-8a65-227918fa15ea','95bb6f38-2fca-11eb-97fd-227918fa15ea','95bca6c2-2fca-11eb-97fd-227918fa15ea','sid-33868E85-5876-4712-9136-27C22F40C24D','95c86698-2fca-11eb-97fd-227918fa15ea',NULL,'填单人确认','userTask',NULL,'2020-11-26 03:34:30.734','2020-11-26 03:34:30.779',45,3,NULL,''),
('95c8b4b9-2fca-11eb-97fd-227918fa15ea',1,'mes-requirement:3:b2bb2000-2fc6-11eb-8a65-227918fa15ea','95bb6f38-2fca-11eb-97fd-227918fa15ea','95bca6c2-2fca-11eb-97fd-227918fa15ea','sid-9D4E7218-A416-4E13-8129-6902D1CEDBD3',NULL,NULL,NULL,'sequenceFlow',NULL,'2020-11-26 03:34:30.779','2020-11-26 03:34:30.779',0,4,NULL,''),
('95c8b4ba-2fca-11eb-97fd-227918fa15ea',1,'mes-requirement:3:b2bb2000-2fc6-11eb-8a65-227918fa15ea','95bb6f38-2fca-11eb-97fd-227918fa15ea','95bca6c2-2fca-11eb-97fd-227918fa15ea','sid-9E02A53C-8F0C-4B08-A7ED-46875520B424','95c8dbcb-2fca-11eb-97fd-227918fa15ea',NULL,'提案部门主管','userTask',NULL,'2020-11-26 03:34:30.779',NULL,NULL,5,NULL,''),
('a43f984c-2e04-11eb-b39c-227918fa15ea',1,'out-factory:6:6dda616e-2e03-11eb-8edb-227918fa15ea','a43e38b5-2e04-11eb-b39c-227918fa15ea','a43f713b-2e04-11eb-b39c-227918fa15ea','startEvent1',NULL,NULL,'填单','startEvent',NULL,'2020-11-23 21:25:03.531','2020-11-23 21:25:03.544',13,1,NULL,''),
('a442094f-2e04-11eb-b39c-227918fa15ea',1,'out-factory:6:6dda616e-2e03-11eb-8edb-227918fa15ea','a43e38b5-2e04-11eb-b39c-227918fa15ea','a43f713b-2e04-11eb-b39c-227918fa15ea','sid-FB957372-CC09-424B-88F0-30C09C3C100F',NULL,NULL,NULL,'sequenceFlow',NULL,'2020-11-23 21:25:03.547','2020-11-23 21:25:03.547',0,2,NULL,''),
('a4420950-2e04-11eb-b39c-227918fa15ea',1,'out-factory:6:6dda616e-2e03-11eb-8edb-227918fa15ea','a43e38b5-2e04-11eb-b39c-227918fa15ea','a43f713b-2e04-11eb-b39c-227918fa15ea','sid-E086BDD7-66B2-409F-B18C-B682DD9172DB','a44ae2f1-2e04-11eb-b39c-227918fa15ea',NULL,'申请人确认','userTask','admin','2020-11-23 21:25:03.547',NULL,NULL,3,NULL,''),
('cabc9310-2fc9-11eb-8ad3-227918fa15ea',1,'mes-requirement:3:b2bb2000-2fc6-11eb-8a65-227918fa15ea','cabb3375-2fc9-11eb-8ad3-227918fa15ea','cabc6bff-2fc9-11eb-8ad3-227918fa15ea','startEvent1',NULL,NULL,'填单','startEvent',NULL,'2020-11-26 03:28:50.122','2020-11-26 03:28:50.148',26,1,NULL,''),
('cac0ffe3-2fc9-11eb-8ad3-227918fa15ea',1,'mes-requirement:3:b2bb2000-2fc6-11eb-8a65-227918fa15ea','cabb3375-2fc9-11eb-8ad3-227918fa15ea','cabc6bff-2fc9-11eb-8ad3-227918fa15ea','sid-07BACF0C-406A-4E40-A1FC-00A0BC020C59',NULL,NULL,NULL,'sequenceFlow',NULL,'2020-11-26 03:28:50.151','2020-11-26 03:28:50.151',0,2,NULL,''),
('cac0ffe4-2fc9-11eb-8ad3-227918fa15ea',1,'mes-requirement:3:b2bb2000-2fc6-11eb-8a65-227918fa15ea','cabb3375-2fc9-11eb-8ad3-227918fa15ea','cabc6bff-2fc9-11eb-8ad3-227918fa15ea','sid-33868E85-5876-4712-9136-27C22F40C24D','cac593c5-2fc9-11eb-8ad3-227918fa15ea',NULL,'填单人确认','userTask',NULL,'2020-11-26 03:28:50.151','2020-11-26 03:28:50.183',32,3,NULL,''),
('cac5e1e6-2fc9-11eb-8ad3-227918fa15ea',1,'mes-requirement:3:b2bb2000-2fc6-11eb-8a65-227918fa15ea','cabb3375-2fc9-11eb-8ad3-227918fa15ea','cabc6bff-2fc9-11eb-8ad3-227918fa15ea','sid-9D4E7218-A416-4E13-8129-6902D1CEDBD3',NULL,NULL,NULL,'sequenceFlow',NULL,'2020-11-26 03:28:50.183','2020-11-26 03:28:50.183',0,4,NULL,''),
('cac5e1e7-2fc9-11eb-8ad3-227918fa15ea',1,'mes-requirement:3:b2bb2000-2fc6-11eb-8a65-227918fa15ea','cabb3375-2fc9-11eb-8ad3-227918fa15ea','cabc6bff-2fc9-11eb-8ad3-227918fa15ea','sid-9E02A53C-8F0C-4B08-A7ED-46875520B424','cac5e1e8-2fc9-11eb-8ad3-227918fa15ea',NULL,'提案部门主管','userTask',NULL,'2020-11-26 03:28:50.183',NULL,NULL,5,NULL,''),
('e25a7407-2fca-11eb-8fff-227918fa15ea',1,'mes-requirement:3:b2bb2000-2fc6-11eb-8a65-227918fa15ea','e255b90c-2fca-11eb-8fff-227918fa15ea','e25a7406-2fca-11eb-8fff-227918fa15ea','startEvent1',NULL,NULL,'填单','startEvent',NULL,'2020-11-26 03:36:39.241','2020-11-26 03:37:01.978',22737,1,NULL,''),
('e8ec1c6f-2fc6-11eb-8a65-227918fa15ea',1,'mes-requirement:2:0842502a-2fbd-11eb-924a-227918fa15ea','e8eb3204-2fc6-11eb-8a65-227918fa15ea','e8ec1c6e-2fc6-11eb-8a65-227918fa15ea','startEvent1',NULL,NULL,'填单','startEvent',NULL,'2020-11-26 03:08:12.275','2020-11-26 03:08:12.298',23,1,NULL,''),
('e8f01412-2fc6-11eb-8a65-227918fa15ea',1,'mes-requirement:2:0842502a-2fbd-11eb-924a-227918fa15ea','e8eb3204-2fc6-11eb-8a65-227918fa15ea','e8ec1c6e-2fc6-11eb-8a65-227918fa15ea','sid-07BACF0C-406A-4E40-A1FC-00A0BC020C59',NULL,NULL,NULL,'sequenceFlow',NULL,'2020-11-26 03:08:12.301','2020-11-26 03:08:12.301',0,2,NULL,''),
('e8f01413-2fc6-11eb-8a65-227918fa15ea',1,'mes-requirement:2:0842502a-2fbd-11eb-924a-227918fa15ea','e8eb3204-2fc6-11eb-8a65-227918fa15ea','e8ec1c6e-2fc6-11eb-8a65-227918fa15ea','sid-33868E85-5876-4712-9136-27C22F40C24D','e8f4f614-2fc6-11eb-8a65-227918fa15ea',NULL,'填单人确认','userTask',NULL,'2020-11-26 03:08:12.301','2020-11-26 03:08:12.334',33,3,NULL,''),
('e8f51d25-2fc6-11eb-8a65-227918fa15ea',1,'mes-requirement:2:0842502a-2fbd-11eb-924a-227918fa15ea','e8eb3204-2fc6-11eb-8a65-227918fa15ea','e8ec1c6e-2fc6-11eb-8a65-227918fa15ea','sid-9D4E7218-A416-4E13-8129-6902D1CEDBD3',NULL,NULL,NULL,'sequenceFlow',NULL,'2020-11-26 03:08:12.334','2020-11-26 03:08:12.334',0,4,NULL,''),
('e8f51d26-2fc6-11eb-8a65-227918fa15ea',1,'mes-requirement:2:0842502a-2fbd-11eb-924a-227918fa15ea','e8eb3204-2fc6-11eb-8a65-227918fa15ea','e8ec1c6e-2fc6-11eb-8a65-227918fa15ea','sid-9E02A53C-8F0C-4B08-A7ED-46875520B424','e8f51d27-2fc6-11eb-8a65-227918fa15ea',NULL,'提案部门主管','userTask',NULL,'2020-11-26 03:08:12.334',NULL,NULL,5,NULL,''),
('ea53ce8b-2fbc-11eb-924a-227918fa15ea',1,'mes-requirement:1:9ca6d000-2d55-11eb-b88c-227918fa15ea','ea533244-2fbc-11eb-924a-227918fa15ea','ea53ce8a-2fbc-11eb-924a-227918fa15ea','startEvent1',NULL,NULL,'填单','startEvent',NULL,'2020-11-26 01:56:39.666','2020-11-26 01:56:39.667',1,1,NULL,''),
('ea541cae-2fbc-11eb-924a-227918fa15ea',1,'mes-requirement:1:9ca6d000-2d55-11eb-b88c-227918fa15ea','ea533244-2fbc-11eb-924a-227918fa15ea','ea53ce8a-2fbc-11eb-924a-227918fa15ea','sid-07BACF0C-406A-4E40-A1FC-00A0BC020C59',NULL,NULL,NULL,'sequenceFlow',NULL,'2020-11-26 01:56:39.667','2020-11-26 01:56:39.667',0,2,NULL,''),
('ea5443bf-2fbc-11eb-924a-227918fa15ea',1,'mes-requirement:1:9ca6d000-2d55-11eb-b88c-227918fa15ea','ea533244-2fbc-11eb-924a-227918fa15ea','ea53ce8a-2fbc-11eb-924a-227918fa15ea','sid-33868E85-5876-4712-9136-27C22F40C24D','ea5443c0-2fbc-11eb-924a-227918fa15ea',NULL,'填单人确认','userTask',NULL,'2020-11-26 01:56:39.668',NULL,NULL,3,NULL,''),
('efe84d50-2fca-11eb-8fff-227918fa15ea',1,'mes-requirement:3:b2bb2000-2fc6-11eb-8a65-227918fa15ea','e255b90c-2fca-11eb-8fff-227918fa15ea','e25a7406-2fca-11eb-8fff-227918fa15ea','sid-07BACF0C-406A-4E40-A1FC-00A0BC020C59',NULL,NULL,NULL,'sequenceFlow',NULL,'2020-11-26 03:37:01.981','2020-11-26 03:37:01.981',0,2,NULL,''),
('efe84d51-2fca-11eb-8fff-227918fa15ea',1,'mes-requirement:3:b2bb2000-2fc6-11eb-8a65-227918fa15ea','e255b90c-2fca-11eb-8fff-227918fa15ea','e25a7406-2fca-11eb-8fff-227918fa15ea','sid-33868E85-5876-4712-9136-27C22F40C24D','efef5232-2fca-11eb-8fff-227918fa15ea',NULL,'填单人确认','userTask',NULL,'2020-11-26 03:37:01.981','2020-11-26 03:37:02.028',47,3,NULL,''),
('efef7943-2fca-11eb-8fff-227918fa15ea',1,'mes-requirement:3:b2bb2000-2fc6-11eb-8a65-227918fa15ea','e255b90c-2fca-11eb-8fff-227918fa15ea','e25a7406-2fca-11eb-8fff-227918fa15ea','sid-9D4E7218-A416-4E13-8129-6902D1CEDBD3',NULL,NULL,NULL,'sequenceFlow',NULL,'2020-11-26 03:37:02.028','2020-11-26 03:37:02.028',0,4,NULL,''),
('efefa054-2fca-11eb-8fff-227918fa15ea',1,'mes-requirement:3:b2bb2000-2fc6-11eb-8a65-227918fa15ea','e255b90c-2fca-11eb-8fff-227918fa15ea','e25a7406-2fca-11eb-8fff-227918fa15ea','sid-9E02A53C-8F0C-4B08-A7ED-46875520B424','efefa055-2fca-11eb-8fff-227918fa15ea',NULL,'提案部门主管','userTask',NULL,'2020-11-26 03:37:02.029',NULL,NULL,5,NULL,''),
('f260e631-2e06-11eb-bbd8-227918fa15ea',1,'out-factory:7:78a9fdfc-2e06-11eb-84ba-227918fa15ea','f25f869a-2e06-11eb-bbd8-227918fa15ea','f260e630-2e06-11eb-bbd8-227918fa15ea','startEvent1',NULL,NULL,'填单','startEvent',NULL,'2020-11-23 21:41:33.606','2020-11-23 21:41:33.617',11,1,NULL,''),
('f2637e44-2e06-11eb-bbd8-227918fa15ea',1,'out-factory:7:78a9fdfc-2e06-11eb-84ba-227918fa15ea','f25f869a-2e06-11eb-bbd8-227918fa15ea','f260e630-2e06-11eb-bbd8-227918fa15ea','sid-FB957372-CC09-424B-88F0-30C09C3C100F',NULL,NULL,NULL,'sequenceFlow',NULL,'2020-11-23 21:41:33.622','2020-11-23 21:41:33.622',0,2,NULL,''),
('f2637e45-2e06-11eb-bbd8-227918fa15ea',1,'out-factory:7:78a9fdfc-2e06-11eb-84ba-227918fa15ea','f25f869a-2e06-11eb-bbd8-227918fa15ea','f260e630-2e06-11eb-bbd8-227918fa15ea','sid-E086BDD7-66B2-409F-B18C-B682DD9172DB','f2692396-2e06-11eb-bbd8-227918fa15ea',NULL,'申请人确认','userTask','admin','2020-11-23 21:41:33.622',NULL,NULL,3,NULL,''),
('f7aac2fb-2fc8-11eb-813b-227918fa15ea',1,'mes-requirement:3:b2bb2000-2fc6-11eb-8a65-227918fa15ea','f7a9b180-2fc8-11eb-813b-227918fa15ea','f7aa9bea-2fc8-11eb-813b-227918fa15ea','startEvent1',NULL,NULL,'填单','startEvent',NULL,'2020-11-26 03:22:56.006','2020-11-26 03:22:56.028',22,1,NULL,''),
('f7ae938e-2fc8-11eb-813b-227918fa15ea',1,'mes-requirement:3:b2bb2000-2fc6-11eb-8a65-227918fa15ea','f7a9b180-2fc8-11eb-813b-227918fa15ea','f7aa9bea-2fc8-11eb-813b-227918fa15ea','sid-07BACF0C-406A-4E40-A1FC-00A0BC020C59',NULL,NULL,NULL,'sequenceFlow',NULL,'2020-11-26 03:22:56.031','2020-11-26 03:22:56.031',0,2,NULL,''),
('f7ae938f-2fc8-11eb-813b-227918fa15ea',1,'mes-requirement:3:b2bb2000-2fc6-11eb-8a65-227918fa15ea','f7a9b180-2fc8-11eb-813b-227918fa15ea','f7aa9bea-2fc8-11eb-813b-227918fa15ea','sid-33868E85-5876-4712-9136-27C22F40C24D','f7b2d950-2fc8-11eb-813b-227918fa15ea',NULL,'填单人确认','userTask',NULL,'2020-11-26 03:22:56.031','2020-11-26 03:22:56.060',29,3,NULL,''),
('f7b30061-2fc8-11eb-813b-227918fa15ea',1,'mes-requirement:3:b2bb2000-2fc6-11eb-8a65-227918fa15ea','f7a9b180-2fc8-11eb-813b-227918fa15ea','f7aa9bea-2fc8-11eb-813b-227918fa15ea','sid-9D4E7218-A416-4E13-8129-6902D1CEDBD3',NULL,NULL,NULL,'sequenceFlow',NULL,'2020-11-26 03:22:56.060','2020-11-26 03:22:56.060',0,4,NULL,''),
('f7b30062-2fc8-11eb-813b-227918fa15ea',1,'mes-requirement:3:b2bb2000-2fc6-11eb-8a65-227918fa15ea','f7a9b180-2fc8-11eb-813b-227918fa15ea','f7aa9bea-2fc8-11eb-813b-227918fa15ea','sid-9E02A53C-8F0C-4B08-A7ED-46875520B424','f7b30063-2fc8-11eb-813b-227918fa15ea',NULL,'提案部门主管','userTask',NULL,'2020-11-26 03:22:56.060',NULL,NULL,5,NULL,'');

/*Table structure for table `ACT_RU_DEADLETTER_JOB` */

DROP TABLE IF EXISTS `ACT_RU_DEADLETTER_JOB`;

CREATE TABLE `ACT_RU_DEADLETTER_JOB` (
  `ID_` varchar(64) COLLATE utf8_bin NOT NULL,
  `REV_` int DEFAULT NULL,
  `CATEGORY_` varchar(255) COLLATE utf8_bin DEFAULT NULL,
  `TYPE_` varchar(255) COLLATE utf8_bin NOT NULL,
  `EXCLUSIVE_` tinyint(1) DEFAULT NULL,
  `EXECUTION_ID_` varchar(64) COLLATE utf8_bin DEFAULT NULL,
  `PROCESS_INSTANCE_ID_` varchar(64) COLLATE utf8_bin DEFAULT NULL,
  `PROC_DEF_ID_` varchar(64) COLLATE utf8_bin DEFAULT NULL,
  `ELEMENT_ID_` varchar(255) COLLATE utf8_bin DEFAULT NULL,
  `ELEMENT_NAME_` varchar(255) COLLATE utf8_bin DEFAULT NULL,
  `SCOPE_ID_` varchar(255) COLLATE utf8_bin DEFAULT NULL,
  `SUB_SCOPE_ID_` varchar(255) COLLATE utf8_bin DEFAULT NULL,
  `SCOPE_TYPE_` varchar(255) COLLATE utf8_bin DEFAULT NULL,
  `SCOPE_DEFINITION_ID_` varchar(255) COLLATE utf8_bin DEFAULT NULL,
  `CORRELATION_ID_` varchar(255) COLLATE utf8_bin DEFAULT NULL,
  `EXCEPTION_STACK_ID_` varchar(64) COLLATE utf8_bin DEFAULT NULL,
  `EXCEPTION_MSG_` varchar(4000) COLLATE utf8_bin DEFAULT NULL,
  `DUEDATE_` timestamp(3) NULL DEFAULT NULL,
  `REPEAT_` varchar(255) COLLATE utf8_bin DEFAULT NULL,
  `HANDLER_TYPE_` varchar(255) COLLATE utf8_bin DEFAULT NULL,
  `HANDLER_CFG_` varchar(4000) COLLATE utf8_bin DEFAULT NULL,
  `CUSTOM_VALUES_ID_` varchar(64) COLLATE utf8_bin DEFAULT NULL,
  `CREATE_TIME_` timestamp(3) NULL DEFAULT NULL,
  `TENANT_ID_` varchar(255) COLLATE utf8_bin DEFAULT '',
  PRIMARY KEY (`ID_`),
  KEY `ACT_IDX_DEADLETTER_JOB_EXCEPTION_STACK_ID` (`EXCEPTION_STACK_ID_`),
  KEY `ACT_IDX_DEADLETTER_JOB_CUSTOM_VALUES_ID` (`CUSTOM_VALUES_ID_`),
  KEY `ACT_IDX_DEADLETTER_JOB_CORRELATION_ID` (`CORRELATION_ID_`),
  KEY `ACT_IDX_DJOB_SCOPE` (`SCOPE_ID_`,`SCOPE_TYPE_`),
  KEY `ACT_IDX_DJOB_SUB_SCOPE` (`SUB_SCOPE_ID_`,`SCOPE_TYPE_`),
  KEY `ACT_IDX_DJOB_SCOPE_DEF` (`SCOPE_DEFINITION_ID_`,`SCOPE_TYPE_`),
  KEY `ACT_FK_DEADLETTER_JOB_EXECUTION` (`EXECUTION_ID_`),
  KEY `ACT_FK_DEADLETTER_JOB_PROCESS_INSTANCE` (`PROCESS_INSTANCE_ID_`),
  KEY `ACT_FK_DEADLETTER_JOB_PROC_DEF` (`PROC_DEF_ID_`),
  CONSTRAINT `ACT_FK_DEADLETTER_JOB_CUSTOM_VALUES` FOREIGN KEY (`CUSTOM_VALUES_ID_`) REFERENCES `ACT_GE_BYTEARRAY` (`ID_`),
  CONSTRAINT `ACT_FK_DEADLETTER_JOB_EXCEPTION` FOREIGN KEY (`EXCEPTION_STACK_ID_`) REFERENCES `ACT_GE_BYTEARRAY` (`ID_`),
  CONSTRAINT `ACT_FK_DEADLETTER_JOB_EXECUTION` FOREIGN KEY (`EXECUTION_ID_`) REFERENCES `ACT_RU_EXECUTION` (`ID_`),
  CONSTRAINT `ACT_FK_DEADLETTER_JOB_PROC_DEF` FOREIGN KEY (`PROC_DEF_ID_`) REFERENCES `ACT_RE_PROCDEF` (`ID_`),
  CONSTRAINT `ACT_FK_DEADLETTER_JOB_PROCESS_INSTANCE` FOREIGN KEY (`PROCESS_INSTANCE_ID_`) REFERENCES `ACT_RU_EXECUTION` (`ID_`)
) ENGINE=InnoDB DEFAULT CHARSET=utf8 COLLATE=utf8_bin;

/*Data for the table `ACT_RU_DEADLETTER_JOB` */

/*Table structure for table `ACT_RU_ENTITYLINK` */

DROP TABLE IF EXISTS `ACT_RU_ENTITYLINK`;

CREATE TABLE `ACT_RU_ENTITYLINK` (
  `ID_` varchar(64) COLLATE utf8_bin NOT NULL,
  `REV_` int DEFAULT NULL,
  `CREATE_TIME_` datetime(3) DEFAULT NULL,
  `LINK_TYPE_` varchar(255) COLLATE utf8_bin DEFAULT NULL,
  `SCOPE_ID_` varchar(255) COLLATE utf8_bin DEFAULT NULL,
  `SUB_SCOPE_ID_` varchar(255) COLLATE utf8_bin DEFAULT NULL,
  `SCOPE_TYPE_` varchar(255) COLLATE utf8_bin DEFAULT NULL,
  `SCOPE_DEFINITION_ID_` varchar(255) COLLATE utf8_bin DEFAULT NULL,
  `PARENT_ELEMENT_ID_` varchar(255) COLLATE utf8_bin DEFAULT NULL,
  `REF_SCOPE_ID_` varchar(255) COLLATE utf8_bin DEFAULT NULL,
  `REF_SCOPE_TYPE_` varchar(255) COLLATE utf8_bin DEFAULT NULL,
  `REF_SCOPE_DEFINITION_ID_` varchar(255) COLLATE utf8_bin DEFAULT NULL,
  `ROOT_SCOPE_ID_` varchar(255) COLLATE utf8_bin DEFAULT NULL,
  `ROOT_SCOPE_TYPE_` varchar(255) COLLATE utf8_bin DEFAULT NULL,
  `HIERARCHY_TYPE_` varchar(255) COLLATE utf8_bin DEFAULT NULL,
  PRIMARY KEY (`ID_`),
  KEY `ACT_IDX_ENT_LNK_SCOPE` (`SCOPE_ID_`,`SCOPE_TYPE_`,`LINK_TYPE_`),
  KEY `ACT_IDX_ENT_LNK_ROOT_SCOPE` (`ROOT_SCOPE_ID_`,`ROOT_SCOPE_TYPE_`,`LINK_TYPE_`),
  KEY `ACT_IDX_ENT_LNK_SCOPE_DEF` (`SCOPE_DEFINITION_ID_`,`SCOPE_TYPE_`,`LINK_TYPE_`)
) ENGINE=InnoDB DEFAULT CHARSET=utf8 COLLATE=utf8_bin;

/*Data for the table `ACT_RU_ENTITYLINK` */

/*Table structure for table `ACT_RU_EVENT_SUBSCR` */

DROP TABLE IF EXISTS `ACT_RU_EVENT_SUBSCR`;

CREATE TABLE `ACT_RU_EVENT_SUBSCR` (
  `ID_` varchar(64) COLLATE utf8_bin NOT NULL,
  `REV_` int DEFAULT NULL,
  `EVENT_TYPE_` varchar(255) COLLATE utf8_bin NOT NULL,
  `EVENT_NAME_` varchar(255) COLLATE utf8_bin DEFAULT NULL,
  `EXECUTION_ID_` varchar(64) COLLATE utf8_bin DEFAULT NULL,
  `PROC_INST_ID_` varchar(64) COLLATE utf8_bin DEFAULT NULL,
  `ACTIVITY_ID_` varchar(64) COLLATE utf8_bin DEFAULT NULL,
  `CONFIGURATION_` varchar(255) COLLATE utf8_bin DEFAULT NULL,
  `CREATED_` timestamp(3) NOT NULL DEFAULT CURRENT_TIMESTAMP(3),
  `PROC_DEF_ID_` varchar(64) COLLATE utf8_bin DEFAULT NULL,
  `SUB_SCOPE_ID_` varchar(64) COLLATE utf8_bin DEFAULT NULL,
  `SCOPE_ID_` varchar(64) COLLATE utf8_bin DEFAULT NULL,
  `SCOPE_DEFINITION_ID_` varchar(64) COLLATE utf8_bin DEFAULT NULL,
  `SCOPE_TYPE_` varchar(64) COLLATE utf8_bin DEFAULT NULL,
  `TENANT_ID_` varchar(255) COLLATE utf8_bin DEFAULT '',
  PRIMARY KEY (`ID_`),
  KEY `ACT_IDX_EVENT_SUBSCR_CONFIG_` (`CONFIGURATION_`),
  KEY `ACT_FK_EVENT_EXEC` (`EXECUTION_ID_`),
  CONSTRAINT `ACT_FK_EVENT_EXEC` FOREIGN KEY (`EXECUTION_ID_`) REFERENCES `ACT_RU_EXECUTION` (`ID_`)
) ENGINE=InnoDB DEFAULT CHARSET=utf8 COLLATE=utf8_bin;

/*Data for the table `ACT_RU_EVENT_SUBSCR` */

/*Table structure for table `ACT_RU_EXECUTION` */

DROP TABLE IF EXISTS `ACT_RU_EXECUTION`;

CREATE TABLE `ACT_RU_EXECUTION` (
  `ID_` varchar(64) COLLATE utf8_bin NOT NULL,
  `REV_` int DEFAULT NULL,
  `PROC_INST_ID_` varchar(64) COLLATE utf8_bin DEFAULT NULL,
  `BUSINESS_KEY_` varchar(255) COLLATE utf8_bin DEFAULT NULL,
  `PARENT_ID_` varchar(64) COLLATE utf8_bin DEFAULT NULL,
  `PROC_DEF_ID_` varchar(64) COLLATE utf8_bin DEFAULT NULL,
  `SUPER_EXEC_` varchar(64) COLLATE utf8_bin DEFAULT NULL,
  `ROOT_PROC_INST_ID_` varchar(64) COLLATE utf8_bin DEFAULT NULL,
  `ACT_ID_` varchar(255) COLLATE utf8_bin DEFAULT NULL,
  `IS_ACTIVE_` tinyint DEFAULT NULL,
  `IS_CONCURRENT_` tinyint DEFAULT NULL,
  `IS_SCOPE_` tinyint DEFAULT NULL,
  `IS_EVENT_SCOPE_` tinyint DEFAULT NULL,
  `IS_MI_ROOT_` tinyint DEFAULT NULL,
  `SUSPENSION_STATE_` int DEFAULT NULL,
  `CACHED_ENT_STATE_` int DEFAULT NULL,
  `TENANT_ID_` varchar(255) COLLATE utf8_bin DEFAULT '',
  `NAME_` varchar(255) COLLATE utf8_bin DEFAULT NULL,
  `START_ACT_ID_` varchar(255) COLLATE utf8_bin DEFAULT NULL,
  `START_TIME_` datetime(3) DEFAULT NULL,
  `START_USER_ID_` varchar(255) COLLATE utf8_bin DEFAULT NULL,
  `LOCK_TIME_` timestamp(3) NULL DEFAULT NULL,
  `LOCK_OWNER_` varchar(255) COLLATE utf8_bin DEFAULT NULL,
  `IS_COUNT_ENABLED_` tinyint DEFAULT NULL,
  `EVT_SUBSCR_COUNT_` int DEFAULT NULL,
  `TASK_COUNT_` int DEFAULT NULL,
  `JOB_COUNT_` int DEFAULT NULL,
  `TIMER_JOB_COUNT_` int DEFAULT NULL,
  `SUSP_JOB_COUNT_` int DEFAULT NULL,
  `DEADLETTER_JOB_COUNT_` int DEFAULT NULL,
  `EXTERNAL_WORKER_JOB_COUNT_` int DEFAULT NULL,
  `VAR_COUNT_` int DEFAULT NULL,
  `ID_LINK_COUNT_` int DEFAULT NULL,
  `CALLBACK_ID_` varchar(255) COLLATE utf8_bin DEFAULT NULL,
  `CALLBACK_TYPE_` varchar(255) COLLATE utf8_bin DEFAULT NULL,
  `REFERENCE_ID_` varchar(255) COLLATE utf8_bin DEFAULT NULL,
  `REFERENCE_TYPE_` varchar(255) COLLATE utf8_bin DEFAULT NULL,
  `PROPAGATED_STAGE_INST_ID_` varchar(255) COLLATE utf8_bin DEFAULT NULL,
  PRIMARY KEY (`ID_`),
  KEY `ACT_IDX_EXEC_BUSKEY` (`BUSINESS_KEY_`),
  KEY `ACT_IDC_EXEC_ROOT` (`ROOT_PROC_INST_ID_`),
  KEY `ACT_FK_EXE_PROCINST` (`PROC_INST_ID_`),
  KEY `ACT_FK_EXE_PARENT` (`PARENT_ID_`),
  KEY `ACT_FK_EXE_SUPER` (`SUPER_EXEC_`),
  KEY `ACT_FK_EXE_PROCDEF` (`PROC_DEF_ID_`),
  CONSTRAINT `ACT_FK_EXE_PARENT` FOREIGN KEY (`PARENT_ID_`) REFERENCES `ACT_RU_EXECUTION` (`ID_`) ON DELETE CASCADE,
  CONSTRAINT `ACT_FK_EXE_PROCDEF` FOREIGN KEY (`PROC_DEF_ID_`) REFERENCES `ACT_RE_PROCDEF` (`ID_`),
  CONSTRAINT `ACT_FK_EXE_PROCINST` FOREIGN KEY (`PROC_INST_ID_`) REFERENCES `ACT_RU_EXECUTION` (`ID_`) ON DELETE CASCADE ON UPDATE CASCADE,
  CONSTRAINT `ACT_FK_EXE_SUPER` FOREIGN KEY (`SUPER_EXEC_`) REFERENCES `ACT_RU_EXECUTION` (`ID_`) ON DELETE CASCADE
) ENGINE=InnoDB DEFAULT CHARSET=utf8 COLLATE=utf8_bin;

/*Data for the table `ACT_RU_EXECUTION` */

insert  into `ACT_RU_EXECUTION`(`ID_`,`REV_`,`PROC_INST_ID_`,`BUSINESS_KEY_`,`PARENT_ID_`,`PROC_DEF_ID_`,`SUPER_EXEC_`,`ROOT_PROC_INST_ID_`,`ACT_ID_`,`IS_ACTIVE_`,`IS_CONCURRENT_`,`IS_SCOPE_`,`IS_EVENT_SCOPE_`,`IS_MI_ROOT_`,`SUSPENSION_STATE_`,`CACHED_ENT_STATE_`,`TENANT_ID_`,`NAME_`,`START_ACT_ID_`,`START_TIME_`,`START_USER_ID_`,`LOCK_TIME_`,`LOCK_OWNER_`,`IS_COUNT_ENABLED_`,`EVT_SUBSCR_COUNT_`,`TASK_COUNT_`,`JOB_COUNT_`,`TIMER_JOB_COUNT_`,`SUSP_JOB_COUNT_`,`DEADLETTER_JOB_COUNT_`,`EXTERNAL_WORKER_JOB_COUNT_`,`VAR_COUNT_`,`ID_LINK_COUNT_`,`CALLBACK_ID_`,`CALLBACK_TYPE_`,`REFERENCE_ID_`,`REFERENCE_TYPE_`,`PROPAGATED_STAGE_INST_ID_`) values 
('057d014c-2fb0-11eb-9226-227918fa15ea',1,'057d014c-2fb0-11eb-9226-227918fa15ea',NULL,NULL,'out-factory:12:0703936d-2fab-11eb-acf0-227918fa15ea',NULL,'057d014c-2fb0-11eb-9226-227918fa15ea',NULL,1,0,1,0,0,1,NULL,'','外出单-2020 11 26','startEvent1','2020-11-26 00:24:21.776','user',NULL,NULL,1,0,0,0,0,0,0,0,0,0,NULL,NULL,NULL,NULL,NULL),
('0581bc44-2fb0-11eb-9226-227918fa15ea',1,'057d014c-2fb0-11eb-9226-227918fa15ea',NULL,'057d014c-2fb0-11eb-9226-227918fa15ea','out-factory:12:0703936d-2fab-11eb-acf0-227918fa15ea',NULL,'057d014c-2fb0-11eb-9226-227918fa15ea','sid-ABCBD09C-DB79-4EE8-BB28-96FEBAAFF175',1,0,0,0,0,1,NULL,'',NULL,NULL,'2020-11-26 00:24:21.807',NULL,NULL,NULL,1,0,1,0,0,0,0,0,0,0,NULL,NULL,NULL,NULL,NULL),
('0b91e7f6-2fcb-11eb-8fff-227918fa15ea',1,'0b91e7f6-2fcb-11eb-8fff-227918fa15ea',NULL,NULL,'out-factory:13:788781b4-2fb3-11eb-a9f3-227918fa15ea',NULL,'0b91e7f6-2fcb-11eb-8fff-227918fa15ea',NULL,1,0,1,0,0,1,NULL,'','外出单-2020 11 26','startEvent1','2020-11-26 03:37:48.391','user',NULL,NULL,1,0,0,0,0,0,0,0,0,0,NULL,NULL,NULL,NULL,NULL),
('0b920f0e-2fcb-11eb-8fff-227918fa15ea',1,'0b91e7f6-2fcb-11eb-8fff-227918fa15ea',NULL,'0b91e7f6-2fcb-11eb-8fff-227918fa15ea','out-factory:13:788781b4-2fb3-11eb-a9f3-227918fa15ea',NULL,'0b91e7f6-2fcb-11eb-8fff-227918fa15ea','sid-ABCBD09C-DB79-4EE8-BB28-96FEBAAFF175',1,0,0,0,0,1,NULL,'',NULL,NULL,'2020-11-26 03:37:48.392',NULL,NULL,NULL,1,0,1,0,0,0,0,0,0,0,NULL,NULL,NULL,NULL,NULL),
('138e353b-2f83-11eb-bdfc-227918fa15ea',1,'138e353b-2f83-11eb-bdfc-227918fa15ea',NULL,NULL,'out-factory:10:60b60f07-2f82-11eb-bdfc-227918fa15ea',NULL,'138e353b-2f83-11eb-bdfc-227918fa15ea',NULL,1,0,1,0,0,1,NULL,'','外出单 - November 26th 2020','startEvent1','2020-11-25 19:02:38.024','manager',NULL,NULL,1,0,0,0,0,0,0,0,0,0,NULL,NULL,NULL,NULL,NULL),
('138ed182-2f83-11eb-bdfc-227918fa15ea',2,'138e353b-2f83-11eb-bdfc-227918fa15ea',NULL,'138e353b-2f83-11eb-bdfc-227918fa15ea','out-factory:10:60b60f07-2f82-11eb-bdfc-227918fa15ea',NULL,'138e353b-2f83-11eb-bdfc-227918fa15ea','sid-ABCBD09C-DB79-4EE8-BB28-96FEBAAFF175',1,0,0,0,0,1,NULL,'',NULL,NULL,'2020-11-25 19:02:38.028',NULL,NULL,NULL,1,0,1,0,0,0,0,0,0,0,NULL,NULL,NULL,NULL,NULL),
('21ee6dff-2fb2-11eb-9226-227918fa15ea',1,'21ee6dff-2fb2-11eb-9226-227918fa15ea',NULL,NULL,'out-factory:12:0703936d-2fab-11eb-acf0-227918fa15ea',NULL,'21ee6dff-2fb2-11eb-9226-227918fa15ea',NULL,1,0,1,0,0,1,NULL,'','外出单-2020 11 26','startEvent1','2020-11-26 00:39:28.489','user',NULL,NULL,1,0,0,0,0,0,0,0,0,0,NULL,NULL,NULL,NULL,NULL),
('21ee6e07-2fb2-11eb-9226-227918fa15ea',1,'21ee6dff-2fb2-11eb-9226-227918fa15ea',NULL,'21ee6dff-2fb2-11eb-9226-227918fa15ea','out-factory:12:0703936d-2fab-11eb-acf0-227918fa15ea',NULL,'21ee6dff-2fb2-11eb-9226-227918fa15ea','sid-ABCBD09C-DB79-4EE8-BB28-96FEBAAFF175',1,0,0,0,0,1,NULL,'',NULL,NULL,'2020-11-26 00:39:28.489',NULL,NULL,NULL,1,0,1,0,0,0,0,0,0,0,NULL,NULL,NULL,NULL,NULL),
('27388291-2fab-11eb-acf0-227918fa15ea',1,'27388291-2fab-11eb-acf0-227918fa15ea',NULL,NULL,'out-factory:12:0703936d-2fab-11eb-acf0-227918fa15ea',NULL,'27388291-2fab-11eb-acf0-227918fa15ea',NULL,1,0,1,0,0,1,NULL,'','外出单-2020 11 26','startEvent1','2020-11-25 23:49:30.886','user',NULL,NULL,1,0,0,0,0,0,0,0,0,0,NULL,NULL,NULL,NULL,NULL),
('2739940a-2fab-11eb-acf0-227918fa15ea',1,'27388291-2fab-11eb-acf0-227918fa15ea',NULL,'27388291-2fab-11eb-acf0-227918fa15ea','out-factory:12:0703936d-2fab-11eb-acf0-227918fa15ea',NULL,'27388291-2fab-11eb-acf0-227918fa15ea','sid-ABCBD09C-DB79-4EE8-BB28-96FEBAAFF175',1,0,0,0,0,1,NULL,'',NULL,NULL,'2020-11-25 23:49:30.893',NULL,NULL,NULL,1,0,1,0,0,0,0,0,0,0,NULL,NULL,NULL,NULL,NULL),
('2fbdb0ae-2fc7-11eb-ac51-227918fa15ea',1,'2fbdb0ae-2fc7-11eb-ac51-227918fa15ea',NULL,NULL,'mes-requirement:3:b2bb2000-2fc6-11eb-8a65-227918fa15ea',NULL,'2fbdb0ae-2fc7-11eb-ac51-227918fa15ea',NULL,1,0,1,0,0,1,NULL,'','MES需求变更-2020 11 26','startEvent1','2020-11-26 03:10:11.089','user',NULL,NULL,1,0,0,0,0,0,0,0,0,0,NULL,NULL,NULL,NULL,NULL),
('2fbe7408-2fc7-11eb-ac51-227918fa15ea',1,'2fbdb0ae-2fc7-11eb-ac51-227918fa15ea',NULL,'2fbdb0ae-2fc7-11eb-ac51-227918fa15ea','mes-requirement:3:b2bb2000-2fc6-11eb-8a65-227918fa15ea',NULL,'2fbdb0ae-2fc7-11eb-ac51-227918fa15ea','sid-9E02A53C-8F0C-4B08-A7ED-46875520B424',1,0,0,0,0,1,NULL,'',NULL,NULL,'2020-11-26 03:10:11.094',NULL,NULL,NULL,1,0,1,0,0,0,0,0,0,0,NULL,NULL,NULL,NULL,NULL),
('3b4275c5-2e04-11eb-8e8e-227918fa15ea',1,'3b4275c5-2e04-11eb-8e8e-227918fa15ea',NULL,NULL,'out-factory:6:6dda616e-2e03-11eb-8edb-227918fa15ea',NULL,'3b4275c5-2e04-11eb-8e8e-227918fa15ea',NULL,1,0,1,0,0,1,NULL,'','外出单 - November 24th 2020','startEvent1','2020-11-23 21:22:07.389','admin',NULL,NULL,1,0,0,0,0,0,0,0,0,0,NULL,NULL,NULL,NULL,NULL),
('3b43120b-2e04-11eb-8e8e-227918fa15ea',1,'3b4275c5-2e04-11eb-8e8e-227918fa15ea',NULL,'3b4275c5-2e04-11eb-8e8e-227918fa15ea','out-factory:6:6dda616e-2e03-11eb-8edb-227918fa15ea',NULL,'3b4275c5-2e04-11eb-8e8e-227918fa15ea','sid-E086BDD7-66B2-409F-B18C-B682DD9172DB',1,0,0,0,0,1,NULL,'',NULL,NULL,'2020-11-23 21:22:07.393',NULL,NULL,NULL,1,0,1,0,0,0,0,0,0,0,NULL,NULL,NULL,NULL,NULL),
('4cd3e8c4-2fc9-11eb-813b-227918fa15ea',1,'4cd3e8c4-2fc9-11eb-813b-227918fa15ea',NULL,NULL,'out-factory:13:788781b4-2fb3-11eb-a9f3-227918fa15ea',NULL,'4cd3e8c4-2fc9-11eb-813b-227918fa15ea',NULL,1,0,1,0,0,1,NULL,'','外出单-2020 11 26','startEvent1','2020-11-26 03:25:18.882','user',NULL,NULL,1,0,0,0,0,0,0,0,0,0,NULL,NULL,NULL,NULL,NULL),
('4cd436ec-2fc9-11eb-813b-227918fa15ea',1,'4cd3e8c4-2fc9-11eb-813b-227918fa15ea',NULL,'4cd3e8c4-2fc9-11eb-813b-227918fa15ea','out-factory:13:788781b4-2fb3-11eb-a9f3-227918fa15ea',NULL,'4cd3e8c4-2fc9-11eb-813b-227918fa15ea','sid-ABCBD09C-DB79-4EE8-BB28-96FEBAAFF175',1,0,0,0,0,1,NULL,'',NULL,NULL,'2020-11-26 03:25:18.884',NULL,NULL,NULL,1,0,1,0,0,0,0,0,0,0,NULL,NULL,NULL,NULL,NULL),
('74ced0a7-2fbc-11eb-924a-227918fa15ea',1,'74ced0a7-2fbc-11eb-924a-227918fa15ea',NULL,NULL,'mes-requirement:1:9ca6d000-2d55-11eb-b88c-227918fa15ea',NULL,'74ced0a7-2fbc-11eb-924a-227918fa15ea',NULL,1,0,1,0,0,1,NULL,'','MES需求变更-2020 11 26','startEvent1','2020-11-26 01:53:22.500','user',NULL,NULL,1,0,0,0,0,0,0,0,0,0,NULL,NULL,NULL,NULL,NULL),
('74cfbb0d-2fbc-11eb-924a-227918fa15ea',1,'74ced0a7-2fbc-11eb-924a-227918fa15ea',NULL,'74ced0a7-2fbc-11eb-924a-227918fa15ea','mes-requirement:1:9ca6d000-2d55-11eb-b88c-227918fa15ea',NULL,'74ced0a7-2fbc-11eb-924a-227918fa15ea','sid-33868E85-5876-4712-9136-27C22F40C24D',1,0,0,0,0,1,NULL,'',NULL,NULL,'2020-11-26 01:53:22.506',NULL,NULL,NULL,1,0,1,0,0,0,0,0,0,0,NULL,NULL,NULL,NULL,NULL),
('8b124674-2fc7-11eb-b181-227918fa15ea',1,'8b124674-2fc7-11eb-b181-227918fa15ea',NULL,NULL,'mes-requirement:3:b2bb2000-2fc6-11eb-8a65-227918fa15ea',NULL,'8b124674-2fc7-11eb-b181-227918fa15ea',NULL,1,0,1,0,0,1,NULL,'','MES需求变更-2020 11 26','startEvent1','2020-11-26 03:12:44.316','user',NULL,NULL,1,0,0,0,0,0,0,0,0,0,NULL,NULL,NULL,NULL,NULL),
('8b1357ee-2fc7-11eb-b181-227918fa15ea',1,'8b124674-2fc7-11eb-b181-227918fa15ea',NULL,'8b124674-2fc7-11eb-b181-227918fa15ea','mes-requirement:3:b2bb2000-2fc6-11eb-8a65-227918fa15ea',NULL,'8b124674-2fc7-11eb-b181-227918fa15ea','sid-9E02A53C-8F0C-4B08-A7ED-46875520B424',1,0,0,0,0,1,NULL,'',NULL,NULL,'2020-11-26 03:12:44.323',NULL,NULL,NULL,1,0,1,0,0,0,0,0,0,0,NULL,NULL,NULL,NULL,NULL),
('90d9dc8e-2f83-11eb-bdfc-227918fa15ea',1,'90d9dc8e-2f83-11eb-bdfc-227918fa15ea',NULL,NULL,'out-factory:11:60901b2a-2f83-11eb-bdfc-227918fa15ea',NULL,'90d9dc8e-2f83-11eb-bdfc-227918fa15ea',NULL,1,0,1,0,0,1,NULL,'','外出单 - November 26th 2020','startEvent1','2020-11-25 19:06:08.235','manager',NULL,NULL,1,0,0,0,0,0,0,0,0,0,NULL,NULL,NULL,NULL,NULL),
('90d9dc94-2f83-11eb-bdfc-227918fa15ea',2,'90d9dc8e-2f83-11eb-bdfc-227918fa15ea',NULL,'90d9dc8e-2f83-11eb-bdfc-227918fa15ea','out-factory:11:60901b2a-2f83-11eb-bdfc-227918fa15ea',NULL,'90d9dc8e-2f83-11eb-bdfc-227918fa15ea','sid-ABCBD09C-DB79-4EE8-BB28-96FEBAAFF175',1,0,0,0,0,1,NULL,'',NULL,NULL,'2020-11-25 19:06:08.235',NULL,NULL,NULL,1,0,1,0,0,0,0,0,0,0,NULL,NULL,NULL,NULL,NULL),
('95bb6f38-2fca-11eb-97fd-227918fa15ea',1,'95bb6f38-2fca-11eb-97fd-227918fa15ea',NULL,NULL,'mes-requirement:3:b2bb2000-2fc6-11eb-8a65-227918fa15ea',NULL,'95bb6f38-2fca-11eb-97fd-227918fa15ea',NULL,1,0,1,0,0,1,NULL,'','MES需求变更-2020 11 26','startEvent1','2020-11-26 03:34:30.692','user',NULL,NULL,1,0,0,0,0,0,0,0,0,0,NULL,NULL,NULL,NULL,NULL),
('95bca6c2-2fca-11eb-97fd-227918fa15ea',1,'95bb6f38-2fca-11eb-97fd-227918fa15ea',NULL,'95bb6f38-2fca-11eb-97fd-227918fa15ea','mes-requirement:3:b2bb2000-2fc6-11eb-8a65-227918fa15ea',NULL,'95bb6f38-2fca-11eb-97fd-227918fa15ea','sid-9E02A53C-8F0C-4B08-A7ED-46875520B424',1,0,0,0,0,1,NULL,'',NULL,NULL,'2020-11-26 03:34:30.700',NULL,NULL,NULL,1,0,1,0,0,0,0,0,0,0,NULL,NULL,NULL,NULL,NULL),
('a43e38b5-2e04-11eb-b39c-227918fa15ea',1,'a43e38b5-2e04-11eb-b39c-227918fa15ea',NULL,NULL,'out-factory:6:6dda616e-2e03-11eb-8edb-227918fa15ea',NULL,'a43e38b5-2e04-11eb-b39c-227918fa15ea',NULL,1,0,1,0,0,1,NULL,'','外出单-2020 11 24','startEvent1','2020-11-23 21:25:03.522','admin',NULL,NULL,1,0,0,0,0,0,0,0,0,0,NULL,NULL,NULL,NULL,NULL),
('a43f713b-2e04-11eb-b39c-227918fa15ea',1,'a43e38b5-2e04-11eb-b39c-227918fa15ea',NULL,'a43e38b5-2e04-11eb-b39c-227918fa15ea','out-factory:6:6dda616e-2e03-11eb-8edb-227918fa15ea',NULL,'a43e38b5-2e04-11eb-b39c-227918fa15ea','sid-E086BDD7-66B2-409F-B18C-B682DD9172DB',1,0,0,0,0,1,NULL,'',NULL,NULL,'2020-11-23 21:25:03.530',NULL,NULL,NULL,1,0,1,0,0,0,0,0,0,0,NULL,NULL,NULL,NULL,NULL),
('cabb3375-2fc9-11eb-8ad3-227918fa15ea',1,'cabb3375-2fc9-11eb-8ad3-227918fa15ea',NULL,NULL,'mes-requirement:3:b2bb2000-2fc6-11eb-8a65-227918fa15ea',NULL,'cabb3375-2fc9-11eb-8ad3-227918fa15ea',NULL,1,0,1,0,0,1,NULL,'','MES需求变更-2020 11 26','startEvent1','2020-11-26 03:28:50.113','user',NULL,NULL,1,0,0,0,0,0,0,0,0,0,NULL,NULL,NULL,NULL,NULL),
('cabc6bff-2fc9-11eb-8ad3-227918fa15ea',1,'cabb3375-2fc9-11eb-8ad3-227918fa15ea',NULL,'cabb3375-2fc9-11eb-8ad3-227918fa15ea','mes-requirement:3:b2bb2000-2fc6-11eb-8a65-227918fa15ea',NULL,'cabb3375-2fc9-11eb-8ad3-227918fa15ea','sid-9E02A53C-8F0C-4B08-A7ED-46875520B424',1,0,0,0,0,1,NULL,'',NULL,NULL,'2020-11-26 03:28:50.121',NULL,NULL,NULL,1,0,1,0,0,0,0,0,0,0,NULL,NULL,NULL,NULL,NULL),
('e255b90c-2fca-11eb-8fff-227918fa15ea',1,'e255b90c-2fca-11eb-8fff-227918fa15ea',NULL,NULL,'mes-requirement:3:b2bb2000-2fc6-11eb-8a65-227918fa15ea',NULL,'e255b90c-2fca-11eb-8fff-227918fa15ea',NULL,1,0,1,0,0,1,NULL,'','MES需求变更-2020 11 26','startEvent1','2020-11-26 03:36:39.210','user',NULL,NULL,1,0,0,0,0,0,0,0,0,0,NULL,NULL,NULL,NULL,NULL),
('e25a7406-2fca-11eb-8fff-227918fa15ea',1,'e255b90c-2fca-11eb-8fff-227918fa15ea',NULL,'e255b90c-2fca-11eb-8fff-227918fa15ea','mes-requirement:3:b2bb2000-2fc6-11eb-8a65-227918fa15ea',NULL,'e255b90c-2fca-11eb-8fff-227918fa15ea','sid-9E02A53C-8F0C-4B08-A7ED-46875520B424',1,0,0,0,0,1,NULL,'',NULL,NULL,'2020-11-26 03:36:39.241',NULL,NULL,NULL,1,0,1,0,0,0,0,0,0,0,NULL,NULL,NULL,NULL,NULL),
('e8eb3204-2fc6-11eb-8a65-227918fa15ea',1,'e8eb3204-2fc6-11eb-8a65-227918fa15ea',NULL,NULL,'mes-requirement:2:0842502a-2fbd-11eb-924a-227918fa15ea',NULL,'e8eb3204-2fc6-11eb-8a65-227918fa15ea',NULL,1,0,1,0,0,1,NULL,'','MES需求变更-2020 11 26','startEvent1','2020-11-26 03:08:12.269','user',NULL,NULL,1,0,0,0,0,0,0,0,0,0,NULL,NULL,NULL,NULL,NULL),
('e8ec1c6e-2fc6-11eb-8a65-227918fa15ea',1,'e8eb3204-2fc6-11eb-8a65-227918fa15ea',NULL,'e8eb3204-2fc6-11eb-8a65-227918fa15ea','mes-requirement:2:0842502a-2fbd-11eb-924a-227918fa15ea',NULL,'e8eb3204-2fc6-11eb-8a65-227918fa15ea','sid-9E02A53C-8F0C-4B08-A7ED-46875520B424',1,0,0,0,0,1,NULL,'',NULL,NULL,'2020-11-26 03:08:12.275',NULL,NULL,NULL,1,0,1,0,0,0,0,0,0,0,NULL,NULL,NULL,NULL,NULL),
('ea533244-2fbc-11eb-924a-227918fa15ea',1,'ea533244-2fbc-11eb-924a-227918fa15ea',NULL,NULL,'mes-requirement:1:9ca6d000-2d55-11eb-b88c-227918fa15ea',NULL,'ea533244-2fbc-11eb-924a-227918fa15ea',NULL,1,0,1,0,0,1,NULL,'','MES需求变更-2020 11 26','startEvent1','2020-11-26 01:56:39.661','user',NULL,NULL,1,0,0,0,0,0,0,0,0,0,NULL,NULL,NULL,NULL,NULL),
('ea53ce8a-2fbc-11eb-924a-227918fa15ea',1,'ea533244-2fbc-11eb-924a-227918fa15ea',NULL,'ea533244-2fbc-11eb-924a-227918fa15ea','mes-requirement:1:9ca6d000-2d55-11eb-b88c-227918fa15ea',NULL,'ea533244-2fbc-11eb-924a-227918fa15ea','sid-33868E85-5876-4712-9136-27C22F40C24D',1,0,0,0,0,1,NULL,'',NULL,NULL,'2020-11-26 01:56:39.665',NULL,NULL,NULL,1,0,1,0,0,0,0,0,0,0,NULL,NULL,NULL,NULL,NULL),
('f25f869a-2e06-11eb-bbd8-227918fa15ea',1,'f25f869a-2e06-11eb-bbd8-227918fa15ea',NULL,NULL,'out-factory:7:78a9fdfc-2e06-11eb-84ba-227918fa15ea',NULL,'f25f869a-2e06-11eb-bbd8-227918fa15ea',NULL,1,0,1,0,0,1,NULL,'','外出单-2020 11 24','startEvent1','2020-11-23 21:41:33.596','admin',NULL,NULL,1,0,0,0,0,0,0,0,0,0,NULL,NULL,NULL,NULL,NULL),
('f260e630-2e06-11eb-bbd8-227918fa15ea',1,'f25f869a-2e06-11eb-bbd8-227918fa15ea',NULL,'f25f869a-2e06-11eb-bbd8-227918fa15ea','out-factory:7:78a9fdfc-2e06-11eb-84ba-227918fa15ea',NULL,'f25f869a-2e06-11eb-bbd8-227918fa15ea','sid-E086BDD7-66B2-409F-B18C-B682DD9172DB',1,0,0,0,0,1,NULL,'',NULL,NULL,'2020-11-23 21:41:33.605',NULL,NULL,NULL,1,0,1,0,0,0,0,0,0,0,NULL,NULL,NULL,NULL,NULL),
('f7a9b180-2fc8-11eb-813b-227918fa15ea',1,'f7a9b180-2fc8-11eb-813b-227918fa15ea',NULL,NULL,'mes-requirement:3:b2bb2000-2fc6-11eb-8a65-227918fa15ea',NULL,'f7a9b180-2fc8-11eb-813b-227918fa15ea',NULL,1,0,1,0,0,1,NULL,'','MES需求变更-2020 11 26','startEvent1','2020-11-26 03:22:55.999','user',NULL,NULL,1,0,0,0,0,0,0,0,0,0,NULL,NULL,NULL,NULL,NULL),
('f7aa9bea-2fc8-11eb-813b-227918fa15ea',1,'f7a9b180-2fc8-11eb-813b-227918fa15ea',NULL,'f7a9b180-2fc8-11eb-813b-227918fa15ea','mes-requirement:3:b2bb2000-2fc6-11eb-8a65-227918fa15ea',NULL,'f7a9b180-2fc8-11eb-813b-227918fa15ea','sid-9E02A53C-8F0C-4B08-A7ED-46875520B424',1,0,0,0,0,1,NULL,'',NULL,NULL,'2020-11-26 03:22:56.005',NULL,NULL,NULL,1,0,1,0,0,0,0,0,0,0,NULL,NULL,NULL,NULL,NULL);

/*Table structure for table `ACT_RU_EXTERNAL_JOB` */

DROP TABLE IF EXISTS `ACT_RU_EXTERNAL_JOB`;

CREATE TABLE `ACT_RU_EXTERNAL_JOB` (
  `ID_` varchar(64) COLLATE utf8_bin NOT NULL,
  `REV_` int DEFAULT NULL,
  `CATEGORY_` varchar(255) COLLATE utf8_bin DEFAULT NULL,
  `TYPE_` varchar(255) COLLATE utf8_bin NOT NULL,
  `LOCK_EXP_TIME_` timestamp(3) NULL DEFAULT NULL,
  `LOCK_OWNER_` varchar(255) COLLATE utf8_bin DEFAULT NULL,
  `EXCLUSIVE_` tinyint(1) DEFAULT NULL,
  `EXECUTION_ID_` varchar(64) COLLATE utf8_bin DEFAULT NULL,
  `PROCESS_INSTANCE_ID_` varchar(64) COLLATE utf8_bin DEFAULT NULL,
  `PROC_DEF_ID_` varchar(64) COLLATE utf8_bin DEFAULT NULL,
  `ELEMENT_ID_` varchar(255) COLLATE utf8_bin DEFAULT NULL,
  `ELEMENT_NAME_` varchar(255) COLLATE utf8_bin DEFAULT NULL,
  `SCOPE_ID_` varchar(255) COLLATE utf8_bin DEFAULT NULL,
  `SUB_SCOPE_ID_` varchar(255) COLLATE utf8_bin DEFAULT NULL,
  `SCOPE_TYPE_` varchar(255) COLLATE utf8_bin DEFAULT NULL,
  `SCOPE_DEFINITION_ID_` varchar(255) COLLATE utf8_bin DEFAULT NULL,
  `CORRELATION_ID_` varchar(255) COLLATE utf8_bin DEFAULT NULL,
  `RETRIES_` int DEFAULT NULL,
  `EXCEPTION_STACK_ID_` varchar(64) COLLATE utf8_bin DEFAULT NULL,
  `EXCEPTION_MSG_` varchar(4000) COLLATE utf8_bin DEFAULT NULL,
  `DUEDATE_` timestamp(3) NULL DEFAULT NULL,
  `REPEAT_` varchar(255) COLLATE utf8_bin DEFAULT NULL,
  `HANDLER_TYPE_` varchar(255) COLLATE utf8_bin DEFAULT NULL,
  `HANDLER_CFG_` varchar(4000) COLLATE utf8_bin DEFAULT NULL,
  `CUSTOM_VALUES_ID_` varchar(64) COLLATE utf8_bin DEFAULT NULL,
  `CREATE_TIME_` timestamp(3) NULL DEFAULT NULL,
  `TENANT_ID_` varchar(255) COLLATE utf8_bin DEFAULT '',
  PRIMARY KEY (`ID_`),
  KEY `ACT_IDX_EXTERNAL_JOB_EXCEPTION_STACK_ID` (`EXCEPTION_STACK_ID_`),
  KEY `ACT_IDX_EXTERNAL_JOB_CUSTOM_VALUES_ID` (`CUSTOM_VALUES_ID_`),
  KEY `ACT_IDX_EXTERNAL_JOB_CORRELATION_ID` (`CORRELATION_ID_`),
  KEY `ACT_IDX_EJOB_SCOPE` (`SCOPE_ID_`,`SCOPE_TYPE_`),
  KEY `ACT_IDX_EJOB_SUB_SCOPE` (`SUB_SCOPE_ID_`,`SCOPE_TYPE_`),
  KEY `ACT_IDX_EJOB_SCOPE_DEF` (`SCOPE_DEFINITION_ID_`,`SCOPE_TYPE_`),
  CONSTRAINT `ACT_FK_EXTERNAL_JOB_CUSTOM_VALUES` FOREIGN KEY (`CUSTOM_VALUES_ID_`) REFERENCES `ACT_GE_BYTEARRAY` (`ID_`),
  CONSTRAINT `ACT_FK_EXTERNAL_JOB_EXCEPTION` FOREIGN KEY (`EXCEPTION_STACK_ID_`) REFERENCES `ACT_GE_BYTEARRAY` (`ID_`)
) ENGINE=InnoDB DEFAULT CHARSET=utf8 COLLATE=utf8_bin;

/*Data for the table `ACT_RU_EXTERNAL_JOB` */

/*Table structure for table `ACT_RU_HISTORY_JOB` */

DROP TABLE IF EXISTS `ACT_RU_HISTORY_JOB`;

CREATE TABLE `ACT_RU_HISTORY_JOB` (
  `ID_` varchar(64) COLLATE utf8_bin NOT NULL,
  `REV_` int DEFAULT NULL,
  `LOCK_EXP_TIME_` timestamp(3) NULL DEFAULT NULL,
  `LOCK_OWNER_` varchar(255) COLLATE utf8_bin DEFAULT NULL,
  `RETRIES_` int DEFAULT NULL,
  `EXCEPTION_STACK_ID_` varchar(64) COLLATE utf8_bin DEFAULT NULL,
  `EXCEPTION_MSG_` varchar(4000) COLLATE utf8_bin DEFAULT NULL,
  `HANDLER_TYPE_` varchar(255) COLLATE utf8_bin DEFAULT NULL,
  `HANDLER_CFG_` varchar(4000) COLLATE utf8_bin DEFAULT NULL,
  `CUSTOM_VALUES_ID_` varchar(64) COLLATE utf8_bin DEFAULT NULL,
  `ADV_HANDLER_CFG_ID_` varchar(64) COLLATE utf8_bin DEFAULT NULL,
  `CREATE_TIME_` timestamp(3) NULL DEFAULT NULL,
  `SCOPE_TYPE_` varchar(255) COLLATE utf8_bin DEFAULT NULL,
  `TENANT_ID_` varchar(255) COLLATE utf8_bin DEFAULT '',
  PRIMARY KEY (`ID_`)
) ENGINE=InnoDB DEFAULT CHARSET=utf8 COLLATE=utf8_bin;

/*Data for the table `ACT_RU_HISTORY_JOB` */

/*Table structure for table `ACT_RU_IDENTITYLINK` */

DROP TABLE IF EXISTS `ACT_RU_IDENTITYLINK`;

CREATE TABLE `ACT_RU_IDENTITYLINK` (
  `ID_` varchar(64) COLLATE utf8_bin NOT NULL,
  `REV_` int DEFAULT NULL,
  `GROUP_ID_` varchar(255) COLLATE utf8_bin DEFAULT NULL,
  `TYPE_` varchar(255) COLLATE utf8_bin DEFAULT NULL,
  `USER_ID_` varchar(255) COLLATE utf8_bin DEFAULT NULL,
  `TASK_ID_` varchar(64) COLLATE utf8_bin DEFAULT NULL,
  `PROC_INST_ID_` varchar(64) COLLATE utf8_bin DEFAULT NULL,
  `PROC_DEF_ID_` varchar(64) COLLATE utf8_bin DEFAULT NULL,
  `SCOPE_ID_` varchar(255) COLLATE utf8_bin DEFAULT NULL,
  `SUB_SCOPE_ID_` varchar(255) COLLATE utf8_bin DEFAULT NULL,
  `SCOPE_TYPE_` varchar(255) COLLATE utf8_bin DEFAULT NULL,
  `SCOPE_DEFINITION_ID_` varchar(255) COLLATE utf8_bin DEFAULT NULL,
  PRIMARY KEY (`ID_`),
  KEY `ACT_IDX_IDENT_LNK_USER` (`USER_ID_`),
  KEY `ACT_IDX_IDENT_LNK_GROUP` (`GROUP_ID_`),
  KEY `ACT_IDX_IDENT_LNK_SCOPE` (`SCOPE_ID_`,`SCOPE_TYPE_`),
  KEY `ACT_IDX_IDENT_LNK_SUB_SCOPE` (`SUB_SCOPE_ID_`,`SCOPE_TYPE_`),
  KEY `ACT_IDX_IDENT_LNK_SCOPE_DEF` (`SCOPE_DEFINITION_ID_`,`SCOPE_TYPE_`),
  KEY `ACT_IDX_ATHRZ_PROCEDEF` (`PROC_DEF_ID_`),
  KEY `ACT_FK_TSKASS_TASK` (`TASK_ID_`),
  KEY `ACT_FK_IDL_PROCINST` (`PROC_INST_ID_`),
  CONSTRAINT `ACT_FK_ATHRZ_PROCEDEF` FOREIGN KEY (`PROC_DEF_ID_`) REFERENCES `ACT_RE_PROCDEF` (`ID_`),
  CONSTRAINT `ACT_FK_IDL_PROCINST` FOREIGN KEY (`PROC_INST_ID_`) REFERENCES `ACT_RU_EXECUTION` (`ID_`),
  CONSTRAINT `ACT_FK_TSKASS_TASK` FOREIGN KEY (`TASK_ID_`) REFERENCES `ACT_RU_TASK` (`ID_`)
) ENGINE=InnoDB DEFAULT CHARSET=utf8 COLLATE=utf8_bin;

/*Data for the table `ACT_RU_IDENTITYLINK` */

insert  into `ACT_RU_IDENTITYLINK`(`ID_`,`REV_`,`GROUP_ID_`,`TYPE_`,`USER_ID_`,`TASK_ID_`,`PROC_INST_ID_`,`PROC_DEF_ID_`,`SCOPE_ID_`,`SUB_SCOPE_ID_`,`SCOPE_TYPE_`,`SCOPE_DEFINITION_ID_`) values 
('057fc06e-2fb0-11eb-9226-227918fa15ea',1,NULL,'starter','user',NULL,'057d014c-2fb0-11eb-9226-227918fa15ea',NULL,NULL,NULL,NULL,NULL),
('0b91e7f8-2fcb-11eb-8fff-227918fa15ea',1,NULL,'starter','user',NULL,'0b91e7f6-2fcb-11eb-8fff-227918fa15ea',NULL,NULL,NULL,NULL,NULL),
('12702d3a-2fcb-11eb-8fff-227918fa15ea',1,NULL,'participant','manager',NULL,'0b91e7f6-2fcb-11eb-8fff-227918fa15ea',NULL,NULL,NULL,NULL,NULL),
('138ed17d-2f83-11eb-bdfc-227918fa15ea',1,NULL,'starter','manager',NULL,'138e353b-2f83-11eb-bdfc-227918fa15ea',NULL,NULL,NULL,NULL,NULL),
('139428ba-2f83-11eb-bdfc-227918fa15ea',1,NULL,'participant','manager',NULL,'138e353b-2f83-11eb-bdfc-227918fa15ea',NULL,NULL,NULL,NULL,NULL),
('21ee6e01-2fb2-11eb-9226-227918fa15ea',1,NULL,'starter','user',NULL,'21ee6dff-2fb2-11eb-9226-227918fa15ea',NULL,NULL,NULL,NULL,NULL),
('27391ed3-2fab-11eb-acf0-227918fa15ea',1,NULL,'starter','user',NULL,'27388291-2fab-11eb-acf0-227918fa15ea',NULL,NULL,NULL,NULL,NULL),
('274b9575-2fab-11eb-acf0-227918fa15ea',1,NULL,'participant','manager',NULL,'27388291-2fab-11eb-acf0-227918fa15ea',NULL,NULL,NULL,NULL,NULL),
('2c2e1f76-2f88-11eb-a96f-227918fa15ea',1,NULL,'participant','manager',NULL,'138e353b-2f83-11eb-bdfc-227918fa15ea',NULL,NULL,NULL,NULL,NULL),
('2fbe25e0-2fc7-11eb-ac51-227918fa15ea',1,NULL,'starter','user',NULL,'2fbdb0ae-2fc7-11eb-ac51-227918fa15ea',NULL,NULL,NULL,NULL,NULL),
('36f18720-2fb0-11eb-9226-227918fa15ea',1,NULL,'participant','manager',NULL,'057d014c-2fb0-11eb-9226-227918fa15ea',NULL,NULL,NULL,NULL,NULL),
('3b4275c7-2e04-11eb-8e8e-227918fa15ea',1,NULL,'starter','admin',NULL,'3b4275c5-2e04-11eb-8e8e-227918fa15ea',NULL,NULL,NULL,NULL,NULL),
('3b4d4a43-2e04-11eb-8e8e-227918fa15ea',1,NULL,'participant','admin',NULL,'3b4275c5-2e04-11eb-8e8e-227918fa15ea',NULL,NULL,NULL,NULL,NULL),
('4baafe91-2f87-11eb-a96f-227918fa15ea',1,NULL,'participant','manager',NULL,'90d9dc8e-2f83-11eb-bdfc-227918fa15ea',NULL,NULL,NULL,NULL,NULL),
('4cd3e8c6-2fc9-11eb-813b-227918fa15ea',1,NULL,'starter','user',NULL,'4cd3e8c4-2fc9-11eb-813b-227918fa15ea',NULL,NULL,NULL,NULL,NULL),
('500a5bb8-2fc9-11eb-813b-227918fa15ea',1,NULL,'participant','manager',NULL,'4cd3e8c4-2fc9-11eb-813b-227918fa15ea',NULL,NULL,NULL,NULL,NULL),
('53495153-2fb2-11eb-9226-227918fa15ea',1,NULL,'participant','manager',NULL,'21ee6dff-2fb2-11eb-9226-227918fa15ea',NULL,NULL,NULL,NULL,NULL),
('74cf6ce9-2fbc-11eb-924a-227918fa15ea',1,NULL,'starter','user',NULL,'74ced0a7-2fbc-11eb-924a-227918fa15ea',NULL,NULL,NULL,NULL,NULL),
('8b12e2b6-2fc7-11eb-b181-227918fa15ea',1,NULL,'starter','user',NULL,'8b124674-2fc7-11eb-b181-227918fa15ea',NULL,NULL,NULL,NULL,NULL),
('90d9dc90-2f83-11eb-bdfc-227918fa15ea',1,NULL,'starter','manager',NULL,'90d9dc8e-2f83-11eb-bdfc-227918fa15ea',NULL,NULL,NULL,NULL,NULL),
('90d9dc9c-2f83-11eb-bdfc-227918fa15ea',1,NULL,'participant','manager',NULL,'90d9dc8e-2f83-11eb-bdfc-227918fa15ea',NULL,NULL,NULL,NULL,NULL),
('95bc0b7a-2fca-11eb-97fd-227918fa15ea',1,NULL,'starter','user',NULL,'95bb6f38-2fca-11eb-97fd-227918fa15ea',NULL,NULL,NULL,NULL,NULL),
('a43efc07-2e04-11eb-b39c-227918fa15ea',1,NULL,'starter','admin',NULL,'a43e38b5-2e04-11eb-b39c-227918fa15ea',NULL,NULL,NULL,NULL,NULL),
('a44cb7b3-2e04-11eb-b39c-227918fa15ea',1,NULL,'participant','admin',NULL,'a43e38b5-2e04-11eb-b39c-227918fa15ea',NULL,NULL,NULL,NULL,NULL),
('cabba8a7-2fc9-11eb-8ad3-227918fa15ea',1,NULL,'starter','user',NULL,'cabb3375-2fc9-11eb-8ad3-227918fa15ea',NULL,NULL,NULL,NULL,NULL),
('e2582a0e-2fca-11eb-8fff-227918fa15ea',1,NULL,'starter','user',NULL,'e255b90c-2fca-11eb-8fff-227918fa15ea',NULL,NULL,NULL,NULL,NULL),
('e8ebce46-2fc6-11eb-8a65-227918fa15ea',1,NULL,'starter','user',NULL,'e8eb3204-2fc6-11eb-8a65-227918fa15ea',NULL,NULL,NULL,NULL,NULL),
('ea535956-2fbc-11eb-924a-227918fa15ea',1,NULL,'starter','user',NULL,'ea533244-2fbc-11eb-924a-227918fa15ea',NULL,NULL,NULL,NULL,NULL),
('f26049ec-2e06-11eb-bbd8-227918fa15ea',1,NULL,'starter','admin',NULL,'f25f869a-2e06-11eb-bbd8-227918fa15ea',NULL,NULL,NULL,NULL,NULL),
('f26a5c18-2e06-11eb-bbd8-227918fa15ea',1,NULL,'participant','admin',NULL,'f25f869a-2e06-11eb-bbd8-227918fa15ea',NULL,NULL,NULL,NULL,NULL),
('f7aa4dc2-2fc8-11eb-813b-227918fa15ea',1,NULL,'starter','user',NULL,'f7a9b180-2fc8-11eb-813b-227918fa15ea',NULL,NULL,NULL,NULL,NULL);

/*Table structure for table `ACT_RU_JOB` */

DROP TABLE IF EXISTS `ACT_RU_JOB`;

CREATE TABLE `ACT_RU_JOB` (
  `ID_` varchar(64) COLLATE utf8_bin NOT NULL,
  `REV_` int DEFAULT NULL,
  `CATEGORY_` varchar(255) COLLATE utf8_bin DEFAULT NULL,
  `TYPE_` varchar(255) COLLATE utf8_bin NOT NULL,
  `LOCK_EXP_TIME_` timestamp(3) NULL DEFAULT NULL,
  `LOCK_OWNER_` varchar(255) COLLATE utf8_bin DEFAULT NULL,
  `EXCLUSIVE_` tinyint(1) DEFAULT NULL,
  `EXECUTION_ID_` varchar(64) COLLATE utf8_bin DEFAULT NULL,
  `PROCESS_INSTANCE_ID_` varchar(64) COLLATE utf8_bin DEFAULT NULL,
  `PROC_DEF_ID_` varchar(64) COLLATE utf8_bin DEFAULT NULL,
  `ELEMENT_ID_` varchar(255) COLLATE utf8_bin DEFAULT NULL,
  `ELEMENT_NAME_` varchar(255) COLLATE utf8_bin DEFAULT NULL,
  `SCOPE_ID_` varchar(255) COLLATE utf8_bin DEFAULT NULL,
  `SUB_SCOPE_ID_` varchar(255) COLLATE utf8_bin DEFAULT NULL,
  `SCOPE_TYPE_` varchar(255) COLLATE utf8_bin DEFAULT NULL,
  `SCOPE_DEFINITION_ID_` varchar(255) COLLATE utf8_bin DEFAULT NULL,
  `CORRELATION_ID_` varchar(255) COLLATE utf8_bin DEFAULT NULL,
  `RETRIES_` int DEFAULT NULL,
  `EXCEPTION_STACK_ID_` varchar(64) COLLATE utf8_bin DEFAULT NULL,
  `EXCEPTION_MSG_` varchar(4000) COLLATE utf8_bin DEFAULT NULL,
  `DUEDATE_` timestamp(3) NULL DEFAULT NULL,
  `REPEAT_` varchar(255) COLLATE utf8_bin DEFAULT NULL,
  `HANDLER_TYPE_` varchar(255) COLLATE utf8_bin DEFAULT NULL,
  `HANDLER_CFG_` varchar(4000) COLLATE utf8_bin DEFAULT NULL,
  `CUSTOM_VALUES_ID_` varchar(64) COLLATE utf8_bin DEFAULT NULL,
  `CREATE_TIME_` timestamp(3) NULL DEFAULT NULL,
  `TENANT_ID_` varchar(255) COLLATE utf8_bin DEFAULT '',
  PRIMARY KEY (`ID_`),
  KEY `ACT_IDX_JOB_EXCEPTION_STACK_ID` (`EXCEPTION_STACK_ID_`),
  KEY `ACT_IDX_JOB_CUSTOM_VALUES_ID` (`CUSTOM_VALUES_ID_`),
  KEY `ACT_IDX_JOB_CORRELATION_ID` (`CORRELATION_ID_`),
  KEY `ACT_IDX_JOB_SCOPE` (`SCOPE_ID_`,`SCOPE_TYPE_`),
  KEY `ACT_IDX_JOB_SUB_SCOPE` (`SUB_SCOPE_ID_`,`SCOPE_TYPE_`),
  KEY `ACT_IDX_JOB_SCOPE_DEF` (`SCOPE_DEFINITION_ID_`,`SCOPE_TYPE_`),
  KEY `ACT_FK_JOB_EXECUTION` (`EXECUTION_ID_`),
  KEY `ACT_FK_JOB_PROCESS_INSTANCE` (`PROCESS_INSTANCE_ID_`),
  KEY `ACT_FK_JOB_PROC_DEF` (`PROC_DEF_ID_`),
  CONSTRAINT `ACT_FK_JOB_CUSTOM_VALUES` FOREIGN KEY (`CUSTOM_VALUES_ID_`) REFERENCES `ACT_GE_BYTEARRAY` (`ID_`),
  CONSTRAINT `ACT_FK_JOB_EXCEPTION` FOREIGN KEY (`EXCEPTION_STACK_ID_`) REFERENCES `ACT_GE_BYTEARRAY` (`ID_`),
  CONSTRAINT `ACT_FK_JOB_EXECUTION` FOREIGN KEY (`EXECUTION_ID_`) REFERENCES `ACT_RU_EXECUTION` (`ID_`),
  CONSTRAINT `ACT_FK_JOB_PROC_DEF` FOREIGN KEY (`PROC_DEF_ID_`) REFERENCES `ACT_RE_PROCDEF` (`ID_`),
  CONSTRAINT `ACT_FK_JOB_PROCESS_INSTANCE` FOREIGN KEY (`PROCESS_INSTANCE_ID_`) REFERENCES `ACT_RU_EXECUTION` (`ID_`)
) ENGINE=InnoDB DEFAULT CHARSET=utf8 COLLATE=utf8_bin;

/*Data for the table `ACT_RU_JOB` */

/*Table structure for table `ACT_RU_SUSPENDED_JOB` */

DROP TABLE IF EXISTS `ACT_RU_SUSPENDED_JOB`;

CREATE TABLE `ACT_RU_SUSPENDED_JOB` (
  `ID_` varchar(64) COLLATE utf8_bin NOT NULL,
  `REV_` int DEFAULT NULL,
  `CATEGORY_` varchar(255) COLLATE utf8_bin DEFAULT NULL,
  `TYPE_` varchar(255) COLLATE utf8_bin NOT NULL,
  `EXCLUSIVE_` tinyint(1) DEFAULT NULL,
  `EXECUTION_ID_` varchar(64) COLLATE utf8_bin DEFAULT NULL,
  `PROCESS_INSTANCE_ID_` varchar(64) COLLATE utf8_bin DEFAULT NULL,
  `PROC_DEF_ID_` varchar(64) COLLATE utf8_bin DEFAULT NULL,
  `ELEMENT_ID_` varchar(255) COLLATE utf8_bin DEFAULT NULL,
  `ELEMENT_NAME_` varchar(255) COLLATE utf8_bin DEFAULT NULL,
  `SCOPE_ID_` varchar(255) COLLATE utf8_bin DEFAULT NULL,
  `SUB_SCOPE_ID_` varchar(255) COLLATE utf8_bin DEFAULT NULL,
  `SCOPE_TYPE_` varchar(255) COLLATE utf8_bin DEFAULT NULL,
  `SCOPE_DEFINITION_ID_` varchar(255) COLLATE utf8_bin DEFAULT NULL,
  `CORRELATION_ID_` varchar(255) COLLATE utf8_bin DEFAULT NULL,
  `RETRIES_` int DEFAULT NULL,
  `EXCEPTION_STACK_ID_` varchar(64) COLLATE utf8_bin DEFAULT NULL,
  `EXCEPTION_MSG_` varchar(4000) COLLATE utf8_bin DEFAULT NULL,
  `DUEDATE_` timestamp(3) NULL DEFAULT NULL,
  `REPEAT_` varchar(255) COLLATE utf8_bin DEFAULT NULL,
  `HANDLER_TYPE_` varchar(255) COLLATE utf8_bin DEFAULT NULL,
  `HANDLER_CFG_` varchar(4000) COLLATE utf8_bin DEFAULT NULL,
  `CUSTOM_VALUES_ID_` varchar(64) COLLATE utf8_bin DEFAULT NULL,
  `CREATE_TIME_` timestamp(3) NULL DEFAULT NULL,
  `TENANT_ID_` varchar(255) COLLATE utf8_bin DEFAULT '',
  PRIMARY KEY (`ID_`),
  KEY `ACT_IDX_SUSPENDED_JOB_EXCEPTION_STACK_ID` (`EXCEPTION_STACK_ID_`),
  KEY `ACT_IDX_SUSPENDED_JOB_CUSTOM_VALUES_ID` (`CUSTOM_VALUES_ID_`),
  KEY `ACT_IDX_SUSPENDED_JOB_CORRELATION_ID` (`CORRELATION_ID_`),
  KEY `ACT_IDX_SJOB_SCOPE` (`SCOPE_ID_`,`SCOPE_TYPE_`),
  KEY `ACT_IDX_SJOB_SUB_SCOPE` (`SUB_SCOPE_ID_`,`SCOPE_TYPE_`),
  KEY `ACT_IDX_SJOB_SCOPE_DEF` (`SCOPE_DEFINITION_ID_`,`SCOPE_TYPE_`),
  KEY `ACT_FK_SUSPENDED_JOB_EXECUTION` (`EXECUTION_ID_`),
  KEY `ACT_FK_SUSPENDED_JOB_PROCESS_INSTANCE` (`PROCESS_INSTANCE_ID_`),
  KEY `ACT_FK_SUSPENDED_JOB_PROC_DEF` (`PROC_DEF_ID_`),
  CONSTRAINT `ACT_FK_SUSPENDED_JOB_CUSTOM_VALUES` FOREIGN KEY (`CUSTOM_VALUES_ID_`) REFERENCES `ACT_GE_BYTEARRAY` (`ID_`),
  CONSTRAINT `ACT_FK_SUSPENDED_JOB_EXCEPTION` FOREIGN KEY (`EXCEPTION_STACK_ID_`) REFERENCES `ACT_GE_BYTEARRAY` (`ID_`),
  CONSTRAINT `ACT_FK_SUSPENDED_JOB_EXECUTION` FOREIGN KEY (`EXECUTION_ID_`) REFERENCES `ACT_RU_EXECUTION` (`ID_`),
  CONSTRAINT `ACT_FK_SUSPENDED_JOB_PROC_DEF` FOREIGN KEY (`PROC_DEF_ID_`) REFERENCES `ACT_RE_PROCDEF` (`ID_`),
  CONSTRAINT `ACT_FK_SUSPENDED_JOB_PROCESS_INSTANCE` FOREIGN KEY (`PROCESS_INSTANCE_ID_`) REFERENCES `ACT_RU_EXECUTION` (`ID_`)
) ENGINE=InnoDB DEFAULT CHARSET=utf8 COLLATE=utf8_bin;

/*Data for the table `ACT_RU_SUSPENDED_JOB` */

/*Table structure for table `ACT_RU_TASK` */

DROP TABLE IF EXISTS `ACT_RU_TASK`;

CREATE TABLE `ACT_RU_TASK` (
  `ID_` varchar(64) COLLATE utf8_bin NOT NULL,
  `REV_` int DEFAULT NULL,
  `EXECUTION_ID_` varchar(64) COLLATE utf8_bin DEFAULT NULL,
  `PROC_INST_ID_` varchar(64) COLLATE utf8_bin DEFAULT NULL,
  `PROC_DEF_ID_` varchar(64) COLLATE utf8_bin DEFAULT NULL,
  `TASK_DEF_ID_` varchar(64) COLLATE utf8_bin DEFAULT NULL,
  `SCOPE_ID_` varchar(255) COLLATE utf8_bin DEFAULT NULL,
  `SUB_SCOPE_ID_` varchar(255) COLLATE utf8_bin DEFAULT NULL,
  `SCOPE_TYPE_` varchar(255) COLLATE utf8_bin DEFAULT NULL,
  `SCOPE_DEFINITION_ID_` varchar(255) COLLATE utf8_bin DEFAULT NULL,
  `PROPAGATED_STAGE_INST_ID_` varchar(255) COLLATE utf8_bin DEFAULT NULL,
  `NAME_` varchar(255) COLLATE utf8_bin DEFAULT NULL,
  `PARENT_TASK_ID_` varchar(64) COLLATE utf8_bin DEFAULT NULL,
  `DESCRIPTION_` varchar(4000) COLLATE utf8_bin DEFAULT NULL,
  `TASK_DEF_KEY_` varchar(255) COLLATE utf8_bin DEFAULT NULL,
  `OWNER_` varchar(255) COLLATE utf8_bin DEFAULT NULL,
  `ASSIGNEE_` varchar(255) COLLATE utf8_bin DEFAULT NULL,
  `DELEGATION_` varchar(64) COLLATE utf8_bin DEFAULT NULL,
  `PRIORITY_` int DEFAULT NULL,
  `CREATE_TIME_` timestamp(3) NULL DEFAULT NULL,
  `DUE_DATE_` datetime(3) DEFAULT NULL,
  `CATEGORY_` varchar(255) COLLATE utf8_bin DEFAULT NULL,
  `SUSPENSION_STATE_` int DEFAULT NULL,
  `TENANT_ID_` varchar(255) COLLATE utf8_bin DEFAULT '',
  `FORM_KEY_` varchar(255) COLLATE utf8_bin DEFAULT NULL,
  `CLAIM_TIME_` datetime(3) DEFAULT NULL,
  `IS_COUNT_ENABLED_` tinyint DEFAULT NULL,
  `VAR_COUNT_` int DEFAULT NULL,
  `ID_LINK_COUNT_` int DEFAULT NULL,
  `SUB_TASK_COUNT_` int DEFAULT NULL,
  PRIMARY KEY (`ID_`),
  KEY `ACT_IDX_TASK_CREATE` (`CREATE_TIME_`),
  KEY `ACT_IDX_TASK_SCOPE` (`SCOPE_ID_`,`SCOPE_TYPE_`),
  KEY `ACT_IDX_TASK_SUB_SCOPE` (`SUB_SCOPE_ID_`,`SCOPE_TYPE_`),
  KEY `ACT_IDX_TASK_SCOPE_DEF` (`SCOPE_DEFINITION_ID_`,`SCOPE_TYPE_`),
  KEY `ACT_FK_TASK_EXE` (`EXECUTION_ID_`),
  KEY `ACT_FK_TASK_PROCINST` (`PROC_INST_ID_`),
  KEY `ACT_FK_TASK_PROCDEF` (`PROC_DEF_ID_`),
  CONSTRAINT `ACT_FK_TASK_EXE` FOREIGN KEY (`EXECUTION_ID_`) REFERENCES `ACT_RU_EXECUTION` (`ID_`),
  CONSTRAINT `ACT_FK_TASK_PROCDEF` FOREIGN KEY (`PROC_DEF_ID_`) REFERENCES `ACT_RE_PROCDEF` (`ID_`),
  CONSTRAINT `ACT_FK_TASK_PROCINST` FOREIGN KEY (`PROC_INST_ID_`) REFERENCES `ACT_RU_EXECUTION` (`ID_`)
) ENGINE=InnoDB DEFAULT CHARSET=utf8 COLLATE=utf8_bin;

/*Data for the table `ACT_RU_TASK` */

insert  into `ACT_RU_TASK`(`ID_`,`REV_`,`EXECUTION_ID_`,`PROC_INST_ID_`,`PROC_DEF_ID_`,`TASK_DEF_ID_`,`SCOPE_ID_`,`SUB_SCOPE_ID_`,`SCOPE_TYPE_`,`SCOPE_DEFINITION_ID_`,`PROPAGATED_STAGE_INST_ID_`,`NAME_`,`PARENT_TASK_ID_`,`DESCRIPTION_`,`TASK_DEF_KEY_`,`OWNER_`,`ASSIGNEE_`,`DELEGATION_`,`PRIORITY_`,`CREATE_TIME_`,`DUE_DATE_`,`CATEGORY_`,`SUSPENSION_STATE_`,`TENANT_ID_`,`FORM_KEY_`,`CLAIM_TIME_`,`IS_COUNT_ENABLED_`,`VAR_COUNT_`,`ID_LINK_COUNT_`,`SUB_TASK_COUNT_`) values 
('12700628-2fcb-11eb-8fff-227918fa15ea',1,'0b920f0e-2fcb-11eb-8fff-227918fa15ea','0b91e7f6-2fcb-11eb-8fff-227918fa15ea','out-factory:13:788781b4-2fb3-11eb-a9f3-227918fa15ea',NULL,NULL,NULL,NULL,NULL,NULL,'主管审核',NULL,NULL,'sid-ABCBD09C-DB79-4EE8-BB28-96FEBAAFF175',NULL,'manager',NULL,50,'2020-11-26 03:37:59.902','2020-12-01 11:37:59.914',NULL,1,'','out-factory',NULL,1,0,0,0),
('2640ff51-2fb2-11eb-9226-227918fa15ea',1,'21ee6e07-2fb2-11eb-9226-227918fa15ea','21ee6dff-2fb2-11eb-9226-227918fa15ea','out-factory:12:0703936d-2fab-11eb-acf0-227918fa15ea',NULL,NULL,NULL,NULL,NULL,NULL,'主管审核',NULL,NULL,'sid-ABCBD09C-DB79-4EE8-BB28-96FEBAAFF175',NULL,'manager',NULL,50,'2020-11-26 00:39:35.741','2020-12-01 08:40:51.294',NULL,1,'','out-factory',NULL,1,0,0,0),
('274a5cf3-2fab-11eb-acf0-227918fa15ea',1,'2739940a-2fab-11eb-acf0-227918fa15ea','27388291-2fab-11eb-acf0-227918fa15ea','out-factory:12:0703936d-2fab-11eb-acf0-227918fa15ea',NULL,NULL,NULL,NULL,NULL,NULL,'主管审核',NULL,NULL,'sid-ABCBD09C-DB79-4EE8-BB28-96FEBAAFF175',NULL,'manager',NULL,50,'2020-11-25 23:49:30.979','2020-12-01 07:49:31.011',NULL,1,'','out-factory',NULL,1,0,0,0),
('2c2ff439-2f88-11eb-a96f-227918fa15ea',1,'138ed182-2f83-11eb-bdfc-227918fa15ea','138e353b-2f83-11eb-bdfc-227918fa15ea','out-factory:10:60b60f07-2f82-11eb-bdfc-227918fa15ea',NULL,NULL,NULL,NULL,NULL,NULL,'主管审核',NULL,NULL,'sid-ABCBD09C-DB79-4EE8-BB28-96FEBAAFF175',NULL,NULL,NULL,50,'2020-11-25 19:39:06.833','2020-12-01 03:39:06.837',NULL,1,'','out-factory',NULL,1,0,0,0),
('2fc9beb1-2fc7-11eb-ac51-227918fa15ea',1,'2fbe7408-2fc7-11eb-ac51-227918fa15ea','2fbdb0ae-2fc7-11eb-ac51-227918fa15ea','mes-requirement:3:b2bb2000-2fc6-11eb-8a65-227918fa15ea',NULL,NULL,NULL,NULL,NULL,NULL,'提案部门主管',NULL,NULL,'sid-9E02A53C-8F0C-4B08-A7ED-46875520B424',NULL,NULL,NULL,50,'2020-11-26 03:10:11.168','2020-12-01 11:10:11.168',NULL,1,'','mes-requirement',NULL,1,0,0,0),
('36f04e9e-2fb0-11eb-9226-227918fa15ea',1,'0581bc44-2fb0-11eb-9226-227918fa15ea','057d014c-2fb0-11eb-9226-227918fa15ea','out-factory:12:0703936d-2fab-11eb-acf0-227918fa15ea',NULL,NULL,NULL,NULL,NULL,NULL,'主管审核',NULL,NULL,'sid-ABCBD09C-DB79-4EE8-BB28-96FEBAAFF175',NULL,'manager',NULL,50,'2020-11-26 00:25:44.724','2020-12-01 08:25:44.752',NULL,1,'','out-factory',NULL,1,0,0,0),
('3b4b7581-2e04-11eb-8e8e-227918fa15ea',1,'3b43120b-2e04-11eb-8e8e-227918fa15ea','3b4275c5-2e04-11eb-8e8e-227918fa15ea','out-factory:6:6dda616e-2e03-11eb-8edb-227918fa15ea',NULL,NULL,NULL,NULL,NULL,NULL,'申请人确认',NULL,NULL,'sid-E086BDD7-66B2-409F-B18C-B682DD9172DB',NULL,'admin',NULL,50,'2020-11-23 21:22:07.409','2020-11-29 05:22:07.460',NULL,1,'','out-factory',NULL,1,0,0,0),
('4bc73924-2f87-11eb-a96f-227918fa15ea',1,'90d9dc94-2f83-11eb-bdfc-227918fa15ea','90d9dc8e-2f83-11eb-bdfc-227918fa15ea','out-factory:11:60901b2a-2f83-11eb-bdfc-227918fa15ea',NULL,NULL,NULL,NULL,NULL,NULL,'主管审核',NULL,NULL,'sid-ABCBD09C-DB79-4EE8-BB28-96FEBAAFF175',NULL,NULL,NULL,50,'2020-11-25 19:32:50.238','2020-12-01 03:32:50.380',NULL,1,'','out-factory',NULL,1,0,0,0),
('5009bf76-2fc9-11eb-813b-227918fa15ea',1,'4cd436ec-2fc9-11eb-813b-227918fa15ea','4cd3e8c4-2fc9-11eb-813b-227918fa15ea','out-factory:13:788781b4-2fb3-11eb-a9f3-227918fa15ea',NULL,NULL,NULL,NULL,NULL,NULL,'主管审核',NULL,NULL,'sid-ABCBD09C-DB79-4EE8-BB28-96FEBAAFF175',NULL,'manager',NULL,50,'2020-11-26 03:25:24.256','2020-12-01 11:25:24.272',NULL,1,'','out-factory',NULL,1,0,0,0),
('74d5d593-2fbc-11eb-924a-227918fa15ea',1,'74cfbb0d-2fbc-11eb-924a-227918fa15ea','74ced0a7-2fbc-11eb-924a-227918fa15ea','mes-requirement:1:9ca6d000-2d55-11eb-b88c-227918fa15ea',NULL,NULL,NULL,NULL,NULL,NULL,'填单人确认',NULL,NULL,'sid-33868E85-5876-4712-9136-27C22F40C24D',NULL,NULL,NULL,50,'2020-11-26 01:53:22.519','2020-12-01 09:53:22.547',NULL,1,'',NULL,NULL,1,0,0,0),
('8b1bbc67-2fc7-11eb-b181-227918fa15ea',1,'8b1357ee-2fc7-11eb-b181-227918fa15ea','8b124674-2fc7-11eb-b181-227918fa15ea','mes-requirement:3:b2bb2000-2fc6-11eb-8a65-227918fa15ea',NULL,NULL,NULL,NULL,NULL,NULL,'提案部门主管',NULL,NULL,'sid-9E02A53C-8F0C-4B08-A7ED-46875520B424',NULL,NULL,NULL,50,'2020-11-26 03:12:44.378','2020-12-01 11:12:44.379',NULL,1,'','mes-requirement',NULL,1,0,0,0),
('95c8dbcb-2fca-11eb-97fd-227918fa15ea',1,'95bca6c2-2fca-11eb-97fd-227918fa15ea','95bb6f38-2fca-11eb-97fd-227918fa15ea','mes-requirement:3:b2bb2000-2fc6-11eb-8a65-227918fa15ea',NULL,NULL,NULL,NULL,NULL,NULL,'提案部门主管',NULL,NULL,'sid-9E02A53C-8F0C-4B08-A7ED-46875520B424',NULL,NULL,NULL,50,'2020-11-26 03:34:30.779','2020-12-01 11:34:30.780',NULL,1,'','mes-requirement',NULL,1,0,0,0),
('a44ae2f1-2e04-11eb-b39c-227918fa15ea',1,'a43f713b-2e04-11eb-b39c-227918fa15ea','a43e38b5-2e04-11eb-b39c-227918fa15ea','out-factory:6:6dda616e-2e03-11eb-8edb-227918fa15ea',NULL,NULL,NULL,NULL,NULL,NULL,'申请人确认',NULL,NULL,'sid-E086BDD7-66B2-409F-B18C-B682DD9172DB',NULL,'admin',NULL,50,'2020-11-23 21:25:03.547','2020-11-29 05:25:03.618',NULL,1,'','out-factory',NULL,1,0,0,0),
('cac5e1e8-2fc9-11eb-8ad3-227918fa15ea',1,'cabc6bff-2fc9-11eb-8ad3-227918fa15ea','cabb3375-2fc9-11eb-8ad3-227918fa15ea','mes-requirement:3:b2bb2000-2fc6-11eb-8a65-227918fa15ea',NULL,NULL,NULL,NULL,NULL,NULL,'提案部门主管',NULL,NULL,'sid-9E02A53C-8F0C-4B08-A7ED-46875520B424',NULL,NULL,NULL,50,'2020-11-26 03:28:50.183','2020-12-01 11:28:50.183',NULL,1,'','mes-requirement',NULL,1,0,0,0),
('e8f51d27-2fc6-11eb-8a65-227918fa15ea',1,'e8ec1c6e-2fc6-11eb-8a65-227918fa15ea','e8eb3204-2fc6-11eb-8a65-227918fa15ea','mes-requirement:2:0842502a-2fbd-11eb-924a-227918fa15ea',NULL,NULL,NULL,NULL,NULL,NULL,'提案部门主管',NULL,NULL,'sid-9E02A53C-8F0C-4B08-A7ED-46875520B424',NULL,NULL,NULL,50,'2020-11-26 03:08:12.334','2020-12-01 11:08:12.335',NULL,1,'','mes-requirement',NULL,1,0,0,0),
('ea5443c0-2fbc-11eb-924a-227918fa15ea',1,'ea53ce8a-2fbc-11eb-924a-227918fa15ea','ea533244-2fbc-11eb-924a-227918fa15ea','mes-requirement:1:9ca6d000-2d55-11eb-b88c-227918fa15ea',NULL,NULL,NULL,NULL,NULL,NULL,'填单人确认',NULL,NULL,'sid-33868E85-5876-4712-9136-27C22F40C24D',NULL,NULL,NULL,50,'2020-11-26 01:56:39.668','2020-12-01 09:56:39.669',NULL,1,'',NULL,NULL,1,0,0,0),
('efefa055-2fca-11eb-8fff-227918fa15ea',1,'e25a7406-2fca-11eb-8fff-227918fa15ea','e255b90c-2fca-11eb-8fff-227918fa15ea','mes-requirement:3:b2bb2000-2fc6-11eb-8a65-227918fa15ea',NULL,NULL,NULL,NULL,NULL,NULL,'提案部门主管',NULL,NULL,'sid-9E02A53C-8F0C-4B08-A7ED-46875520B424',NULL,NULL,NULL,50,'2020-11-26 03:37:02.029','2020-12-01 11:37:02.029',NULL,1,'','mes-requirement',NULL,1,0,0,0),
('f2692396-2e06-11eb-bbd8-227918fa15ea',1,'f260e630-2e06-11eb-bbd8-227918fa15ea','f25f869a-2e06-11eb-bbd8-227918fa15ea','out-factory:7:78a9fdfc-2e06-11eb-84ba-227918fa15ea',NULL,NULL,NULL,NULL,NULL,NULL,'申请人确认',NULL,NULL,'sid-E086BDD7-66B2-409F-B18C-B682DD9172DB',NULL,'admin',NULL,50,'2020-11-23 21:41:33.622','2020-11-29 05:41:33.667',NULL,1,'','out-factory',NULL,1,0,0,0),
('f7b30063-2fc8-11eb-813b-227918fa15ea',1,'f7aa9bea-2fc8-11eb-813b-227918fa15ea','f7a9b180-2fc8-11eb-813b-227918fa15ea','mes-requirement:3:b2bb2000-2fc6-11eb-8a65-227918fa15ea',NULL,NULL,NULL,NULL,NULL,NULL,'提案部门主管',NULL,NULL,'sid-9E02A53C-8F0C-4B08-A7ED-46875520B424',NULL,NULL,NULL,50,'2020-11-26 03:22:56.060','2020-12-01 11:22:56.060',NULL,1,'','mes-requirement',NULL,1,0,0,0);

/*Table structure for table `ACT_RU_TIMER_JOB` */

DROP TABLE IF EXISTS `ACT_RU_TIMER_JOB`;

CREATE TABLE `ACT_RU_TIMER_JOB` (
  `ID_` varchar(64) COLLATE utf8_bin NOT NULL,
  `REV_` int DEFAULT NULL,
  `CATEGORY_` varchar(255) COLLATE utf8_bin DEFAULT NULL,
  `TYPE_` varchar(255) COLLATE utf8_bin NOT NULL,
  `LOCK_EXP_TIME_` timestamp(3) NULL DEFAULT NULL,
  `LOCK_OWNER_` varchar(255) COLLATE utf8_bin DEFAULT NULL,
  `EXCLUSIVE_` tinyint(1) DEFAULT NULL,
  `EXECUTION_ID_` varchar(64) COLLATE utf8_bin DEFAULT NULL,
  `PROCESS_INSTANCE_ID_` varchar(64) COLLATE utf8_bin DEFAULT NULL,
  `PROC_DEF_ID_` varchar(64) COLLATE utf8_bin DEFAULT NULL,
  `ELEMENT_ID_` varchar(255) COLLATE utf8_bin DEFAULT NULL,
  `ELEMENT_NAME_` varchar(255) COLLATE utf8_bin DEFAULT NULL,
  `SCOPE_ID_` varchar(255) COLLATE utf8_bin DEFAULT NULL,
  `SUB_SCOPE_ID_` varchar(255) COLLATE utf8_bin DEFAULT NULL,
  `SCOPE_TYPE_` varchar(255) COLLATE utf8_bin DEFAULT NULL,
  `SCOPE_DEFINITION_ID_` varchar(255) COLLATE utf8_bin DEFAULT NULL,
  `CORRELATION_ID_` varchar(255) COLLATE utf8_bin DEFAULT NULL,
  `RETRIES_` int DEFAULT NULL,
  `EXCEPTION_STACK_ID_` varchar(64) COLLATE utf8_bin DEFAULT NULL,
  `EXCEPTION_MSG_` varchar(4000) COLLATE utf8_bin DEFAULT NULL,
  `DUEDATE_` timestamp(3) NULL DEFAULT NULL,
  `REPEAT_` varchar(255) COLLATE utf8_bin DEFAULT NULL,
  `HANDLER_TYPE_` varchar(255) COLLATE utf8_bin DEFAULT NULL,
  `HANDLER_CFG_` varchar(4000) COLLATE utf8_bin DEFAULT NULL,
  `CUSTOM_VALUES_ID_` varchar(64) COLLATE utf8_bin DEFAULT NULL,
  `CREATE_TIME_` timestamp(3) NULL DEFAULT NULL,
  `TENANT_ID_` varchar(255) COLLATE utf8_bin DEFAULT '',
  PRIMARY KEY (`ID_`),
  KEY `ACT_IDX_TIMER_JOB_EXCEPTION_STACK_ID` (`EXCEPTION_STACK_ID_`),
  KEY `ACT_IDX_TIMER_JOB_CUSTOM_VALUES_ID` (`CUSTOM_VALUES_ID_`),
  KEY `ACT_IDX_TIMER_JOB_CORRELATION_ID` (`CORRELATION_ID_`),
  KEY `ACT_IDX_TJOB_SCOPE` (`SCOPE_ID_`,`SCOPE_TYPE_`),
  KEY `ACT_IDX_TJOB_SUB_SCOPE` (`SUB_SCOPE_ID_`,`SCOPE_TYPE_`),
  KEY `ACT_IDX_TJOB_SCOPE_DEF` (`SCOPE_DEFINITION_ID_`,`SCOPE_TYPE_`),
  KEY `ACT_FK_TIMER_JOB_EXECUTION` (`EXECUTION_ID_`),
  KEY `ACT_FK_TIMER_JOB_PROCESS_INSTANCE` (`PROCESS_INSTANCE_ID_`),
  KEY `ACT_FK_TIMER_JOB_PROC_DEF` (`PROC_DEF_ID_`),
  CONSTRAINT `ACT_FK_TIMER_JOB_CUSTOM_VALUES` FOREIGN KEY (`CUSTOM_VALUES_ID_`) REFERENCES `ACT_GE_BYTEARRAY` (`ID_`),
  CONSTRAINT `ACT_FK_TIMER_JOB_EXCEPTION` FOREIGN KEY (`EXCEPTION_STACK_ID_`) REFERENCES `ACT_GE_BYTEARRAY` (`ID_`),
  CONSTRAINT `ACT_FK_TIMER_JOB_EXECUTION` FOREIGN KEY (`EXECUTION_ID_`) REFERENCES `ACT_RU_EXECUTION` (`ID_`),
  CONSTRAINT `ACT_FK_TIMER_JOB_PROC_DEF` FOREIGN KEY (`PROC_DEF_ID_`) REFERENCES `ACT_RE_PROCDEF` (`ID_`),
  CONSTRAINT `ACT_FK_TIMER_JOB_PROCESS_INSTANCE` FOREIGN KEY (`PROCESS_INSTANCE_ID_`) REFERENCES `ACT_RU_EXECUTION` (`ID_`)
) ENGINE=InnoDB DEFAULT CHARSET=utf8 COLLATE=utf8_bin;

/*Data for the table `ACT_RU_TIMER_JOB` */

/*Table structure for table `ACT_RU_VARIABLE` */

DROP TABLE IF EXISTS `ACT_RU_VARIABLE`;

CREATE TABLE `ACT_RU_VARIABLE` (
  `ID_` varchar(64) COLLATE utf8_bin NOT NULL,
  `REV_` int DEFAULT NULL,
  `TYPE_` varchar(255) COLLATE utf8_bin NOT NULL,
  `NAME_` varchar(255) COLLATE utf8_bin NOT NULL,
  `EXECUTION_ID_` varchar(64) COLLATE utf8_bin DEFAULT NULL,
  `PROC_INST_ID_` varchar(64) COLLATE utf8_bin DEFAULT NULL,
  `TASK_ID_` varchar(64) COLLATE utf8_bin DEFAULT NULL,
  `SCOPE_ID_` varchar(255) COLLATE utf8_bin DEFAULT NULL,
  `SUB_SCOPE_ID_` varchar(255) COLLATE utf8_bin DEFAULT NULL,
  `SCOPE_TYPE_` varchar(255) COLLATE utf8_bin DEFAULT NULL,
  `BYTEARRAY_ID_` varchar(64) COLLATE utf8_bin DEFAULT NULL,
  `DOUBLE_` double DEFAULT NULL,
  `LONG_` bigint DEFAULT NULL,
  `TEXT_` varchar(4000) COLLATE utf8_bin DEFAULT NULL,
  `TEXT2_` varchar(4000) COLLATE utf8_bin DEFAULT NULL,
  PRIMARY KEY (`ID_`),
  KEY `ACT_IDX_RU_VAR_SCOPE_ID_TYPE` (`SCOPE_ID_`,`SCOPE_TYPE_`),
  KEY `ACT_IDX_RU_VAR_SUB_ID_TYPE` (`SUB_SCOPE_ID_`,`SCOPE_TYPE_`),
  KEY `ACT_FK_VAR_BYTEARRAY` (`BYTEARRAY_ID_`),
  KEY `ACT_IDX_VARIABLE_TASK_ID` (`TASK_ID_`),
  KEY `ACT_FK_VAR_EXE` (`EXECUTION_ID_`),
  KEY `ACT_FK_VAR_PROCINST` (`PROC_INST_ID_`),
  CONSTRAINT `ACT_FK_VAR_BYTEARRAY` FOREIGN KEY (`BYTEARRAY_ID_`) REFERENCES `ACT_GE_BYTEARRAY` (`ID_`),
  CONSTRAINT `ACT_FK_VAR_EXE` FOREIGN KEY (`EXECUTION_ID_`) REFERENCES `ACT_RU_EXECUTION` (`ID_`),
  CONSTRAINT `ACT_FK_VAR_PROCINST` FOREIGN KEY (`PROC_INST_ID_`) REFERENCES `ACT_RU_EXECUTION` (`ID_`)
) ENGINE=InnoDB DEFAULT CHARSET=utf8 COLLATE=utf8_bin;

/*Data for the table `ACT_RU_VARIABLE` */

insert  into `ACT_RU_VARIABLE`(`ID_`,`REV_`,`TYPE_`,`NAME_`,`EXECUTION_ID_`,`PROC_INST_ID_`,`TASK_ID_`,`SCOPE_ID_`,`SUB_SCOPE_ID_`,`SCOPE_TYPE_`,`BYTEARRAY_ID_`,`DOUBLE_`,`LONG_`,`TEXT_`,`TEXT2_`) values 
('057d285d-2fb0-11eb-9226-227918fa15ea',1,'string','initiator','057d014c-2fb0-11eb-9226-227918fa15ea','057d014c-2fb0-11eb-9226-227918fa15ea',NULL,NULL,NULL,NULL,NULL,NULL,NULL,'user',NULL),
('05811fff-2fb0-11eb-9226-227918fa15ea',1,'string','summary','057d014c-2fb0-11eb-9226-227918fa15ea','057d014c-2fb0-11eb-9226-227918fa15ea',NULL,NULL,NULL,NULL,NULL,NULL,NULL,'請假外出',NULL),
('05812000-2fb0-11eb-9226-227918fa15ea',1,'long','empid','057d014c-2fb0-11eb-9226-227918fa15ea','057d014c-2fb0-11eb-9226-227918fa15ea',NULL,NULL,NULL,NULL,NULL,NULL,999,'999',NULL),
('05814711-2fb0-11eb-9226-227918fa15ea',1,'boolean','_FLOWABLE_SKIP_EXPRESSION_ENABLED','057d014c-2fb0-11eb-9226-227918fa15ea','057d014c-2fb0-11eb-9226-227918fa15ea',NULL,NULL,NULL,NULL,NULL,NULL,1,NULL,NULL),
('05814712-2fb0-11eb-9226-227918fa15ea',1,'string','description','057d014c-2fb0-11eb-9226-227918fa15ea','057d014c-2fb0-11eb-9226-227918fa15ea',NULL,NULL,NULL,NULL,NULL,NULL,NULL,'99999999999',NULL),
('05814713-2fb0-11eb-9226-227918fa15ea',1,'boolean','skip','057d014c-2fb0-11eb-9226-227918fa15ea','057d014c-2fb0-11eb-9226-227918fa15ea',NULL,NULL,NULL,NULL,NULL,NULL,1,NULL,NULL),
('0b91e7f7-2fcb-11eb-8fff-227918fa15ea',1,'string','initiator','0b91e7f6-2fcb-11eb-8fff-227918fa15ea','0b91e7f6-2fcb-11eb-8fff-227918fa15ea',NULL,NULL,NULL,NULL,NULL,NULL,NULL,'user',NULL),
('0b91e7f9-2fcb-11eb-8fff-227918fa15ea',1,'string','summary','0b91e7f6-2fcb-11eb-8fff-227918fa15ea','0b91e7f6-2fcb-11eb-8fff-227918fa15ea',NULL,NULL,NULL,NULL,NULL,NULL,NULL,'請假外出',NULL),
('0b91e7fa-2fcb-11eb-8fff-227918fa15ea',1,'long','empid','0b91e7f6-2fcb-11eb-8fff-227918fa15ea','0b91e7f6-2fcb-11eb-8fff-227918fa15ea',NULL,NULL,NULL,NULL,NULL,NULL,9999,'9999',NULL),
('0b91e7fb-2fcb-11eb-8fff-227918fa15ea',1,'boolean','_FLOWABLE_SKIP_EXPRESSION_ENABLED','0b91e7f6-2fcb-11eb-8fff-227918fa15ea','0b91e7f6-2fcb-11eb-8fff-227918fa15ea',NULL,NULL,NULL,NULL,NULL,NULL,1,NULL,NULL),
('0b91e7fc-2fcb-11eb-8fff-227918fa15ea',1,'string','description','0b91e7f6-2fcb-11eb-8fff-227918fa15ea','0b91e7f6-2fcb-11eb-8fff-227918fa15ea',NULL,NULL,NULL,NULL,NULL,NULL,NULL,'99999999999',NULL),
('0b91e7fd-2fcb-11eb-8fff-227918fa15ea',1,'boolean','skip','0b91e7f6-2fcb-11eb-8fff-227918fa15ea','0b91e7f6-2fcb-11eb-8fff-227918fa15ea',NULL,NULL,NULL,NULL,NULL,NULL,1,NULL,NULL),
('126e0a50-2fcb-11eb-8fff-227918fa15ea',1,'string','manager','0b91e7f6-2fcb-11eb-8fff-227918fa15ea','0b91e7f6-2fcb-11eb-8fff-227918fa15ea',NULL,NULL,NULL,NULL,NULL,NULL,NULL,'manager',NULL),
('138e353c-2f83-11eb-bdfc-227918fa15ea',1,'string','initiator','138e353b-2f83-11eb-bdfc-227918fa15ea','138e353b-2f83-11eb-bdfc-227918fa15ea',NULL,NULL,NULL,NULL,NULL,NULL,NULL,'manager',NULL),
('138ed17e-2f83-11eb-bdfc-227918fa15ea',1,'string','summary','138e353b-2f83-11eb-bdfc-227918fa15ea','138e353b-2f83-11eb-bdfc-227918fa15ea',NULL,NULL,NULL,NULL,NULL,NULL,NULL,'su',NULL),
('138ed17f-2f83-11eb-bdfc-227918fa15ea',1,'long','empid','138e353b-2f83-11eb-bdfc-227918fa15ea','138e353b-2f83-11eb-bdfc-227918fa15ea',NULL,NULL,NULL,NULL,NULL,NULL,111111111,'111111111',NULL),
('138ed180-2f83-11eb-bdfc-227918fa15ea',2,'string','description','138e353b-2f83-11eb-bdfc-227918fa15ea','138e353b-2f83-11eb-bdfc-227918fa15ea',NULL,NULL,NULL,NULL,NULL,NULL,NULL,'11111111111111    ',NULL),
('138ed181-2f83-11eb-bdfc-227918fa15ea',1,'string','form_out-factory_outcome','138e353b-2f83-11eb-bdfc-227918fa15ea','138e353b-2f83-11eb-bdfc-227918fa15ea',NULL,NULL,NULL,NULL,NULL,NULL,NULL,'agree',NULL),
('20785a96-2fb0-11eb-9226-227918fa15ea',1,'string','manager','057d014c-2fb0-11eb-9226-227918fa15ea','057d014c-2fb0-11eb-9226-227918fa15ea',NULL,NULL,NULL,NULL,NULL,NULL,NULL,'manager',NULL),
('21ee6e00-2fb2-11eb-9226-227918fa15ea',1,'string','initiator','21ee6dff-2fb2-11eb-9226-227918fa15ea','21ee6dff-2fb2-11eb-9226-227918fa15ea',NULL,NULL,NULL,NULL,NULL,NULL,NULL,'user',NULL),
('21ee6e02-2fb2-11eb-9226-227918fa15ea',1,'string','summary','21ee6dff-2fb2-11eb-9226-227918fa15ea','21ee6dff-2fb2-11eb-9226-227918fa15ea',NULL,NULL,NULL,NULL,NULL,NULL,NULL,'請假外出',NULL),
('21ee6e03-2fb2-11eb-9226-227918fa15ea',1,'long','empid','21ee6dff-2fb2-11eb-9226-227918fa15ea','21ee6dff-2fb2-11eb-9226-227918fa15ea',NULL,NULL,NULL,NULL,NULL,NULL,9999,'9999',NULL),
('21ee6e04-2fb2-11eb-9226-227918fa15ea',1,'boolean','_FLOWABLE_SKIP_EXPRESSION_ENABLED','21ee6dff-2fb2-11eb-9226-227918fa15ea','21ee6dff-2fb2-11eb-9226-227918fa15ea',NULL,NULL,NULL,NULL,NULL,NULL,1,NULL,NULL),
('21ee6e05-2fb2-11eb-9226-227918fa15ea',1,'string','description','21ee6dff-2fb2-11eb-9226-227918fa15ea','21ee6dff-2fb2-11eb-9226-227918fa15ea',NULL,NULL,NULL,NULL,NULL,NULL,NULL,'9999999999999',NULL),
('21ee6e06-2fb2-11eb-9226-227918fa15ea',1,'boolean','skip','21ee6dff-2fb2-11eb-9226-227918fa15ea','21ee6dff-2fb2-11eb-9226-227918fa15ea',NULL,NULL,NULL,NULL,NULL,NULL,1,NULL,NULL),
('26406309-2fb2-11eb-9226-227918fa15ea',1,'string','manager','21ee6dff-2fb2-11eb-9226-227918fa15ea','21ee6dff-2fb2-11eb-9226-227918fa15ea',NULL,NULL,NULL,NULL,NULL,NULL,NULL,'manager',NULL),
('27388292-2fab-11eb-acf0-227918fa15ea',1,'string','initiator','27388291-2fab-11eb-acf0-227918fa15ea','27388291-2fab-11eb-acf0-227918fa15ea',NULL,NULL,NULL,NULL,NULL,NULL,NULL,'user',NULL),
('27391ed4-2fab-11eb-acf0-227918fa15ea',1,'string','summary','27388291-2fab-11eb-acf0-227918fa15ea','27388291-2fab-11eb-acf0-227918fa15ea',NULL,NULL,NULL,NULL,NULL,NULL,NULL,'請假外出',NULL),
('27391ed5-2fab-11eb-acf0-227918fa15ea',1,'long','empid','27388291-2fab-11eb-acf0-227918fa15ea','27388291-2fab-11eb-acf0-227918fa15ea',NULL,NULL,NULL,NULL,NULL,NULL,222222,'222222',NULL),
('27391ed6-2fab-11eb-acf0-227918fa15ea',1,'boolean','_FLOWABLE_SKIP_EXPRESSION_ENABLED','27388291-2fab-11eb-acf0-227918fa15ea','27388291-2fab-11eb-acf0-227918fa15ea',NULL,NULL,NULL,NULL,NULL,NULL,1,NULL,NULL),
('27391ed7-2fab-11eb-acf0-227918fa15ea',1,'string','manager','27388291-2fab-11eb-acf0-227918fa15ea','27388291-2fab-11eb-acf0-227918fa15ea',NULL,NULL,NULL,NULL,NULL,NULL,NULL,'manager',NULL),
('27391ed8-2fab-11eb-acf0-227918fa15ea',1,'string','description','27388291-2fab-11eb-acf0-227918fa15ea','27388291-2fab-11eb-acf0-227918fa15ea',NULL,NULL,NULL,NULL,NULL,NULL,NULL,'22222222',NULL),
('27391ed9-2fab-11eb-acf0-227918fa15ea',1,'boolean','skip','27388291-2fab-11eb-acf0-227918fa15ea','27388291-2fab-11eb-acf0-227918fa15ea',NULL,NULL,NULL,NULL,NULL,NULL,1,NULL,NULL),
('2c2b3943-2f88-11eb-a96f-227918fa15ea',1,'null','_FLOWABLE_SKIP_EXPRESSION_ENABLED','138e353b-2f83-11eb-bdfc-227918fa15ea','138e353b-2f83-11eb-bdfc-227918fa15ea',NULL,NULL,NULL,NULL,NULL,NULL,NULL,NULL,NULL),
('2c2b3944-2f88-11eb-a96f-227918fa15ea',1,'null','manager','138e353b-2f83-11eb-bdfc-227918fa15ea','138e353b-2f83-11eb-bdfc-227918fa15ea',NULL,NULL,NULL,NULL,NULL,NULL,NULL,NULL,NULL),
('2c2daa45-2f88-11eb-a96f-227918fa15ea',1,'boolean','skip','138e353b-2f83-11eb-bdfc-227918fa15ea','138e353b-2f83-11eb-bdfc-227918fa15ea',NULL,NULL,NULL,NULL,NULL,NULL,0,NULL,NULL),
('2fbdb0af-2fc7-11eb-ac51-227918fa15ea',1,'string','initiator','2fbdb0ae-2fc7-11eb-ac51-227918fa15ea','2fbdb0ae-2fc7-11eb-ac51-227918fa15ea',NULL,NULL,NULL,NULL,NULL,NULL,NULL,'user',NULL),
('2fbe4cf1-2fc7-11eb-ac51-227918fa15ea',1,'string','summary','2fbdb0ae-2fc7-11eb-ac51-227918fa15ea','2fbdb0ae-2fc7-11eb-ac51-227918fa15ea',NULL,NULL,NULL,NULL,NULL,NULL,NULL,'MES需求变更',NULL),
('2fbe4cf2-2fc7-11eb-ac51-227918fa15ea',1,'string','assigneelist','2fbdb0ae-2fc7-11eb-ac51-227918fa15ea','2fbdb0ae-2fc7-11eb-ac51-227918fa15ea',NULL,NULL,NULL,NULL,NULL,NULL,NULL,'1:manager\r\n2:manager\r\n3:manager\r\n4:manager\r\n5:manager\r\n6:manager',NULL),
('2fbe4cf3-2fc7-11eb-ac51-227918fa15ea',1,'string','empid','2fbdb0ae-2fc7-11eb-ac51-227918fa15ea','2fbdb0ae-2fc7-11eb-ac51-227918fa15ea',NULL,NULL,NULL,NULL,NULL,NULL,NULL,'9999',NULL),
('2fbe4cf4-2fc7-11eb-ac51-227918fa15ea',1,'boolean','_FLOWABLE_SKIP_EXPRESSION_ENABLED','2fbdb0ae-2fc7-11eb-ac51-227918fa15ea','2fbdb0ae-2fc7-11eb-ac51-227918fa15ea',NULL,NULL,NULL,NULL,NULL,NULL,1,NULL,NULL),
('2fbe4cf5-2fc7-11eb-ac51-227918fa15ea',1,'string','description','2fbdb0ae-2fc7-11eb-ac51-227918fa15ea','2fbdb0ae-2fc7-11eb-ac51-227918fa15ea',NULL,NULL,NULL,NULL,NULL,NULL,NULL,'99999999999999999',NULL),
('2fbe4cf6-2fc7-11eb-ac51-227918fa15ea',1,'boolean','skip','2fbdb0ae-2fc7-11eb-ac51-227918fa15ea','2fbdb0ae-2fc7-11eb-ac51-227918fa15ea',NULL,NULL,NULL,NULL,NULL,NULL,1,NULL,NULL),
('2fbe4cf7-2fc7-11eb-ac51-227918fa15ea',1,'string','assigneeListVar','2fbdb0ae-2fc7-11eb-ac51-227918fa15ea','2fbdb0ae-2fc7-11eb-ac51-227918fa15ea',NULL,NULL,NULL,NULL,NULL,NULL,NULL,'manager;COORDINATOR;DEV TL;PSM;MESM;PM',NULL),
('3b4275c6-2e04-11eb-8e8e-227918fa15ea',1,'string','initiator','3b4275c5-2e04-11eb-8e8e-227918fa15ea','3b4275c5-2e04-11eb-8e8e-227918fa15ea',NULL,NULL,NULL,NULL,NULL,NULL,NULL,'admin',NULL),
('3b431208-2e04-11eb-8e8e-227918fa15ea',1,'string','summary','3b4275c5-2e04-11eb-8e8e-227918fa15ea','3b4275c5-2e04-11eb-8e8e-227918fa15ea',NULL,NULL,NULL,NULL,NULL,NULL,NULL,'23333',NULL),
('3b431209-2e04-11eb-8e8e-227918fa15ea',1,'long','empid','3b4275c5-2e04-11eb-8e8e-227918fa15ea','3b4275c5-2e04-11eb-8e8e-227918fa15ea',NULL,NULL,NULL,NULL,NULL,NULL,322,'322',NULL),
('3b43120a-2e04-11eb-8e8e-227918fa15ea',1,'string','description','3b4275c5-2e04-11eb-8e8e-227918fa15ea','3b4275c5-2e04-11eb-8e8e-227918fa15ea',NULL,NULL,NULL,NULL,NULL,NULL,NULL,'22222232',NULL),
('4ba7f14d-2f87-11eb-a96f-227918fa15ea',1,'null','_FLOWABLE_SKIP_EXPRESSION_ENABLED','90d9dc8e-2f83-11eb-bdfc-227918fa15ea','90d9dc8e-2f83-11eb-bdfc-227918fa15ea',NULL,NULL,NULL,NULL,NULL,NULL,NULL,NULL,NULL),
('4ba88d8e-2f87-11eb-a96f-227918fa15ea',1,'null','manager','90d9dc8e-2f83-11eb-bdfc-227918fa15ea','90d9dc8e-2f83-11eb-bdfc-227918fa15ea',NULL,NULL,NULL,NULL,NULL,NULL,NULL,NULL,NULL),
('4ba9c60f-2f87-11eb-a96f-227918fa15ea',1,'boolean','skip','90d9dc8e-2f83-11eb-bdfc-227918fa15ea','90d9dc8e-2f83-11eb-bdfc-227918fa15ea',NULL,NULL,NULL,NULL,NULL,NULL,0,NULL,NULL),
('4baa6250-2f87-11eb-a96f-227918fa15ea',1,'string','form_out-factory_outcome','90d9dc8e-2f83-11eb-bdfc-227918fa15ea','90d9dc8e-2f83-11eb-bdfc-227918fa15ea',NULL,NULL,NULL,NULL,NULL,NULL,NULL,'agree',NULL),
('4cd3e8c5-2fc9-11eb-813b-227918fa15ea',1,'string','initiator','4cd3e8c4-2fc9-11eb-813b-227918fa15ea','4cd3e8c4-2fc9-11eb-813b-227918fa15ea',NULL,NULL,NULL,NULL,NULL,NULL,NULL,'user',NULL),
('4cd40fd7-2fc9-11eb-813b-227918fa15ea',1,'string','summary','4cd3e8c4-2fc9-11eb-813b-227918fa15ea','4cd3e8c4-2fc9-11eb-813b-227918fa15ea',NULL,NULL,NULL,NULL,NULL,NULL,NULL,'請假外出',NULL),
('4cd40fd8-2fc9-11eb-813b-227918fa15ea',1,'long','empid','4cd3e8c4-2fc9-11eb-813b-227918fa15ea','4cd3e8c4-2fc9-11eb-813b-227918fa15ea',NULL,NULL,NULL,NULL,NULL,NULL,9999,'9999',NULL),
('4cd40fd9-2fc9-11eb-813b-227918fa15ea',1,'boolean','_FLOWABLE_SKIP_EXPRESSION_ENABLED','4cd3e8c4-2fc9-11eb-813b-227918fa15ea','4cd3e8c4-2fc9-11eb-813b-227918fa15ea',NULL,NULL,NULL,NULL,NULL,NULL,1,NULL,NULL),
('4cd40fda-2fc9-11eb-813b-227918fa15ea',1,'string','description','4cd3e8c4-2fc9-11eb-813b-227918fa15ea','4cd3e8c4-2fc9-11eb-813b-227918fa15ea',NULL,NULL,NULL,NULL,NULL,NULL,NULL,'999999999',NULL),
('4cd40fdb-2fc9-11eb-813b-227918fa15ea',1,'boolean','skip','4cd3e8c4-2fc9-11eb-813b-227918fa15ea','4cd3e8c4-2fc9-11eb-813b-227918fa15ea',NULL,NULL,NULL,NULL,NULL,NULL,1,NULL,NULL),
('5007eaae-2fc9-11eb-813b-227918fa15ea',1,'string','manager','4cd3e8c4-2fc9-11eb-813b-227918fa15ea','4cd3e8c4-2fc9-11eb-813b-227918fa15ea',NULL,NULL,NULL,NULL,NULL,NULL,NULL,'manager',NULL),
('74ced0a8-2fbc-11eb-924a-227918fa15ea',1,'string','initiator','74ced0a7-2fbc-11eb-924a-227918fa15ea','74ced0a7-2fbc-11eb-924a-227918fa15ea',NULL,NULL,NULL,NULL,NULL,NULL,NULL,'user',NULL),
('74cf93fa-2fbc-11eb-924a-227918fa15ea',1,'string','summary','74ced0a7-2fbc-11eb-924a-227918fa15ea','74ced0a7-2fbc-11eb-924a-227918fa15ea',NULL,NULL,NULL,NULL,NULL,NULL,NULL,'MES需求变更',NULL),
('74cf93fb-2fbc-11eb-924a-227918fa15ea',1,'string','empid','74ced0a7-2fbc-11eb-924a-227918fa15ea','74ced0a7-2fbc-11eb-924a-227918fa15ea',NULL,NULL,NULL,NULL,NULL,NULL,NULL,'9999',NULL),
('74cf93fc-2fbc-11eb-924a-227918fa15ea',1,'string','description','74ced0a7-2fbc-11eb-924a-227918fa15ea','74ced0a7-2fbc-11eb-924a-227918fa15ea',NULL,NULL,NULL,NULL,NULL,NULL,NULL,'MES需求变更',NULL),
('8b124675-2fc7-11eb-b181-227918fa15ea',1,'string','initiator','8b124674-2fc7-11eb-b181-227918fa15ea','8b124674-2fc7-11eb-b181-227918fa15ea',NULL,NULL,NULL,NULL,NULL,NULL,NULL,'user',NULL),
('8b1309c7-2fc7-11eb-b181-227918fa15ea',1,'string','summary','8b124674-2fc7-11eb-b181-227918fa15ea','8b124674-2fc7-11eb-b181-227918fa15ea',NULL,NULL,NULL,NULL,NULL,NULL,NULL,'MES需求变更',NULL),
('8b1309c8-2fc7-11eb-b181-227918fa15ea',1,'string','assigneelist','8b124674-2fc7-11eb-b181-227918fa15ea','8b124674-2fc7-11eb-b181-227918fa15ea',NULL,NULL,NULL,NULL,NULL,NULL,NULL,'1:manager\r\n2:manager\r\n3:manager\r\n4:manager\r\n5:manager\r\n6:manager',NULL),
('8b1309c9-2fc7-11eb-b181-227918fa15ea',1,'string','empid','8b124674-2fc7-11eb-b181-227918fa15ea','8b124674-2fc7-11eb-b181-227918fa15ea',NULL,NULL,NULL,NULL,NULL,NULL,NULL,'9999',NULL),
('8b1309ca-2fc7-11eb-b181-227918fa15ea',1,'boolean','_FLOWABLE_SKIP_EXPRESSION_ENABLED','8b124674-2fc7-11eb-b181-227918fa15ea','8b124674-2fc7-11eb-b181-227918fa15ea',NULL,NULL,NULL,NULL,NULL,NULL,1,NULL,NULL),
('8b1330db-2fc7-11eb-b181-227918fa15ea',1,'string','description','8b124674-2fc7-11eb-b181-227918fa15ea','8b124674-2fc7-11eb-b181-227918fa15ea',NULL,NULL,NULL,NULL,NULL,NULL,NULL,'999999999999',NULL),
('8b1330dc-2fc7-11eb-b181-227918fa15ea',1,'boolean','skip','8b124674-2fc7-11eb-b181-227918fa15ea','8b124674-2fc7-11eb-b181-227918fa15ea',NULL,NULL,NULL,NULL,NULL,NULL,1,NULL,NULL),
('8b1330dd-2fc7-11eb-b181-227918fa15ea',1,'string','assigneeListVar','8b124674-2fc7-11eb-b181-227918fa15ea','8b124674-2fc7-11eb-b181-227918fa15ea',NULL,NULL,NULL,NULL,NULL,NULL,NULL,'manager;COORDINATOR;DEV TL;PSM;MESM;PM',NULL),
('90d9dc8f-2f83-11eb-bdfc-227918fa15ea',1,'string','initiator','90d9dc8e-2f83-11eb-bdfc-227918fa15ea','90d9dc8e-2f83-11eb-bdfc-227918fa15ea',NULL,NULL,NULL,NULL,NULL,NULL,NULL,'manager',NULL),
('90d9dc91-2f83-11eb-bdfc-227918fa15ea',1,'string','summary','90d9dc8e-2f83-11eb-bdfc-227918fa15ea','90d9dc8e-2f83-11eb-bdfc-227918fa15ea',NULL,NULL,NULL,NULL,NULL,NULL,NULL,'111111111',NULL),
('90d9dc92-2f83-11eb-bdfc-227918fa15ea',1,'long','empid','90d9dc8e-2f83-11eb-bdfc-227918fa15ea','90d9dc8e-2f83-11eb-bdfc-227918fa15ea',NULL,NULL,NULL,NULL,NULL,NULL,111111,'111111',NULL),
('90d9dc93-2f83-11eb-bdfc-227918fa15ea',2,'string','description','90d9dc8e-2f83-11eb-bdfc-227918fa15ea','90d9dc8e-2f83-11eb-bdfc-227918fa15ea',NULL,NULL,NULL,NULL,NULL,NULL,NULL,'1111111111111111111111    ',NULL),
('95bb6f39-2fca-11eb-97fd-227918fa15ea',1,'string','initiator','95bb6f38-2fca-11eb-97fd-227918fa15ea','95bb6f38-2fca-11eb-97fd-227918fa15ea',NULL,NULL,NULL,NULL,NULL,NULL,NULL,'user',NULL),
('95bc599b-2fca-11eb-97fd-227918fa15ea',1,'string','summary','95bb6f38-2fca-11eb-97fd-227918fa15ea','95bb6f38-2fca-11eb-97fd-227918fa15ea',NULL,NULL,NULL,NULL,NULL,NULL,NULL,'MES需求变更',NULL),
('95bc599c-2fca-11eb-97fd-227918fa15ea',1,'string','assigneelist','95bb6f38-2fca-11eb-97fd-227918fa15ea','95bb6f38-2fca-11eb-97fd-227918fa15ea',NULL,NULL,NULL,NULL,NULL,NULL,NULL,'1:manager\r\n2:manager\r\n3:manager\r\n4:manager\r\n5:manager\r\n6:manager',NULL),
('95bc599d-2fca-11eb-97fd-227918fa15ea',1,'string','empid','95bb6f38-2fca-11eb-97fd-227918fa15ea','95bb6f38-2fca-11eb-97fd-227918fa15ea',NULL,NULL,NULL,NULL,NULL,NULL,NULL,'9999',NULL),
('95bc599e-2fca-11eb-97fd-227918fa15ea',1,'boolean','_FLOWABLE_SKIP_EXPRESSION_ENABLED','95bb6f38-2fca-11eb-97fd-227918fa15ea','95bb6f38-2fca-11eb-97fd-227918fa15ea',NULL,NULL,NULL,NULL,NULL,NULL,1,NULL,NULL),
('95bc80af-2fca-11eb-97fd-227918fa15ea',1,'string','description','95bb6f38-2fca-11eb-97fd-227918fa15ea','95bb6f38-2fca-11eb-97fd-227918fa15ea',NULL,NULL,NULL,NULL,NULL,NULL,NULL,'9999999999999',NULL),
('95bc80b0-2fca-11eb-97fd-227918fa15ea',1,'boolean','skip','95bb6f38-2fca-11eb-97fd-227918fa15ea','95bb6f38-2fca-11eb-97fd-227918fa15ea',NULL,NULL,NULL,NULL,NULL,NULL,1,NULL,NULL),
('95bc80b1-2fca-11eb-97fd-227918fa15ea',1,'string','assigneeListVar','95bb6f38-2fca-11eb-97fd-227918fa15ea','95bb6f38-2fca-11eb-97fd-227918fa15ea',NULL,NULL,NULL,NULL,NULL,NULL,NULL,'manager;COORDINATOR;DEV TL;PSM;MESM;PM',NULL),
('a43e38b6-2e04-11eb-b39c-227918fa15ea',1,'string','initiator','a43e38b5-2e04-11eb-b39c-227918fa15ea','a43e38b5-2e04-11eb-b39c-227918fa15ea',NULL,NULL,NULL,NULL,NULL,NULL,NULL,'admin',NULL),
('a43f4a28-2e04-11eb-b39c-227918fa15ea',1,'string','summary','a43e38b5-2e04-11eb-b39c-227918fa15ea','a43e38b5-2e04-11eb-b39c-227918fa15ea',NULL,NULL,NULL,NULL,NULL,NULL,NULL,'test',NULL),
('a43f4a29-2e04-11eb-b39c-227918fa15ea',1,'long','empid','a43e38b5-2e04-11eb-b39c-227918fa15ea','a43e38b5-2e04-11eb-b39c-227918fa15ea',NULL,NULL,NULL,NULL,NULL,NULL,222,'222',NULL),
('a43f4a2a-2e04-11eb-b39c-227918fa15ea',1,'string','description','a43e38b5-2e04-11eb-b39c-227918fa15ea','a43e38b5-2e04-11eb-b39c-227918fa15ea',NULL,NULL,NULL,NULL,NULL,NULL,NULL,'    222222222222222222',NULL),
('cabb3376-2fc9-11eb-8ad3-227918fa15ea',1,'string','initiator','cabb3375-2fc9-11eb-8ad3-227918fa15ea','cabb3375-2fc9-11eb-8ad3-227918fa15ea',NULL,NULL,NULL,NULL,NULL,NULL,NULL,'user',NULL),
('cabbcfb8-2fc9-11eb-8ad3-227918fa15ea',1,'string','summary','cabb3375-2fc9-11eb-8ad3-227918fa15ea','cabb3375-2fc9-11eb-8ad3-227918fa15ea',NULL,NULL,NULL,NULL,NULL,NULL,NULL,'MES需求变更',NULL),
('cabbf6c9-2fc9-11eb-8ad3-227918fa15ea',1,'string','assigneelist','cabb3375-2fc9-11eb-8ad3-227918fa15ea','cabb3375-2fc9-11eb-8ad3-227918fa15ea',NULL,NULL,NULL,NULL,NULL,NULL,NULL,'1:manager\r\n2:manager\r\n3:manager\r\n4:manager\r\n5:manager\r\n6:manager',NULL),
('cabbf6ca-2fc9-11eb-8ad3-227918fa15ea',1,'string','empid','cabb3375-2fc9-11eb-8ad3-227918fa15ea','cabb3375-2fc9-11eb-8ad3-227918fa15ea',NULL,NULL,NULL,NULL,NULL,NULL,NULL,'9999',NULL),
('cabbf6cb-2fc9-11eb-8ad3-227918fa15ea',1,'boolean','_FLOWABLE_SKIP_EXPRESSION_ENABLED','cabb3375-2fc9-11eb-8ad3-227918fa15ea','cabb3375-2fc9-11eb-8ad3-227918fa15ea',NULL,NULL,NULL,NULL,NULL,NULL,1,NULL,NULL),
('cabbf6cc-2fc9-11eb-8ad3-227918fa15ea',1,'string','description','cabb3375-2fc9-11eb-8ad3-227918fa15ea','cabb3375-2fc9-11eb-8ad3-227918fa15ea',NULL,NULL,NULL,NULL,NULL,NULL,NULL,'99999999999999',NULL),
('cabbf6cd-2fc9-11eb-8ad3-227918fa15ea',1,'boolean','skip','cabb3375-2fc9-11eb-8ad3-227918fa15ea','cabb3375-2fc9-11eb-8ad3-227918fa15ea',NULL,NULL,NULL,NULL,NULL,NULL,1,NULL,NULL),
('cabc1dde-2fc9-11eb-8ad3-227918fa15ea',1,'string','assigneeListVar','cabb3375-2fc9-11eb-8ad3-227918fa15ea','cabb3375-2fc9-11eb-8ad3-227918fa15ea',NULL,NULL,NULL,NULL,NULL,NULL,NULL,'manager;COORDINATOR;DEV TL;PSM;MESM;PM',NULL),
('e255b90d-2fca-11eb-8fff-227918fa15ea',1,'string','initiator','e255b90c-2fca-11eb-8fff-227918fa15ea','e255b90c-2fca-11eb-8fff-227918fa15ea',NULL,NULL,NULL,NULL,NULL,NULL,NULL,'user',NULL),
('e259628f-2fca-11eb-8fff-227918fa15ea',1,'string','summary','e255b90c-2fca-11eb-8fff-227918fa15ea','e255b90c-2fca-11eb-8fff-227918fa15ea',NULL,NULL,NULL,NULL,NULL,NULL,NULL,'MES需求变更',NULL),
('e2596290-2fca-11eb-8fff-227918fa15ea',1,'string','assigneelist','e255b90c-2fca-11eb-8fff-227918fa15ea','e255b90c-2fca-11eb-8fff-227918fa15ea',NULL,NULL,NULL,NULL,NULL,NULL,NULL,'1:manager\r\n2:manager\r\n3:manager\r\n4:manager\r\n5:manager\r\n6:manager',NULL),
('e2596291-2fca-11eb-8fff-227918fa15ea',1,'string','empid','e255b90c-2fca-11eb-8fff-227918fa15ea','e255b90c-2fca-11eb-8fff-227918fa15ea',NULL,NULL,NULL,NULL,NULL,NULL,NULL,'9999',NULL),
('e2596292-2fca-11eb-8fff-227918fa15ea',1,'boolean','_FLOWABLE_SKIP_EXPRESSION_ENABLED','e255b90c-2fca-11eb-8fff-227918fa15ea','e255b90c-2fca-11eb-8fff-227918fa15ea',NULL,NULL,NULL,NULL,NULL,NULL,1,NULL,NULL),
('e2596293-2fca-11eb-8fff-227918fa15ea',1,'string','description','e255b90c-2fca-11eb-8fff-227918fa15ea','e255b90c-2fca-11eb-8fff-227918fa15ea',NULL,NULL,NULL,NULL,NULL,NULL,NULL,'9999999999999',NULL),
('e259d7c4-2fca-11eb-8fff-227918fa15ea',1,'boolean','skip','e255b90c-2fca-11eb-8fff-227918fa15ea','e255b90c-2fca-11eb-8fff-227918fa15ea',NULL,NULL,NULL,NULL,NULL,NULL,1,NULL,NULL),
('e259d7c5-2fca-11eb-8fff-227918fa15ea',1,'string','assigneeListVar','e255b90c-2fca-11eb-8fff-227918fa15ea','e255b90c-2fca-11eb-8fff-227918fa15ea',NULL,NULL,NULL,NULL,NULL,NULL,NULL,'manager;COORDINATOR;DEV TL;PSM;MESM;PM',NULL),
('e8eb5915-2fc6-11eb-8a65-227918fa15ea',1,'string','initiator','e8eb3204-2fc6-11eb-8a65-227918fa15ea','e8eb3204-2fc6-11eb-8a65-227918fa15ea',NULL,NULL,NULL,NULL,NULL,NULL,NULL,'user',NULL),
('e8ebce47-2fc6-11eb-8a65-227918fa15ea',1,'string','summary','e8eb3204-2fc6-11eb-8a65-227918fa15ea','e8eb3204-2fc6-11eb-8a65-227918fa15ea',NULL,NULL,NULL,NULL,NULL,NULL,NULL,'MES需求变更',NULL),
('e8ebf558-2fc6-11eb-8a65-227918fa15ea',1,'string','assigneelist','e8eb3204-2fc6-11eb-8a65-227918fa15ea','e8eb3204-2fc6-11eb-8a65-227918fa15ea',NULL,NULL,NULL,NULL,NULL,NULL,NULL,'1:manager\r\n2:manager\r\n3:manager\r\n4:manager\r\n5:manager\r\n6:manager\r\n',NULL),
('e8ebf559-2fc6-11eb-8a65-227918fa15ea',1,'string','empid','e8eb3204-2fc6-11eb-8a65-227918fa15ea','e8eb3204-2fc6-11eb-8a65-227918fa15ea',NULL,NULL,NULL,NULL,NULL,NULL,NULL,'9999',NULL),
('e8ebf55a-2fc6-11eb-8a65-227918fa15ea',1,'boolean','_FLOWABLE_SKIP_EXPRESSION_ENABLED','e8eb3204-2fc6-11eb-8a65-227918fa15ea','e8eb3204-2fc6-11eb-8a65-227918fa15ea',NULL,NULL,NULL,NULL,NULL,NULL,1,NULL,NULL),
('e8ebf55b-2fc6-11eb-8a65-227918fa15ea',1,'string','description','e8eb3204-2fc6-11eb-8a65-227918fa15ea','e8eb3204-2fc6-11eb-8a65-227918fa15ea',NULL,NULL,NULL,NULL,NULL,NULL,NULL,'4444444444444',NULL),
('e8ebf55c-2fc6-11eb-8a65-227918fa15ea',1,'boolean','skip','e8eb3204-2fc6-11eb-8a65-227918fa15ea','e8eb3204-2fc6-11eb-8a65-227918fa15ea',NULL,NULL,NULL,NULL,NULL,NULL,1,NULL,NULL),
('e8ebf55d-2fc6-11eb-8a65-227918fa15ea',1,'string','assigneeListVar','e8eb3204-2fc6-11eb-8a65-227918fa15ea','e8eb3204-2fc6-11eb-8a65-227918fa15ea',NULL,NULL,NULL,NULL,NULL,NULL,NULL,'manager;COORDINATOR;DEV TL;PSM;MESM;PM',NULL),
('ea535955-2fbc-11eb-924a-227918fa15ea',1,'string','initiator','ea533244-2fbc-11eb-924a-227918fa15ea','ea533244-2fbc-11eb-924a-227918fa15ea',NULL,NULL,NULL,NULL,NULL,NULL,NULL,'user',NULL),
('ea538067-2fbc-11eb-924a-227918fa15ea',1,'string','summary','ea533244-2fbc-11eb-924a-227918fa15ea','ea533244-2fbc-11eb-924a-227918fa15ea',NULL,NULL,NULL,NULL,NULL,NULL,NULL,'請假外出',NULL),
('ea53a778-2fbc-11eb-924a-227918fa15ea',1,'string','empid','ea533244-2fbc-11eb-924a-227918fa15ea','ea533244-2fbc-11eb-924a-227918fa15ea',NULL,NULL,NULL,NULL,NULL,NULL,NULL,'9999',NULL),
('ea53ce89-2fbc-11eb-924a-227918fa15ea',1,'string','description','ea533244-2fbc-11eb-924a-227918fa15ea','ea533244-2fbc-11eb-924a-227918fa15ea',NULL,NULL,NULL,NULL,NULL,NULL,NULL,'21312312',NULL),
('ed202c98-2fca-11eb-8fff-227918fa15ea',1,'string','manager','e255b90c-2fca-11eb-8fff-227918fa15ea','e255b90c-2fca-11eb-8fff-227918fa15ea',NULL,NULL,NULL,NULL,NULL,NULL,NULL,'manager',NULL),
('ed2869f9-2fca-11eb-8fff-227918fa15ea',1,'string','PSM','e255b90c-2fca-11eb-8fff-227918fa15ea','e255b90c-2fca-11eb-8fff-227918fa15ea',NULL,NULL,NULL,NULL,NULL,NULL,NULL,'manager',NULL),
('ed2ef9aa-2fca-11eb-8fff-227918fa15ea',1,'string','COORDINATOR','e255b90c-2fca-11eb-8fff-227918fa15ea','e255b90c-2fca-11eb-8fff-227918fa15ea',NULL,NULL,NULL,NULL,NULL,NULL,NULL,'manager',NULL),
('ed32a32b-2fca-11eb-8fff-227918fa15ea',1,'string','MESM','e255b90c-2fca-11eb-8fff-227918fa15ea','e255b90c-2fca-11eb-8fff-227918fa15ea',NULL,NULL,NULL,NULL,NULL,NULL,NULL,'manager',NULL),
('ed3932dc-2fca-11eb-8fff-227918fa15ea',1,'string','PM','e255b90c-2fca-11eb-8fff-227918fa15ea','e255b90c-2fca-11eb-8fff-227918fa15ea',NULL,NULL,NULL,NULL,NULL,NULL,NULL,'manager',NULL),
('ed3b7ccd-2fca-11eb-8fff-227918fa15ea',1,'string','DEV TL','e255b90c-2fca-11eb-8fff-227918fa15ea','e255b90c-2fca-11eb-8fff-227918fa15ea',NULL,NULL,NULL,NULL,NULL,NULL,NULL,'manager',NULL),
('f25f869b-2e06-11eb-bbd8-227918fa15ea',1,'string','initiator','f25f869a-2e06-11eb-bbd8-227918fa15ea','f25f869a-2e06-11eb-bbd8-227918fa15ea',NULL,NULL,NULL,NULL,NULL,NULL,NULL,'admin',NULL),
('f260980d-2e06-11eb-bbd8-227918fa15ea',1,'string','summary','f25f869a-2e06-11eb-bbd8-227918fa15ea','f25f869a-2e06-11eb-bbd8-227918fa15ea',NULL,NULL,NULL,NULL,NULL,NULL,NULL,'summary',NULL),
('f260bf1e-2e06-11eb-bbd8-227918fa15ea',1,'long','empid','f25f869a-2e06-11eb-bbd8-227918fa15ea','f25f869a-2e06-11eb-bbd8-227918fa15ea',NULL,NULL,NULL,NULL,NULL,NULL,2222,'2222',NULL),
('f260bf1f-2e06-11eb-bbd8-227918fa15ea',1,'string','description','f25f869a-2e06-11eb-bbd8-227918fa15ea','f25f869a-2e06-11eb-bbd8-227918fa15ea',NULL,NULL,NULL,NULL,NULL,NULL,NULL,'    22222222222222222222',NULL),
('f7a9d891-2fc8-11eb-813b-227918fa15ea',1,'string','initiator','f7a9b180-2fc8-11eb-813b-227918fa15ea','f7a9b180-2fc8-11eb-813b-227918fa15ea',NULL,NULL,NULL,NULL,NULL,NULL,NULL,'user',NULL),
('f7aa74d3-2fc8-11eb-813b-227918fa15ea',1,'string','summary','f7a9b180-2fc8-11eb-813b-227918fa15ea','f7a9b180-2fc8-11eb-813b-227918fa15ea',NULL,NULL,NULL,NULL,NULL,NULL,NULL,'MES需求变更',NULL),
('f7aa74d4-2fc8-11eb-813b-227918fa15ea',1,'string','assigneelist','f7a9b180-2fc8-11eb-813b-227918fa15ea','f7a9b180-2fc8-11eb-813b-227918fa15ea',NULL,NULL,NULL,NULL,NULL,NULL,NULL,'1:manager\r\n2:manager\r\n3:manager\r\n4:manager\r\n5:manager\r\n6:manager',NULL),
('f7aa74d5-2fc8-11eb-813b-227918fa15ea',1,'string','empid','f7a9b180-2fc8-11eb-813b-227918fa15ea','f7a9b180-2fc8-11eb-813b-227918fa15ea',NULL,NULL,NULL,NULL,NULL,NULL,NULL,'9999',NULL),
('f7aa74d6-2fc8-11eb-813b-227918fa15ea',1,'boolean','_FLOWABLE_SKIP_EXPRESSION_ENABLED','f7a9b180-2fc8-11eb-813b-227918fa15ea','f7a9b180-2fc8-11eb-813b-227918fa15ea',NULL,NULL,NULL,NULL,NULL,NULL,1,NULL,NULL),
('f7aa74d7-2fc8-11eb-813b-227918fa15ea',1,'string','description','f7a9b180-2fc8-11eb-813b-227918fa15ea','f7a9b180-2fc8-11eb-813b-227918fa15ea',NULL,NULL,NULL,NULL,NULL,NULL,NULL,'999999999',NULL),
('f7aa74d8-2fc8-11eb-813b-227918fa15ea',1,'boolean','skip','f7a9b180-2fc8-11eb-813b-227918fa15ea','f7a9b180-2fc8-11eb-813b-227918fa15ea',NULL,NULL,NULL,NULL,NULL,NULL,1,NULL,NULL),
('f7aa74d9-2fc8-11eb-813b-227918fa15ea',1,'string','assigneeListVar','f7a9b180-2fc8-11eb-813b-227918fa15ea','f7a9b180-2fc8-11eb-813b-227918fa15ea',NULL,NULL,NULL,NULL,NULL,NULL,NULL,'manager;COORDINATOR;DEV TL;PSM;MESM;PM',NULL);

/*Table structure for table `FLW_CHANNEL_DEFINITION` */

DROP TABLE IF EXISTS `FLW_CHANNEL_DEFINITION`;

CREATE TABLE `FLW_CHANNEL_DEFINITION` (
  `ID_` varchar(255) NOT NULL,
  `NAME_` varchar(255) DEFAULT NULL,
  `VERSION_` int DEFAULT NULL,
  `KEY_` varchar(255) DEFAULT NULL,
  `CATEGORY_` varchar(255) DEFAULT NULL,
  `DEPLOYMENT_ID_` varchar(255) DEFAULT NULL,
  `CREATE_TIME_` datetime(3) DEFAULT NULL,
  `TENANT_ID_` varchar(255) DEFAULT NULL,
  `RESOURCE_NAME_` varchar(255) DEFAULT NULL,
  `DESCRIPTION_` varchar(255) DEFAULT NULL,
  PRIMARY KEY (`ID_`),
  UNIQUE KEY `ACT_IDX_CHANNEL_DEF_UNIQ` (`KEY_`,`VERSION_`,`TENANT_ID_`)
) ENGINE=InnoDB DEFAULT CHARSET=utf8mb4 COLLATE=utf8mb4_0900_ai_ci;

/*Data for the table `FLW_CHANNEL_DEFINITION` */

/*Table structure for table `FLW_EVENT_DEFINITION` */

DROP TABLE IF EXISTS `FLW_EVENT_DEFINITION`;

CREATE TABLE `FLW_EVENT_DEFINITION` (
  `ID_` varchar(255) NOT NULL,
  `NAME_` varchar(255) DEFAULT NULL,
  `VERSION_` int DEFAULT NULL,
  `KEY_` varchar(255) DEFAULT NULL,
  `CATEGORY_` varchar(255) DEFAULT NULL,
  `DEPLOYMENT_ID_` varchar(255) DEFAULT NULL,
  `TENANT_ID_` varchar(255) DEFAULT NULL,
  `RESOURCE_NAME_` varchar(255) DEFAULT NULL,
  `DESCRIPTION_` varchar(255) DEFAULT NULL,
  PRIMARY KEY (`ID_`),
  UNIQUE KEY `ACT_IDX_EVENT_DEF_UNIQ` (`KEY_`,`VERSION_`,`TENANT_ID_`)
) ENGINE=InnoDB DEFAULT CHARSET=utf8mb4 COLLATE=utf8mb4_0900_ai_ci;

/*Data for the table `FLW_EVENT_DEFINITION` */

/*Table structure for table `FLW_EVENT_DEPLOYMENT` */

DROP TABLE IF EXISTS `FLW_EVENT_DEPLOYMENT`;

CREATE TABLE `FLW_EVENT_DEPLOYMENT` (
  `ID_` varchar(255) NOT NULL,
  `NAME_` varchar(255) DEFAULT NULL,
  `CATEGORY_` varchar(255) DEFAULT NULL,
  `DEPLOY_TIME_` datetime(3) DEFAULT NULL,
  `TENANT_ID_` varchar(255) DEFAULT NULL,
  `PARENT_DEPLOYMENT_ID_` varchar(255) DEFAULT NULL,
  PRIMARY KEY (`ID_`)
) ENGINE=InnoDB DEFAULT CHARSET=utf8mb4 COLLATE=utf8mb4_0900_ai_ci;

/*Data for the table `FLW_EVENT_DEPLOYMENT` */

/*Table structure for table `FLW_EVENT_RESOURCE` */

DROP TABLE IF EXISTS `FLW_EVENT_RESOURCE`;

CREATE TABLE `FLW_EVENT_RESOURCE` (
  `ID_` varchar(255) NOT NULL,
  `NAME_` varchar(255) DEFAULT NULL,
  `DEPLOYMENT_ID_` varchar(255) DEFAULT NULL,
  `RESOURCE_BYTES_` longblob,
  PRIMARY KEY (`ID_`)
) ENGINE=InnoDB DEFAULT CHARSET=utf8mb4 COLLATE=utf8mb4_0900_ai_ci;

/*Data for the table `FLW_EVENT_RESOURCE` */

/*Table structure for table `FLW_EV_DATABASECHANGELOG` */

DROP TABLE IF EXISTS `FLW_EV_DATABASECHANGELOG`;

CREATE TABLE `FLW_EV_DATABASECHANGELOG` (
  `ID` varchar(255) NOT NULL,
  `AUTHOR` varchar(255) NOT NULL,
  `FILENAME` varchar(255) NOT NULL,
  `DATEEXECUTED` datetime NOT NULL,
  `ORDEREXECUTED` int NOT NULL,
  `EXECTYPE` varchar(10) NOT NULL,
  `MD5SUM` varchar(35) DEFAULT NULL,
  `DESCRIPTION` varchar(255) DEFAULT NULL,
  `COMMENTS` varchar(255) DEFAULT NULL,
  `TAG` varchar(255) DEFAULT NULL,
  `LIQUIBASE` varchar(20) DEFAULT NULL,
  `CONTEXTS` varchar(255) DEFAULT NULL,
  `LABELS` varchar(255) DEFAULT NULL,
  `DEPLOYMENT_ID` varchar(10) DEFAULT NULL
) ENGINE=InnoDB DEFAULT CHARSET=utf8mb4 COLLATE=utf8mb4_0900_ai_ci;

/*Data for the table `FLW_EV_DATABASECHANGELOG` */

insert  into `FLW_EV_DATABASECHANGELOG`(`ID`,`AUTHOR`,`FILENAME`,`DATEEXECUTED`,`ORDEREXECUTED`,`EXECTYPE`,`MD5SUM`,`DESCRIPTION`,`COMMENTS`,`TAG`,`LIQUIBASE`,`CONTEXTS`,`LABELS`,`DEPLOYMENT_ID`) values 
('1','flowable','org/flowable/eventregistry/db/liquibase/flowable-eventregistry-db-changelog.xml','2020-11-20 09:29:30',1,'EXECUTED','8:1b0c48c9cf7945be799d868a2626d687','createTable tableName=FLW_EVENT_DEPLOYMENT; createTable tableName=FLW_EVENT_RESOURCE; createTable tableName=FLW_EVENT_DEFINITION; createIndex indexName=ACT_IDX_EVENT_DEF_UNIQ, tableName=FLW_EVENT_DEFINITION; createTable tableName=FLW_CHANNEL_DEFIN...','',NULL,'3.10.3',NULL,NULL,'5835772068');

/*Table structure for table `FLW_EV_DATABASECHANGELOGLOCK` */

DROP TABLE IF EXISTS `FLW_EV_DATABASECHANGELOGLOCK`;

CREATE TABLE `FLW_EV_DATABASECHANGELOGLOCK` (
  `ID` int NOT NULL,
  `LOCKED` bit(1) NOT NULL,
  `LOCKGRANTED` datetime DEFAULT NULL,
  `LOCKEDBY` varchar(255) DEFAULT NULL,
  PRIMARY KEY (`ID`)
) ENGINE=InnoDB DEFAULT CHARSET=utf8mb4 COLLATE=utf8mb4_0900_ai_ci;

/*Data for the table `FLW_EV_DATABASECHANGELOGLOCK` */

insert  into `FLW_EV_DATABASECHANGELOGLOCK`(`ID`,`LOCKED`,`LOCKGRANTED`,`LOCKEDBY`) values 
(1,'\0',NULL,NULL);

/*Table structure for table `FLW_RU_BATCH` */

DROP TABLE IF EXISTS `FLW_RU_BATCH`;

CREATE TABLE `FLW_RU_BATCH` (
  `ID_` varchar(64) COLLATE utf8_bin NOT NULL,
  `REV_` int DEFAULT NULL,
  `TYPE_` varchar(64) COLLATE utf8_bin NOT NULL,
  `SEARCH_KEY_` varchar(255) COLLATE utf8_bin DEFAULT NULL,
  `SEARCH_KEY2_` varchar(255) COLLATE utf8_bin DEFAULT NULL,
  `CREATE_TIME_` datetime(3) NOT NULL,
  `COMPLETE_TIME_` datetime(3) DEFAULT NULL,
  `STATUS_` varchar(255) COLLATE utf8_bin DEFAULT NULL,
  `BATCH_DOC_ID_` varchar(64) COLLATE utf8_bin DEFAULT NULL,
  `TENANT_ID_` varchar(255) COLLATE utf8_bin DEFAULT '',
  PRIMARY KEY (`ID_`)
) ENGINE=InnoDB DEFAULT CHARSET=utf8 COLLATE=utf8_bin;

/*Data for the table `FLW_RU_BATCH` */

/*Table structure for table `FLW_RU_BATCH_PART` */

DROP TABLE IF EXISTS `FLW_RU_BATCH_PART`;

CREATE TABLE `FLW_RU_BATCH_PART` (
  `ID_` varchar(64) COLLATE utf8_bin NOT NULL,
  `REV_` int DEFAULT NULL,
  `BATCH_ID_` varchar(64) COLLATE utf8_bin DEFAULT NULL,
  `TYPE_` varchar(64) COLLATE utf8_bin NOT NULL,
  `SCOPE_ID_` varchar(64) COLLATE utf8_bin DEFAULT NULL,
  `SUB_SCOPE_ID_` varchar(64) COLLATE utf8_bin DEFAULT NULL,
  `SCOPE_TYPE_` varchar(64) COLLATE utf8_bin DEFAULT NULL,
  `SEARCH_KEY_` varchar(255) COLLATE utf8_bin DEFAULT NULL,
  `SEARCH_KEY2_` varchar(255) COLLATE utf8_bin DEFAULT NULL,
  `CREATE_TIME_` datetime(3) NOT NULL,
  `COMPLETE_TIME_` datetime(3) DEFAULT NULL,
  `STATUS_` varchar(255) COLLATE utf8_bin DEFAULT NULL,
  `RESULT_DOC_ID_` varchar(64) COLLATE utf8_bin DEFAULT NULL,
  `TENANT_ID_` varchar(255) COLLATE utf8_bin DEFAULT '',
  PRIMARY KEY (`ID_`),
  KEY `FLW_IDX_BATCH_PART` (`BATCH_ID_`),
  CONSTRAINT `FLW_FK_BATCH_PART_PARENT` FOREIGN KEY (`BATCH_ID_`) REFERENCES `FLW_RU_BATCH` (`ID_`)
) ENGINE=InnoDB DEFAULT CHARSET=utf8 COLLATE=utf8_bin;

/*Data for the table `FLW_RU_BATCH_PART` */

/*!40101 SET SQL_MODE=@OLD_SQL_MODE */;
/*!40014 SET FOREIGN_KEY_CHECKS=@OLD_FOREIGN_KEY_CHECKS */;
/*!40014 SET UNIQUE_CHECKS=@OLD_UNIQUE_CHECKS */;
/*!40111 SET SQL_NOTES=@OLD_SQL_NOTES */;
